conversation_id,speaker_id,start_time,end_time,text,outcome
100,1,0.0,18.22,Hello Hello,sale
100,0,18.22,36.44,Hi how are you,sale
100,1,36.44,54.66,Good how are you,sale
100,0,54.66,72.88,Not bad you're in New Haven,sale
100,1,72.88,91.1,Um No I'm actually off campus at the,sale
100,0,91.1,109.32,moment Mhm Yeah I just thought you did actually,sale
100,1,109.32,127.54,Oh just Mhm All right,sale
100,0,127.54,145.76,Well so you wanna do I need to start us off or do you want to start us,sale
100,1,145.76,163.98,off I think you should come in with the initial offer,sale
100,0,163.98,182.2,"Sure I'll start at 200,500",sale
100,1,182.2,200.42,"All right I'm gonna have to say no to that Mhm I'm asking for 2 40,000 for the house Um I think that's a fair price Given the given the accommodations it's a four bedroom place with a recreation room 2.5 bathrooms Low level style Um It's one of the one of the nicer homes in the neighborhood I think That to 40,000 is an appropriate amount to be asking for a house like",sale
100,0,200.42,218.64,this Yeah I really like the house but I'm just thinking about some of the other houses and um when I visited them I really enjoyed it as well And um even though yours I think is slightly bigger than um and one of them I just can't justify buying your house for for that much So mm me I think I would be willing to go two Well is there is there a price within the 220s that would be good for you,sale
100,1,218.64,236.86,Um I think that's closer to what I'm looking for,sale
100,0,236.86,255.08,Um,sale
100,1,255.08,273.3,"um So what what is your Why should you only pay to 20,000 for this house",sale
100,0,273.3,291.52,Well I'm willing to say it let me just feeling fully transparent I think like um this is a lovely house Um I want to make sure you get the best deal for it When I'm looking at some of the other houses I see that per square foot it's coming about to like um 120 $24 per square foot And so for me you know again like you have a lovely house and I think 129 is the best I can do and I just want to be fully transparent Um I'm not trying to like familiar or anything but 1 29 is what I'm comfortable paying It's around the same price per square foot as the other homes Um And that's probably the highest I can go It is the highest I can go actually,sale
100,1,291.52,309.74,Yeah I understand Um I do I do see what you're saying um in terms of the price per square foot in um in other homes in the in the neighborhood and I agree that um somewhere around 1 29 is is appropriate Um,sale
100,0,309.74,327.96,29 is my final offer I couldn't go any higher than that 2 to 3 to 29 91 29 to 29 Yeah,sale
100,1,327.96,346.18,I think the the accommodations though I mean the home is newly decorated and has not one but two fireplaces finished hardwood floors I mean it's it's it's great like A detached garage 2.5 car garage I think I understand that you said to 29 is your final offer but I would be willing to go to 2:30 PM,sale
100,0,346.18,364.4,I can't do that To 29 is going to be my absolute top You know you have a great home But I mean the 2 13 houses really appealing to me as well And it's like it's close to the school it's also close to the park um In 229 is just my personal limit and I'm just not comfortable going anything above that Mhm,sale
100,1,364.4,382.62,Mhm I think if you're also considering the 2 13 house with 17 15 square feet um the price per square foot on that house is um sorry is 124.37 which um is actually the lowest price per square foot for any of the similar houses on the market in the area And if we if we take that low end and multiplied by the square footage of the house that we are considering today it comes out to 2 29 5 92 I would be willing to go to 2:29 500 I think that's that's going to be my final offer,sale
100,0,382.62,400.84,So anything else we can negotiate I really think I just can't pay anything about 10-29 I'm thinking Mhm With the paper the house on Sure Is there anything not related to the austin price that That I could get to you because I can't come up above the 2:29,sale
100,1,400.84,419.06,Yeah I'm sorry Could you repeat that You just cut out a little,sale
100,0,419.06,437.28,bit um,sale
100,1,437.28,455.5,Yeah go,sale
100,0,455.5,473.72,ahead I'm longer I don't want to get all the cash and you are relocation fees as well as your next house But from the house I am only I'm only able to pay to 29 Yeah,sale
100,1,473.72,491.94,Okay I'll take 2:29,sale
101,0,0.0,14.686,Okay I recorded too,no sale
101,1,14.686,29.371,Okay great,no sale
101,0,29.371,44.057,Um So does the buyer start this time also hold on,no sale
101,1,44.057,58.743,Ah Yeah I don't know I think the seller starts Um So I think I can um get this started here Uh So my offer for this lovely home with a convenient location and lovely amenities um is 240,no sale
101,0,58.743,73.428,2 20,no sale
101,1,73.428,88.114,Okay let's see what we can do here Um Well as you know this is a very nicely located home with a very spacious layout 1846 sq ft Many bedrooms as well as a recreation room You can use that for a family You can turn that into um you know uh a lounge of some form movie theater even uh and 2.5 bathrooms Um We are looking at a nice um somewhat vintage type of home built in 1947 So it has a lot of history and character to it um that uh perhaps a younger home may not have Um And as you know this is a great neighborhood within walking distance of plenty of uh restaurants easy transportation to get to work Um And enviably note located near the Hastings and centennial Park's,no sale
101,0,88.114,102.8,um For my market research I'm seeing homes for 1875 sq ft that are selling for 233,no sale
101,1,102.8,117.485,Yes but do you have further detail,no sale
101,0,117.485,132.171,on those homes Yeah These are similar homes in the neighborhood um with similar configurations,no sale
101,1,132.171,146.857,Yeah You have the specifics on those homes,no sale
101,0,146.857,161.542,I don't have specifics but they are close enough that I can decide to buy somewhere else for a larger for a larger square footage,no sale
101,1,161.542,176.228,I see,no sale
101,0,176.228,190.913,these are comparable homes,no sale
101,1,190.913,205.599,but without knowing the specifics it is a bit hard to tell if they're missing certain features that would bring up the value of the home such as my home Sorry could you say that again,no sale
101,0,205.599,220.285,to 25 Mhm 2 to 5,no sale
101,1,220.285,234.97,Oh I'm afraid That's not quite what I think the value of this home would be Well,no sale
101,0,234.97,249.656,this home has been on the market for a long time and I'm pretty sure you want to get rid of it,no sale
101,1,249.656,264.342,Oh but I don't want to get rid of this lovely home at giveaway price It's a giveaway,no sale
101,0,264.342,279.027,prices very competitive for a market we're in right now,no sale
101,1,279.027,293.713,I'm not certain that it is giving a,no sale
101,0,293.713,308.399,parent downturns in the current market situations,no sale
101,1,308.399,323.084,but at a price like that it would just make more economic sense to me to hold on to the house um and find a seller who would um better appreciate its value Mhm Mhm Oh I don't know I think I think the house is worth at least 2 30 2,no sale
101,0,323.084,337.77,2.3 No I'm sticking up to 25,no sale
101,1,337.77,352.456,"Okay well I think as you said if so the house you mentioned um of 18 75 square feet is 2 33 600 And this home is only What I would say 30 square feet less So I don't think 30 fewer square feet translates to a whole What is that $8,000 difference",no sale
101,0,352.456,367.141,Square feet can be expensive Mm,no sale
101,1,367.141,381.827,"But I don't think I I agree on that but I don't think 30 translates to $8,000 less",no sale
101,0,381.827,396.513,one moment Like see some computations So according to my computations I think I'm keen to do to 28,no sale
101,1,396.513,411.198,2 28 I appreciate your coming up on that and I will take that into consideration uh throughout the rest of our negotiations Um May I ask why you're interested in um this home and this area,no sale
101,0,411.198,425.884,Okay Why I'm interested Um Yeah well I think it's an optimal area in Center Hill Um Yeah it has a number of bedrooms that I need,no sale
101,1,425.884,440.57,Um,no sale
101,0,440.57,455.255,I think would be a great single family home for guests for people of kids for couples for people to grow in There's fireplaces,no sale
101,1,455.255,469.941,Yes People do love the fireplaces,no sale
101,0,469.941,484.627,appliances and eating kitchen,no sale
101,1,484.627,499.312,Yes The appliances are very convenient not having to go through all the additional costs of buying further appliances and dealing with those installations,no sale
101,0,499.312,513.998,So I still stick of 2:28,no sale
101,1,513.998,528.683,Yeah I see Well I think given the amenities you've listed and your desire to purchase the home with such characteristics I think perhaps the price could better reflect that desire,no sale
101,0,528.683,543.369,Please also know we're in a pandemic and I'm trying to save money too,no sale
101,1,543.369,558.055,Certainly Absolutely I do understand Um But I don't think,no sale
101,0,558.055,572.74,there are many other home buyers during this time and I'm sure you can use the money as quickly as you can get it to If we come to a negotiation please note this is being paid in all cash,no sale
101,1,572.74,587.426,Oh I see Well I was you know going to offer you um perhaps uh financing in case you know as you said during the pandemic in case that would be an issue for you know for your economic situation I can certainly be flexible with payment installations over time But um now that you mentioned you have flexibility to pay in all cash I'm led to believe that you can move up a bit on price if you are in a financial position to pay upfront in cash I do have a budget Um So let me um you know review the home again and see if we can come to a more mutually agreeable outcome,no sale
101,0,587.426,602.112,So the final price I'm willing to go up to is 2:30 PM,no sale
101,1,602.112,616.797,Oh I see Mhm I do appreciate your coming up Um And I think that is a uh that is a much appreciated offer from where we began this process,no sale
101,0,616.797,631.483,Yeah Are you going to take the 2:30,no sale
101,1,631.483,646.169,Um Give me 1 2nd here too Um Review the options as you know this home is very near and dear to my heart having lived here all my life Yeah Yeah Oh,no sale
101,0,646.169,660.854,all right wait sorry I didn't hear did you say something,no sale
101,1,660.854,675.54,Oh no no Um I uh after much consideration um I believe that we can reached that agreement Um at 2:30,no sale
104,0,0.0,13.68,Hello,sale
104,1,13.68,27.36,Hi Yes,sale
104,0,27.36,41.04,how's it going,sale
104,1,41.04,54.72,Good how are you,sale
104,0,54.72,68.4,Pretty good So uh so you have a house for sale,sale
104,1,68.4,82.08,"Yeah so we have a house that's like really good It's in the nice neighborhood and just plenty amenities available including like about four bedrooms recreation room master bedroom fireplaces The outside amenities also have include like a brick fixture So I would like to ask for a price of at least 240,000 Which is a good price for this size square footage",sale
104,0,82.08,95.76,Right But yeah I was actually looking at other listings in the neighborhood and uh your property is a more expensive Uh and also it was built in 1947 Is that correct,sale
104,1,95.76,109.44,Yes,sale
104,0,109.44,123.12,So that's not that's not really a new was really looking for kind of a newer home So if you could but it's the location is good If you could come down on that price that would be maybe we could make a deal,sale
104,1,123.12,136.8,So what kind of price range are you looking for,sale
104,0,136.8,150.48,Uh Mhm Let's say uh like 2 25 somewhere in that range uh well we're not that far apart to 40 Well,sale
104,1,150.48,164.16,well I'll have to say that adults built a little earlier The square feet is approximately the same as neighbor homes with similar characteristics Like another home of 1920 sq ft Also asked for around 2:39 600 And So I think we should I could give you maybe five or 1000 off But,sale
104,0,164.16,177.84,Yeah Yeah that's not really Yeah I mean I understand what you're saying with the square footage but you know an older home is going to require uh like more maintenance and you know probably things will need to be replaced and you know and that's the costs You know that costs too So I'm just thinking about the upkeep is going to be more,sale
104,1,177.84,191.52,"And I offer you so to 35,000 is too much for you",sale
104,0,191.52,205.2,Uh I could I could do let's say uh two thirties Perhaps,sale
104,1,205.2,218.88,I'll have to say maybe like 232 just because the square footage for a house of 18 75 is already 2 33 And this one also has 18 46 square footage so it's only off by like 30 square feet And you have to keep in mind that this also comes with like restaurants and transportation's within walking distance and a garage as well,sale
104,0,218.88,232.56,Yeah I just concerned you know with a 70 year old house you know that's I mean like 2 30 is really you know and then probably I'm going to have to spend you know another tend to do some kind of upgrades to kind of get it up to kind of modern standards So you know like like 2 30 Anything about 2 30 is really pushing it for me But I could I could do through 30,sale
104,1,232.56,246.24,Okay I'll accept your offer to dirty again,sale
105,0,0.0,33.68,Hey can you hear me,no sale
105,1,33.68,67.36,Hi Yeah I'm just trying to figure out how to um do you save the recording after two done Where is there a button Once it starts,no sale
105,0,67.36,101.04,it looks like it's already recording,no sale
105,1,101.04,134.72,Okay,no sale
105,0,134.72,168.4,All right Yeah I just hit record as well,no sale
105,1,168.4,202.08,Okay So I guess it gives the option after Um How are you,no sale
105,0,202.08,235.76,Good How are you,no sale
105,1,235.76,269.44,Pretty good Um So also I guess you're you're starting first,no sale
105,0,269.44,303.12,"Yes Um So very interested in this home that you are selling And I have um run some comments based on neighboring homes Um And I understand that The asking price is 240,000 which was above the comments that I've seen in neighboring areas that have sold for similar prices Um and that are roughly the same square footage So I was hoping you could tell me a little bit more about the house and I guess why you're selling",no sale
105,1,303.12,336.8,"Um Okay Well so I consulted with a real estate investor And um they said that the house is worth um 240,000 and um well I guess one of the reasons why it is that price is that um currently there this appears to be the house that uh one of the only ones that's on the market as a lot of a lot of other houses haven't sold in a long time And um I personally I think that this is um in like one of the best areas and um sorry there's so much information Um Well I mean it has it's very spacious Um There are four bedrooms recreation room in 2.5 bedrooms Um Yeah It's in a great location it's near two parts um Lots of restaurants and transportation within walking distance amazing landscaping Um It was built in 1947 but it's been the outside has been updated and um it looks it doesn't it definitely doesn't look outdated and there's a beautiful landscaping Um And I mean those are just a few of the amenities Um",no sale
105,0,336.8,370.48,"Yeah Okay Well yeah look I'm a big fan of the house I clearly want to make something work here So um you know I think the challenge that I have is uh you know the asking price is um kind of far above what other houses have been sold for and you know definitely recognize that um You know the inventory is low right now on the market Um but you know from what I understand on the description the square footage is 1846 square feet And um you know based on the asking price of 240 that's $130 per square foot Which you know based on um what My realtor has provided me with neighboring houses in this area of similar size Those have all been selling in the kind of 118 $220 Price per square foot range Um And so as a result I think you know despite the you know I love that the house is updated and such Um But I think you know in terms of an initial offer I think I'm going to come in at Um 217,000 um 500 Oh which is right Which is you know just based on the comments that I have I think what would be a fair price for the problem",no sale
105,1,370.48,404.16,"Yeah And I mean I can see why you would say that but I think it's also um quality over quantity Um So I understand that the um the square footage uh is less than um some of the other house or sorry it's roughly the same but the price is higher Um But it is basically one of the only options that is currently being sold and um I think it has a lot of amazing amenities and not only that but the location is um really great They say like one of the biggest parts of real estate is like one of the most important parts is location and um that really hits a lot of the marks Um But I would be since my asking price is 240,000 um I would be willing to um go down to let's say um 237,000",no sale
105,0,404.16,437.84,"got it Um Okay well I appreciate that Um I think that that's certainly you know step in the right direction Um But I think you know still pretty far apart um You know from what I and again you know I think it's not just the square footage but you know I think at least based on the concept that I have um you know they're like you know there's another house that sold just a block away so you know I definitely recognize that the area is great Um But I guess you know if I and again um looking at um you know what I think would be fair I think I can step up to and again this would be based off of um Kind of $120 per square foot maybe like two Um 220,000",no sale
105,1,437.84,471.52,"Okay Um Yeah I mean I think that that is um also like a step in the right direction Um It's I mean I think it's it's a beautiful house and um it's it's not an easy thing to let go of so I want to make sure that I Um that I sell it for a good price and um you know again I understand that the square footage is a little bit um the price per square footage is a little bit higher Um But I do think that it has amazing amenities and um it you know it's a split level style and um you know the four bedrooms and 2.5 bathrooms is Uh huh that's you know that's a lot of rooms plus the one rec room um And the kitchen is large it also comes with all of the appliances um And um the master bedroom has an entire wall of closet and detailed master bathroom Um And not only that but it has to um fireplaces and the hardwood floors are finished So you know I think like a lot of people when when they first buy a house um you know it's not just the initial price that they're paying for They also have to do a lot of remodeling and I think that when you move into this house um you wouldn't have to do any of that because it's basically all set Um And so um I was thinking maybe so I Well with my offer to 237 Um what do you think of um 235,000",no sale
105,0,471.52,505.2,Um Well it's still higher than what I would like Um I mean ideally I just want to get a deal done So um what if I meet you halfway and just do 2 27 500 I think that would be my best and final,no sale
105,1,505.2,538.88,Um mm Okay what do you think of um 2 29 thousands,no sale
105,0,538.88,572.56,What about 2 28 and we call it,no sale
105,1,572.56,606.24,Um Yeah that works,no sale
124,0,0.0,23.426,Oh come on,sale
124,1,23.426,46.852,"Oh okay So hi I'm your I'm your seller and Hope all is well I'd really like to sell my lovely home for $240,000",sale
124,0,46.852,70.279,Okay Um The most I was willing to pay was 220 That was kind of my range,sale
124,1,70.279,93.705,"Mhm Well I would let you know that this house is currently 1,843 sq ft of space And compared to other neighboring homes in the area the house that's 1,875 square feet is um Already costed $233,600 But I will let you know that this house is already very modern It's been unfurnished um and already decorated The kitchen comes with appliances as well and there's four bedrooms um one recreation room and lots of space So um considering the fact that has a great view and it's in the hot popular city of Ohio I would say that um it's really well worth the value of it So for considering your um Your price range I will be willing to bump it down to $235,000",sale
124,0,93.705,117.131,unfortunately Um It's just out of my budget so Maybe I can add 5000 to what I was thinking but I can't go any higher than that,sale
124,1,117.131,140.558,And what will that be,sale
124,0,140.558,163.984,"Um 200 and 30,000",sale
124,1,163.984,187.41,"30,000 Okay Um That's pretty good Um I understand your situation of the price but um um could you tell me maybe what's up like outside of the price Could you tell me what are some concerns and hesitations you have about this home maybe",sale
124,0,187.41,210.836,Um Well I see that there are four bedrooms and there's one recreation room But I have for kids Mhm And they're all in their teenage years so I don't want to force any of them to share a room,sale
124,1,210.836,234.262,So it really is just,sale
124,0,234.262,257.689,in terms of logistics Like I see the value and the worth of the house but if you're trying to sell it to me I can't afforded at that price And I did look at this house because I saw that some of the neighboring homes were on the cheaper side Um There's one for A selling price of 213 ah 1000 about Um So that's why I was thinking I could max by one at 230 because I know there's another one that's 230 3000 in the same area,sale
124,1,257.689,281.115,Oh yeah definitely I totally understand Especially if you have kids in their teenage years they would all definitely love to have their own bedroom But I will ensure you that um most likely I'm assuming your kids will be taking online classes and that's why you would prefer that personal bedroom But I will assure you that actually this house does have a large eat in kitchen So there's an there's also the recreation room so there's lots of space actually to have your personal area for your work office So that can be very accommodating for all your Children It's just it's just really a matter of like the beds where like they will be sleeping So it's a possibility that maybe to your Children can share a room but they will be still given that option to have their own personal workspace out either in the living room in the kitchen area So um How about 230 2000,sale
124,0,281.115,304.541,"Mm Let's see I mean it also is about money Like I did think about the bedrooms but because of the pandemic my work was cut to part time So it's my husband is the breadwinner right now and he alone can pay for this And because of my credit score I can't take out um a larger loan and I already and I can't refinance So as much as I wish I could pay more 230,000 is already me pushing my budget",sale
124,1,304.541,327.967,"Oh yes I totally understand I'm really sorry to hear about that And if anything I really care about you finding the right home especially during these situations where we're dealing with economic upsides and downsides Um If I do ensure you though that's this house you're going to be provided with the maximum comfort of your family And it will be rewarding in the long run especially since if you're um the look out for a job you're on your um comfortable to be working from home And despite your husband um not being the breadwinner Um Having the comfort of this style home possibly near work Especially since in a major city town area It will be rewarding in the long run and I feel like um Yes I would really love to accommodate you guys for this So how about just $231,000",sale
124,0,327.967,351.394,"Um I appreciate the flexibility here Um And Just for myself like I would totally pay more if I had it Like I'd be willing to pay even $10,000 more if I had it Unfortunately I just don't have it Like I don't have the means to pay for it Um So I think I can only really do 230,000",sale
124,1,351.394,374.82,"All right well okay 230,000 It is",sale
129,0,0.0,13.809,Yeah I started recording as well Cool,sale
129,1,13.809,27.619,Um I think what does it say Does buyer go first Right Uh huh,sale
129,0,27.619,41.428,You get I'm not sure last time it was the seller that one pretty straight,sale
129,1,41.428,55.238,So for me it was a buyer actually,sale
129,0,55.238,69.047,Well um if,sale
129,1,69.047,82.857,you can if you want to start,sale
129,0,82.857,96.666,"Yeah sure So um I'm interested in buying your house Um I've been reading into it And I was thinking that 200,000 is a fair price",sale
129,1,96.666,110.476,"200,000 Yeah",sale
129,0,110.476,124.285,"200,000",sale
129,1,124.285,138.095,"wow Um so I put a lot of work into this house Um and I also have friends who are in real estate and they've said that 240,000 um is a good price So I mean I know it's been on the market for a little so I was going to lower it a little offering you a good deal Yeah",sale
129,0,138.095,151.904,So you said it's been on the market for a little bit continue y it's been on the market,sale
129,1,151.904,165.714,"Um I think just like with Covid right now people are a little uncertain of their futures Um And aren't so cute you know they don't know where they'll be So buying a home is kind of a big risk right now However if you're looking for a home which it sounds like you are um it's definitely beautiful house beautiful neighborhood Um and it's a pretty good bang for your buck So I'm willing to take off a couple of $1,000",sale
129,0,165.714,179.523,How many is a couple,sale
129,1,179.523,193.333,Like two,sale
129,0,193.333,207.142,"2000 Yeah I don't know I don't know if I can do that Um you know I mean I I understand this house has been on the market for long uh And I know you're probably eager to sell it like getting getting this house um Off the mark is definitely a big win It's just I can't and in full [PERSON] by this house for that much when obviously when Covid is going around um the housing market's up in the air there's so much uncertainty with our With a new president we don't know what's really going to happen um for all I know is I I could buy it today for 240,000 and the prices plummet So you're looking from my perspective as well Um And I know there's been other other other houses on the market um There's a um there's one with with larger square foot about almost 100 square foot larger that that sold for less than what you're offering Um And 100 square foot is a sizable amount of space so like I I just think I don't think I can pay 240,000 you",sale
129,1,207.142,220.952,"know what's the long you know what's the lowest I would go Um Well I'm just looking again also at the other homes and not like for comparable spaces Um And I think the lowest I go is um 230,000 used on the other",sale
129,0,220.952,234.761,"whatever How about this What if you met in the middle I know you want I want 200,000 You want 240,000 I'll put an extra 20,000 more if you take off 20,000 I think I think that's that's a fair trade I'm coming up halfway You're going down halfway",sale
129,1,234.761,248.571,Um How about 2 25 Mm I just I put in a lot of work into this house um and it's you know hardwood floors newly decorated to working fireplaces uh separate garage It really has all the all the bells and whistles as they say So I just I want to make sure I'm getting my Yeah Okay Is that your final price That's the lowest I would go Yeah,sale
129,0,248.571,262.38,Alright I'll buy it to 25,sale
131,0,0.0,11.128,How are you both recording,sale
131,1,11.128,22.256,Yeah I think so,sale
131,0,22.256,33.384,Okay cool I've started and I think you started So do you want to just start now Sure Music Um What,sale
131,1,33.384,44.512,Well I'd love to hear your best offer,sale
131,0,44.512,55.64,"Um I'm going to start off with 213,000 that I'm willing to pay",sale
131,1,55.64,66.768,Well I think I'm going to stick with our initial asking price because you know this is a really beautiful property,sale
131,0,66.768,77.896,I just think that Oh sorry go ahead,sale
131,1,77.896,89.024,Oh just you know I know that there are some camps out there but they're from a little while ago You know it's been a while since property is sold in this,sale
131,0,89.024,100.152,area,sale
131,1,100.152,111.28,Um so we're pretty confident in our place,sale
131,0,111.28,122.408,"I do feel like even though I agree it's a nice area it's a bit overpriced Um I mean speaking of comparisons the one I'm looking at right now listing 89 I was 6898 The selling price they're asking for is approximately 213,000 Um it has 1715 square feet And I've done the math That's a difference of 131 sq ft The difference in your asking price And my offering is to 27,000 So that equates to about $206 per square foot Um That's the difference and I think that's a reasonable difference to make",sale
131,1,122.408,133.536,Yeah the market has been weirdly slow around here lately Um So we could come down slightly uh into the high two thirties let's say 2 39,sale
131,0,133.536,144.664,Um I'll raise it 2 - 14,sale
131,1,144.664,155.792,Mhm Um Right we're gonna Stick with 2 39 I think,sale
131,0,155.792,166.92,I just don't Can you,sale
131,1,166.92,178.048,tell me more about Can you tell me more about what you like about the house Like what what's drawing you to it,sale
131,0,178.048,189.176,Yeah Um I do like the fact that you know four bedrooms and a recreation I think the recreation is nice Um And the inside amenities all seemed great I love the master bedroom Um The outside I think is more of a bonus The necessity for me Really,sale
131,1,189.176,200.304,cool Um And what's your offer at this point,sale
131,0,200.304,211.432,Well you said you were only willing to go down to 39 I still think that's a little bit high Um I mean I'm willing to up it again 2-15,sale
131,1,211.432,222.56,All right I'll have to think about that for a second It's a funny I feel like we're you know just because of our schedules we have to fit this negotiation into one phone call Uh huh Um You know looking over these numbers I think We would be comfortable coming down to 2:38 I can see what you mean about the square footage but you know this is also a really special house just in itself It's a you know it's one of the nicest homes in this neighborhood,sale
131,0,222.56,233.688,I mean to elaborate more on that comparison then since two you're you are mentioning the neighborhood and one of the other neighboring homes a lot listing 89 8614 That's selling price is uh about around to their 9 to 40 but that has 1920 square feet which is considerably more So I'm just not seeing an asking price of what you're asking for since there is such a discrepancy unless you know something you know else other than the square footage,sale
131,1,233.688,244.816,Yeah I mean square footage isn't everything although I mean you know it's legitimate you're looking for what you're looking for Um So I think we can We can bring it down a little more let's say 2:37 Mm Does that mean you feel more comfortable with,sale
131,0,244.816,255.944,I'll bump mine up too Mm Let's say 2 18,sale
131,1,255.944,267.072,I see,sale
131,0,267.072,278.2,The thing is a lot of what's listed here can be found in the other homes which already described the discrepancies that I see And as for the outside amenities I mean restaurants and transportation within walking distance near Hastings and centennial Park's We're all in the same neighborhood That's TRUE for every house So I really don't see anything that sets this house apart other than the square footage And I do think it is overpriced on that front,sale
131,1,278.2,289.328,I think we can come down to 2 36 but that's really mm hmm A bit of a reduction from our initial listing price Um but we I think we can come down that far for you And I know that you know um,sale
131,0,289.328,300.456,"I mean to 36 is still above the asking price for one of the other neighboring houses that has 1875 which is still larger Um So again I mean I still haven't heard any benefits to this home besides the square footage that sets it apart from the others in the same neighborhood And if the 18 75 house is going for 2 33,000 I mean I did that It just doesn't make sense to me",sale
131,1,300.456,311.584,Well keep in mind those camps are from you know some time ago and the market has come up a bit since then So you know the exact square put in price We can't we can't just match some previous exactly,sale
131,0,311.584,322.712,I mean I understand that it's we also go But I mean just recent events I would think that the housing market is lower than anything,sale
131,1,322.712,333.84,It's actually been really hot overall It's sort of unusual but it's been so quiet around here Um everyone's looking to you know to kind of nest and and settle down Uh,sale
131,0,333.84,344.968,that seems odd seeing as the economy is the way it is with the pandemic,sale
131,1,344.968,356.096,It is weird Um yeah,sale
131,0,356.096,367.224,"I just can't I mean I just haven't heard a justification for why I should be paying more than $233,000 for an 18 46 square foot house that really is similar to the other houses I mean even if we take into consideration that the housing market might have gone up I mean it's several square feet difference And you're asking me to pay several 1000 higher",sale
131,1,367.224,378.352,Mm hmm I mean I think,sale
131,0,378.352,389.48,"are 220,000 But that's already a lot more than my starting ones And I still like I said I still haven't heard justification for your asking price",sale
131,1,389.48,400.608,I mean I think the interior features are worth a closer look because it's TRUE you know this is a nice neighborhood in general There are lots of nice hazards here But we put a good amount of work into the house since we've been here You know we have uh you know everything is all spruced up We've got this great kitchen with new appliances and uh you know a super nice master bedroom with the other,sale
131,0,400.608,411.736,houses not have eaten kitchens with appliances,sale
131,1,411.736,422.864,not necessarily I you know as up to date as ours,sale
131,0,422.864,433.992,"I don't know that I really care up to date I mean kitchen is a kitchen I can purchase the appliances myself are cheaper than the several $1,000 difference in asking price",sale
131,1,433.992,445.12,Um well let's see what we can do for you Um,sale
131,0,445.12,456.248,"I'm at 220,000 now just to you know reiterate that",sale
131,1,456.248,467.376,Yeah Thanks Um I think we can come down to 2 33,sale
131,0,467.376,478.504,to 33,sale
131,1,478.504,489.632,Is that sweeten things at all Because I know you are interested in the,sale
131,0,489.632,500.76,"House I am but to 33 I mean the 1875 house was 230,600 You're asking me to buy $600 less Just $600 less When the difference in footage is 30 square feet I mean really that's how the whole room",sale
131,1,500.76,511.888,What if we went down to uh 2 31 500,sale
131,0,511.888,523.016,To 31 500,sale
131,1,523.016,534.144,Yeah,sale
131,0,534.144,545.272,I'll bump myself up to 222,sale
131,1,545.272,556.4,I just don't see how we can go down quite that low Mm That's gonna be tricky for us,sale
131,0,556.4,567.528,"Yeah Well with four minutes left on the clock I'll give you and given a little I'll say I just had to 23 3 Right let me let me say I'll go up to 2 24 to 24,000",sale
131,1,567.528,578.656,All right Um Yeah let's see How about 2 30 500,sale
131,0,578.656,589.784,I'm Gonna stick it to 2 24,sale
131,1,589.784,600.912,We can't go quite that low Um You know and make and make it make sense for us but I will go down to 2:29 and 500,sale
131,0,600.912,612.04,What about 2 25,sale
131,1,612.04,623.168,It's still a bit on the low side Um,sale
131,0,623.168,634.296,mm It's just that to 25 I've already gone gone up so much for my initial offering price and I think I've explained why,sale
131,1,634.296,645.424,Let me just think for a minute about what we can make work out Mhm Especially since the market is fairly hut,sale
131,0,645.424,656.552,interesting Mhm,sale
131,1,656.552,667.68,We can go down to 2:28 Yeah mm,sale
131,0,667.68,678.808,What about 2 26,sale
131,1,678.808,689.936,Could you agree it to 27,sale
131,0,689.936,701.064,2 26 500,sale
131,1,701.064,712.192,Um I don't think we just for dignity sake I don't think we can go down that way,sale
131,0,712.192,723.32,It was 227 years absolute final offer,sale
131,1,723.32,734.448,Yeah that's our final offer Hm,sale
131,0,734.448,745.576,Yeah mm Let me think,sale
131,1,745.576,756.704,because you know that is a substantial reduction from our asking price but we know you like the place and we wanted to go to someone good,sale
131,0,756.704,767.832,Yeah and I appreciate that It's just like you know it's hard to part with my hard earned cash You know when I just I just still feel like I've given so much more in these negotiations Um Really I just feel like I've been giving a lot leeway here,sale
131,1,767.832,778.96,Well that is the nature of negotiation I mean you know I think we both changed from our initial positions a good amount But to 27 seems like a fair price to me,sale
131,0,778.96,790.088,Well we have about a minute left on the clock Um are you still set on 227,sale
131,1,790.088,801.216,I am so I'm definitely set on it Yeah,sale
131,0,801.216,812.344,No 2 26 500,sale
131,1,812.344,823.472,No no we can't do that,sale
131,0,823.472,834.6,"Mm hmm No in that case I will take the to 27,000",sale
133,1,0.0,11.527,Hello Hi Hi how I guess we can get started,no sale
133,0,11.527,23.053,"Oh um so is it the same as the previous front Right the same thanks So then I will um offer um $110,000 Mhm",no sale
133,1,23.053,34.58,Oh okay Um Okay Uh Off from um to 40 1000,no sale
133,0,34.58,46.107,Okay I'll keep my offer to 10,no sale
133,1,46.107,57.633,Uh huh How about 2:30 1000,no sale
133,0,57.633,69.16,I offered to 28 mm,no sale
133,1,69.16,80.687,I'm sorry what was yours,no sale
133,0,80.687,92.213,"to 28 100,220",no sale
133,1,92.213,103.74,Um Okay that sounds good Okay Yeah,no sale
149,1,0.0,10.78,Hi,no sale
149,0,10.78,21.56,Hello,no sale
149,1,21.56,32.34,Hi can you hear me,no sale
149,0,32.34,43.12,Yes,no sale
149,1,43.12,53.9,I can What is your starting budget I guess for the house,no sale
149,0,53.9,64.68,Um I'm really looking to pay around 2:15 Okay,no sale
149,1,64.68,75.46,"Um I can tell you a little bit about the house so it's it's a great location Um It has hardwood floor that has two fireplaces 4 bedrooms Um It's very well located and compared to other houses in the area um I think this house is the price that I'm offering I think is a good price So I'm aiming to sell for around 240,000 Mhm",no sale
149,0,75.46,86.24,Well that's that's I mean it's over my budget Sounds perfect you know starting out of family and um it's I've seen the house it's exactly what I'm looking for Um I know that there are other homes that are comparable in the area that ranged from You know 13-2 39 6 I think was the highest Well yours actually was the highest that I saw it,no sale
149,1,86.24,97.02,Um,no sale
149,0,97.02,107.8,I mean I actually could uh I could probably do 2 18 Yeah,no sale
149,1,107.8,118.58,"Okay Um Yeah I really I don't want to sell the house Below 230,000 because I think that it has you know all the futures and compared to other houses in the neighborhood I think this house has some additional amenities that make it stand out So I wouldn't want to go below 230,000 But do you want to reach an agreement together That",no sale
149,0,118.58,129.36,Sounds pretty yeah That sounds pretty reasonable Could you do to 25,no sale
149,1,129.36,140.14,I definitely want to go below 2:30 PM Mm 2.3 Still puts it cheaper than two of the other houses on the market,no sale
149,0,140.14,150.92,Let me think about it,no sale
149,1,150.92,161.7,Okay,no sale
149,0,161.7,172.48,And I know it starts to feel a little uncomfortable with the The monthly mortgage payments for me Could you do to 26,no sale
149,1,172.48,183.26,How about I think agreement we can reach I can do to 29 but I don't want to go lower than that,no sale
149,0,183.26,194.04,Mm hmm,no sale
149,1,194.04,204.82,"Yeah I think it's a great price for the house still you know it's like 11,000 cheaper than the asking price and it's less expensive and other houses in the era and you said it has everything you're looking for So I think if we can agree on 229 could be a good compromise Kind of like meeting in the middle",no sale
149,0,204.82,215.6,2 28 Can you do to to 28 If you can do to 28 we got a deal,no sale
149,1,215.6,226.38,Um I think I think 29 is really a fair price for the house,no sale
149,0,226.38,237.16,All right Let me talk to my wife,no sale
149,1,237.16,247.94,Okay Tell her it's an amazing house Has everything you're looking for You're getting a deal on it Pretty substantial deal,no sale
149,0,247.94,258.72,All right I'll take it We'll take it for 2:29,no sale
152,0,0.0,18.292,Uh huh,sale
152,1,18.292,36.585,Uh huh Uh Hello,sale
152,0,36.585,54.877,can,sale
152,1,54.877,73.17,you hear me now,sale
152,0,73.17,91.463,Yes can you hear me Yes,sale
152,1,91.463,109.755,this is a little strange and I'm in a kind of a public place but um I hit record I guess we're recording,sale
152,0,109.755,128.048,yep I'm trying to hit record too and save it in the right place Let's see,sale
152,1,128.048,146.34,This is very confusing for a technophobe like me,sale
152,0,146.34,164.632,Yeah Um I don't know why,sale
152,1,164.632,182.925,Yeah and I'm not sure about save I didn't see an option that said save It just says recording,sale
152,0,182.925,201.217,right I wonder if my zoom is not Maybe Mhm Yeah thank you Only did,sale
152,1,201.217,219.51,Mhm So you're not able to record,sale
152,0,219.51,237.802,Yeah but I think you're recording already so I think that will be fine Okay well,sale
152,1,237.802,256.095,hello Um I understand you're interested in buying my house,sale
152,0,256.095,274.387,"I am yes I've heard that Centerville is a great neighborhood and I got a chance to check out the place last week and you know enjoy it I do have some concerns So um you know it's it's a little bit old for my liking I was looking for a more modern place And the flooring I thought had some issues but um I understand the asking price is $240,000 but I think that's probably a little out of my budget right now Could I propose maybe 220,000",sale
152,1,274.387,292.68,Oh that's way under what I can afford to take for it Um Just so you know it is just about the nicest house in the neighborhood it's close to the park as I'm sure you know and that's a big plus it's got a couple of fireplaces all of the landscaping is completely done Um patio a lot of things that would not have to be upgraded now depending on your taste you might want to modernize a room or two But honestly part of the charm of this house is how well it was built when it was built I mean this is this is if you want to leave this to your grandkids or your great grandkids in your will you'll be able to do that with this house Not every house in this neighborhood has that advantage,sale
152,0,292.68,310.973,Right That's I mean it's actually not really my intention I think I was more attracted by the neighborhood and the ability to potentially rent this out as a sort of investment But you know one thing I was wondering do you know the restaurants when I visited that It didn't seem like they were actually walking distance are they,sale
152,1,310.973,329.265,Some are it depends we have um a whole variety of um ethnic restaurants in the area Some are walking summer driving So it really depends on your preferences Some of the nicest ones that are within walking distance are like the bistro's um have a lot of varieties some of them offer live entertainment,sale
152,0,329.265,347.557,mm interesting And With space ever an issue you know 1846 sq ft is what I'm reading on this briefing here You know it was that it was it's a little a little larger than I was hoping for,sale
152,1,347.557,365.85,Um was space ever an issue Meaning did we ever feel like we had too much space,sale
152,0,365.85,384.142,Right You know it's a lot of stuff like that,sale
152,1,384.142,402.435,Um It's actually the maintenance I have found it to be surprisingly easy I've only ever owned one house before this and it was charming but something of a nightmare because it was much older and needed a lot of upkeep This one has not been problematic in that same way Um I think one of the biggest advantages because I have a um home business is to have that detached 2.5 car garage and I've not used it for the vehicles I've used it for the business but that in itself could be um with a little bit of uh changing of the of the configuration of it could probably be rented as an in law if you would want to do that,sale
152,0,402.435,420.728,"Interesting Well I think I could do 225,000",sale
152,1,420.728,439.02,Yeah I can't drop the price that low at least Not yet I mean you could come back to me and see if it's still on the market in a month or two I'd like to get it sold but I'm not desperate,sale
152,0,439.02,457.312,Yeah month you know a month might be a little while I only have nine minutes and 30 seconds but um Maybe maybe due to 27,sale
152,1,457.312,475.605,I would need to get it pretty close to 2:40 in order to be able to agree So you could either tell me now what your absolute max price is and I could say yes or no and we could just leave it at that Um Or I could tell you what my absolute minimum price uh would be ahead and thought about that But we could try doing it that way if you like,sale
152,0,475.605,493.897,"Yeah I mean I can go with my my absolute max would be 230,000",sale
152,1,493.897,512.19,Yeah See my absolute minimum is probably closer to two 33 I was thinking too so I was thinking I really didn't want to go below 2:35 Um But if that would be a big stretch for you given that you've really expressed more of an interest in the house um than anyone I've talked to so far I could do to 33 if you think you could swing that,sale
152,0,512.19,530.482,I I think my my max like it's you know in terms of the range 230 is the most That makes sense for me,sale
152,1,530.482,548.775,Yeah Yeah I would really need to go a little higher than that given all of the amenities Um Which none of that Well there are a couple of houses in the neighborhood that have some of the amenities that we have Um But there's no house that matches this in terms of the extras Like I said two fireplaces is most of the houses in this neighborhood don't even have one Um And that that has been a big selling point In fact I have somebody else who is maybe going to come back with a higher for based on the fireplaces Yeah they they they have been maintained,sale
152,0,548.775,567.067,I'm sure I'm sure they're nice Everyone loves a good fireplace I just unfortunately because I'm looking at it as sort of a side investment that I'm planning to rent out anything about 230 just makes it sort of fiscally irresponsible for me,sale
152,1,567.067,585.36,Yeah No I understand that And this may not be the house for you I understand that too Um I I was thinking it would be more of a a family somebody who actually wants to occupy it at least part time because it's just such a nice place and I don't know much about the rental market in Centerville Um I have never rented So I don't know this might bring you a higher rental price than you think because the university is nearby and like I said all the amenities it could be worth more than you think,sale
152,0,585.36,603.652,"Yeah No I mean hopefully we will be regardless But 2 30 I think is the most you know when I look at you know the prices of other neighboring homes that were sold not the asking price but selling prices 230,000 is right in the market range too That's why I'm a little I'm just wondering why you're not willing to Go to 230,000 Just if we look at sort of the square feet A home with 1715 square feet was sold for 213,000 And 1875 sq ft was 233,000",sale
152,1,603.652,621.945,And I know those folks and I know that that place was not kept up See that's what you might be getting into here because if you're going to rent this you wanted to be in excellent shape when you rent it out so that you protect your investment and that house I know the one you're talking about and it was not kept up nowhere near like this plus the investment that we made in the uh the landscaping makes it so much more desirable and gives it so much more privacy than most of the houses in the area And that I think would be a huge um selling point if you will for you in terms of finding an upscale renter,sale
152,0,621.945,640.237,Um Yeah no those are those are good points I think for for me actually though just because as a landlord will have to purchase renter's insurance anyways to make sure that you know any tenants don't mess up anything in the house And so even though you know I I trust that you put a lot of effort into sort of beautifying the space and making it as livable as possible You know a lot of that actually I'm sort of assuming that you know the condition that I sell the house and won't be as good as as it is now and so the starting point really doesn't matter as,sale
152,1,640.237,658.53,much Yeah I got it I you know I can't um really put myself in your place because I've not been a landlord like I said I've never rented um I could you know I might be able to come down a little bit more but I think If if you could manage 325 I could do it If you don't think you can manage 325 I would probably wait at least another month to find out who else might be interested As I said somebody has already expressed an interest in coming back with a higher offer than they had made originally,sale
152,0,658.53,676.822,really What was their original offer,sale
152,1,676.822,695.115,It was 2 30,sale
152,0,695.115,713.408,interesting Well I'm still sort of where where I'm settled just in terms of the budget and how much how much it would be sort of wise to spend on an event on an investment like,sale
152,1,713.408,731.7,this Yeah I got it Um I know that if you had you considered the fact that because we have this garage that is so large it's basically a living space It's not livable yet because it's still a more of a warehouse um but easily converted into a second livable space and therefore a second um income from the property from rental income,sale
152,0,731.7,749.992,"Right You know Yeah I trust it's nice and hopefully it will raise the rental price but you know I had an absolute maximum and sort of maybe this was a poor negotiating tactic but I was transparent and $230,000 is the max",sale
152,1,749.992,768.285,Yeah I understand and I'm I'm trying to be just as transparent with you and tell you I really can't go quite that low Um And I think 2325 is for this particular house if we hadn't maintained it so much meticulously and put so much into landscaping and um and maintaining the grounds in addition to the house itself Um I would probably say okay but I'm really hopeful to do better and I understand your predicament but I have a feeling that somebody who wanted to occupy it um might understand a little bit better the the deal that they're getting That they would be getting at 2325,sale
152,0,768.285,786.577,Well they won't I mean they don't really care about this number but if it's so I mean I'm just interested why are you selling if you put so much work into making it such a perfect home,sale
152,1,786.577,804.87,Well that's an excellent question And because I need to be closer to my family in Wisconsin Um I know most people my age head for the sunshine but I am heading the other direction because the time has come when the older members of my family are failing the need to to bond and help each other out and share resources So I believe it or not I'm off to Wisconsin but there's no hurry especially now because it is winter So if I wait until spring um that that'll work for me,sale
152,0,804.87,823.162,Yeah You know it's nice I guess you get to move closer to family,sale
152,1,823.162,841.455,Yeah Yeah That's important to me And you know and and I'm going to miss this I am absolutely going to miss this house I've had it for several years I really thought I would be retiring here Um But with the with with all the changes that have come about as a result of Covid obviously many people's lives are changing and you kind of figure out what's really important so and I can also do much better in Wisconsin financially Um This is a very expensive part of the country to live in as I'm sure you know,sale
152,0,841.455,859.747,"that's that's TRUE Right You know you know hopefully in a post covid world you'll be able to visit What if we did 230,000 and you get free month of rental time",sale
152,1,859.747,878.04,wow Now that's brilliant Um Let me just consider that for about 10 seconds Sure why not,sale
154,0,0.0,12.044,Hello Hi Hi,sale
154,1,12.044,24.088,"how are you I am pretty good Okay I'm asking $250,000 for the house",sale
154,0,24.088,36.132,2 50,sale
154,1,36.132,48.176,Really good location But yeah beyond that it's a great house and frankly I think I could sell it for more but,sale
154,0,48.176,60.22,Um I don't think so I think I think 250 for the size of the house is very high,sale
154,1,60.22,72.264,You know sizes is uh one element of many and certainly not the most important This is a great location it has beautiful details finished hardwood floors fireplaces Uh Math beautiful master bathroom You know it's it's like I said it's it's really good sell for more than that but i,sale
154,0,72.264,84.308,it would never sell it will never sell for more than that based on the science If you look at the square feet signs of other houses in the area um They would sell for around the 230 mark Mhm,sale
154,1,84.308,96.352,Okay Um He I mean if you look at the square foot size sure do you live in a square foot size I'm I know what the house looks like You've come to see the house Uh You know it's it's a great house Like I said it's right by transportation by two parks it has great details The other houses might have the square footage but they don't have all that But listen what were you thinking I mean give me a range here,sale
154,0,96.352,108.396,Well definitely to 50 is way too high I was thinking more with 220 mark Just because the house is quite old Its 1947 So that means it's been around for over 50 years So that's that's quite old You know,sale
154,1,108.396,120.44,"Well houses don't depreciate over time they appreciate over time So I'm not saying exactly where you're coming from there Um And it's been renovated very recently it has all appliances newly decorated Uh It adds if you're looking for a McMansion but it certainly adds character But I'll tell you what you're offering 220,000 which by the way is a joke but I will humor you and bring my offer down to 242,000",sale
154,0,120.44,132.484,The reason I said it's old as older houses generally aren't as well maintained They don't keep their heat as well because they're not insulated They just used concrete and brick so they're not insulated So you have to spend a lot more on your heating bills for instance And they're a lot harder to maintain than a new build So I could I could possibly go up 2-5,sale
154,1,132.484,144.528,Well I I'm just not going to sell it for 2 to 5 I mean I guess it comes down to if you want the house Um you know there's no there's no other houses like it uh near centennial Park near the transportation near the restaurants Uh You know there's if there was a lot of other options I'd say go ahead But You know this is a really unique find 240 2000 is generous What did you offer,sale
154,0,144.528,156.572,At 2-5,sale
154,1,156.572,168.616,Okay Well if you stay at that price we're not gonna reach an offer So give me another give another press,sale
154,0,168.616,180.66,I mean if you look at the other houses in the area which are selling which have sold Um they go for around about that price range So the best I can do will be 2-5,sale
154,1,180.66,192.704,All right well and then you'll have to find another house,sale
154,0,192.704,204.748,If I put another 55 grand If I put another five K On top of that and we go up to 2 30 that would be the maximum that I'd be willing to pay for this house in this area,sale
154,1,204.748,216.792,If you put another 8K On there I'll give you it right away,sale
154,0,216.792,228.836,Eight now can do eight I'll leave it at 2 30 I can't play more than that because I won't I'll just be losing money on that,sale
154,1,228.836,240.88,How about this You're offering to 30,sale
154,0,240.88,252.924,so you keep cutting out Can you say that again,sale
154,1,252.924,264.968,Yeah I said You're offering to 30 I'll give you the house for 2:32 Otherwise we won't have a deal,sale
154,0,264.968,277.012,2 32 That that two K Is gonna kill me because I just I won't be able to make any money Let's just let's just okay let's split it let's let's say 231,sale
154,1,277.012,289.056,I'm gonna say it to 3 to I'm sorry,sale
154,0,289.056,301.1,You don't want to go home from me 231 Are we going to argue,sale
154,1,301.1,313.144,Every 250 So I've brought it down quite a lot,sale
154,0,313.144,325.188,And I'm paying a lot more than my my price which I was willing to pay which was 2:20 PM,sale
154,1,325.188,337.232,I like I said I 232 is uh is my bottom line,sale
154,0,337.232,349.276,"Let's make it 23,150 And you've got a deal I'll shake your hand right now",sale
154,1,349.276,361.32,I like I said 2:32 is my bottom Okay fine All right We have a deal,sale
162,1,0.0,14.597,record this [PERSON] already Go ahead,sale
162,0,14.597,29.194,Okay Bring it Um I guess my initial offer based on similar houses in the area Would be to 22,sale
162,1,29.194,43.791,222 is uh not something I can do completely without it's totally out of the realm of possibility Um Before before we go forward is there like do is priced the most important thing for you or do you have like amenities that you need,sale
162,0,43.791,58.389,Well I guess for me I would definitely say that you know prices something that's not insignificant I'm definitely on a budget Yeah Um Although I do you know I really like this house and I like the location It's yeah price is definitely an issue,sale
162,1,58.389,72.986,Okay I'm just curious if like any amenities that increase your bonus at all or no just the price,sale
162,0,72.986,87.583,Um I definitely think that the location you know i the location is important to me So um I'd be willing to go up to like 2:25 What would be more your ballpark,sale
162,1,87.583,102.18,So my asking price is 2 40 That's like my asking price on the sheet Um I have room for negotiation because I realized that to 40 is a premium relative to other um places um Other similar houses but that's what I'm looking for 240,sale
162,0,102.18,116.777,Yeah I guess for me you know the uh there's another house that's listed at 2:39 and it's almost 1000 square feet larger,sale
162,1,116.777,131.374,Um So is your um are you more concerned about price per square foot than,sale
162,0,131.374,145.971,definitely I'm looking for something that is um Rumi I'm looking to rent eventually and you know being able to live there in one bedroom and rent and half space I think is very important,sale
162,1,145.971,160.569,Okay so uh price so you're saying that At about double the square footage that it's 239 because I I'm I think there's a I don't know if we have the same listings Um,sale
162,0,160.569,175.166,Oh sorry 100 square feet more,sale
162,1,175.166,189.763,100 square feet or I don't know if we have the same listings Um I have a listing that's at 1920 square feet for 239 600,sale
162,0,189.763,204.36,Yeah so that's like that's roughly like 100 sq ft more,sale
162,1,204.36,218.957,Uh,sale
162,0,218.957,233.554,And then one that's around the same the same size which is like 1875 is 2:33 is that the same thing,sale
162,1,233.554,248.151,Yeah I see 2 33 and 600 1875 So yes that's about roughly the same price Um what I can see here in comparison to the at 18 75 square footage one is that this one is nicer in in the centennial park area Um That's that's what I was told in my buyer sheet,sale
162,0,248.151,262.749,Well I guess for me and my my buyer sheet that looks like I am willing to fix something up So I would say that I'm looking more for a deal and locations important less amenities I guess that's that's what I was told Okay,sale
162,1,262.749,277.346,Um are you able to meet at 2 30 2 34 I'm taking a hit from 242 to 34 and going into my bonus Is that something that you would also be able to um sacrifice a little,sale
162,0,277.346,291.943,sure to 30 about 2 30 three,sale
162,1,291.943,306.54,2 33 Um Yeah yeah yeah I could do to 33,sale
166,0,0.0,15.517,Hello Hi Hi Um Okay I guess uh I will ask for mm but 200 20 3000,no sale
166,1,15.517,31.034,Um I'm gonna stick with Ah to 40 Ah I could come down to like 237 because the houses in the area that are like with similar amenities are like around like 2:39 - 33 So but I would prefer to stay in that range,no sale
166,0,31.034,46.551,Mm Yeah mm My highest that I can do is 2 30,no sale
166,1,46.551,62.068,2 30 Yeah Is that like this the instruction,no sale
166,0,62.068,77.585,Uh No,no sale
166,1,77.585,93.102,Uh How does 2 33 work then,no sale
166,0,93.102,108.618,Um Be a little lower than that Like I like because I can go Like the highest that I would like is to 30 um I'd like to be closer to 30 but also be okay You staying in the to 30 range too,no sale
166,1,108.618,124.135,Okay well I guess we have time so yeah I was sick with 233 for now because like the house that's like the closest in like square footage is like 2:33 Uh So I think that's like a fair price in terms of like in front of these it's like a nice house fireplaces eat in kitchen mice appliances,no sale
166,0,124.135,139.652,Yeah Um Yeah I can because I can do six 2 30 500,no sale
166,1,139.652,155.169,2 35,no sale
166,0,155.169,170.686,"2:30 and then 500 - 230,000",no sale
166,1,170.686,186.203,500 Okay Um Okay Okay What about making that Just like an IV Well I guess it's not even technically but like just to 31 like,no sale
166,0,186.203,201.72,Yeah I could do to 31,no sale
172,1,0.0,23.727,Hello If you're speaking I think you might be muted Hello How are you Hi I'm well how are you,sale
172,0,23.727,47.454,I'm fine Dance Are you the buyer or the seller,sale
172,1,47.454,71.181,I am the seller,sale
172,0,71.181,94.908,also on the buyer,sale
172,1,94.908,118.635,So you must be the buyer Right,sale
172,0,118.635,142.362,Alright Sure So I'll start recording now All right Want to want to negotiate for a price that my insurer for it 220,sale
172,1,142.362,166.089,I don't know Sorry What did What was that,sale
172,0,166.089,189.816,"Mhm My initial offer is 220,000",sale
172,1,189.816,213.543,"220,000 did you say Mhm",sale
172,0,213.543,237.27,225,sale
172,1,237.27,260.997,"225,000 All right Uh so I am asking for an asking price of 240,000 because I think that this house is pretty favorably priced in comparison to other homes in this town And it has been a while since the last house was sold in this area Um And that's why am I asking price is at this amount Are you willing to negotiate for any higher than your initial amount",sale
172,0,260.997,284.724,Yeah I'm willing to negotiate uh a bit lower price Uh Since you I've done my research in the market and I saw uh side of the house and yes around uh This and other similar uh you know you know around 225 200 and deaths So I was making hoping that maybe no one traded Considering the citing also the location now done [PERSON] speech market located in a similar location The price is arranged in that range So I don't know if you can consider price Like around Go up my uh increase my offer Maybe you are around 230,sale
172,1,284.724,308.451,"Right Also sorry your audio is cutting out a little bit So I don't know if I um comprehend everything that you're saying super clearly So apologies if I don't catch anything that you're trying to say but what I'm hearing is that you've done your market research and it sounds like um that what you're asking for is a fair price Um However I also have some um prices of neighboring homes with very similar characteristics as ours and I see here that I'm at home with very similar square footage is us but with less nice amenities Um has sold for 200 Almost 234,000 And so I don't necessarily want to go lower than that Um how About 235,000 It's much nicer than that Home has better amenities both inside and out and um yeah like I said it's been it's been a few months since the last home was sold in this area so I don't think you can find a better deal elsewhere",sale
172,0,308.451,332.178,Thank you very much I understand the way of coming uh now Oh I really like the place and uh I would like to move and stay in the area Like the outlook you have done a great job uh trying to do this And they there's so many factors that I need People think that both inside and outside the special the garage their exceptional But now I think I'll like to make a personal appeal to you Maybe we can take I'll take a crispy now You can you can go slightly to around 232 How about 200 million to choose,sale
172,1,332.178,355.905,"Uh huh Um Yeah I think you know I understand where you're coming from but I think I'm really hesitant to go below the selling price of this other house just because I'm confident that our amenities are nicer and I know how much that this household for Um Yeah I I I know that you know you have been on this house search for a while and I know that like what we have to offer is is a very like quality house with quality amenities and I think if I were to go any lower I think I would want to rather like hold onto the house myself um instead of buying it because it's not like I'm trying to just like get rid of it as soon as possible I think the lowest certain value I would rather just keep it instead of selling it So um how about the house Like the house very similar to ours um sold for 234,000 Um but If I said 233 1000 how would that sound Mhm",sale
172,0,355.905,379.632,Yeah it's a bitch better after a little bit better than nothing But I think also I need to consider they also need to also take a legal fees to do the transfers and those affected in all those factors I was The appealing maybe because I want we want to close this do as as early as possible if you can take maybe that 1000 to make it different at the end of the day on my side I know that you be difficult for you but thankful for private segments Just agree on I was stupid for 232,sale
172,1,379.632,403.359,Mhm Sorry what was the offer,sale
172,0,403.359,427.086,232,sale
172,1,427.086,450.813,"232 did you say Yeah Mhm Um I think I hear where you're coming from and I know that um you know remodeling fees and stuff might be stuff you have to take into consideration Um But you know I am pretty firm on this price because I think anything less would be devaluing it then how much told by I know the owners of the previous house their new tenants or the new homeowners also um they have had to take that into consideration that they would have to pay additional money for remodeling fees but I think that's something that they kind of took into mind before you know they chose to buy the house at that price and so the price wasn't um Yeah like exclusive of those additional fees that might come with purchasing a house I think those are features that you would have incurred anywhere else Um and so I think I'm pretty firm on this 233,000 because I think first of all it's it's cheaper than how much um this other thing comparable house was sold for and anything less would I think would be devaluating the words of this house and I would rather keep it in that case Mhm",sale
172,0,450.813,474.54,Okay Not that Let's agree on 203,sale
178,0,0.0,25.596,All right I want to I want to negotiate for a price that my insurer for it 220 dollars,sale
178,1,25.596,51.192,Sorry what did what was that,sale
178,0,51.192,76.788,"My initial over is 220,000",sale
178,1,76.788,102.384,"220,000 did you say",sale
178,0,102.384,127.98,225,sale
178,1,127.98,153.576,"225,000 All right Uh so I am asking for an asking price of 240,000 because I think that this house is pretty favorably priced in comparison to other homes in this town And it has been a while since the last house was sold in this area Um And that's why am I asking price is at this amount Are you willing to negotiate for any higher than your initial amount",sale
178,0,153.576,179.172,Yeah I'm willing to negotiate uh People lower price Uh Since I've done my research in the market and I sold uh side of the house Mhm It's around the This is a similar houses in a you know around the 225 - 230 So I was making hoping that maybe even know I'm trying to be considering the size and also the location I've done my research the market and the market research in a similar location the prices arranging that range So I don't know if you can consider right like around co uh because my offer maybe to around 230,sale
178,1,179.172,204.768,"right Also sorry your audio is cutting out a little bit So I don't know if I um comprehend everything that you're saying super clearly So apologies if I don't catch anything that you're trying to say But what I'm hearing is that you've done your market research and it sounds like um that what you're asking for is a fair price However I also have some Um prices of neighboring homes with very similar characteristics as ours And I see here that I'm at home with very similar square footage as us but with less nice amenities um has sold for 200 almost 234,000 and so I don't necessarily want to go lower than that Um how about 235,000 It's much nicer than that Home has better amenities both inside and out And um yeah like I said it's been it's been a few months since the last home was sold in this area So I don't think you can find a better deal elsewhere",sale
178,0,204.768,230.364,Thank you very much I understand the way of coming from Uh I really like the place and uh I would like to move and stay in the area Like the outlook You've done a great job Uh trying to discern the uh there's so many factors that I think people think that both inside and outside the first of the writing their exceptional But now I think I would like to make a personal appeal to you Maybe we can take I'll take a maybe you can you can go slightly to around 232 I know about 252,sale
178,1,230.364,255.96,"Mhm Mhm Um Yeah I think you know I understand where you're coming from but I think I'm really hesitant to go below the selling price of this other house just because I'm confident that our amenities are nicer and I know how much that this house sold for Um Yeah I I know that you know you have been on this house search for a while and I know that um like what we have to offer is is a very like quality house with quality amenities And I think if I were to go any lower I think I would want to rather like hold onto the house myself um instead of buying it because it's not like I'm trying to just like get rid of it as soon as possible I think the lowest certain value I would rather just keep it instead of selling it So um How about the house like the house very similar to ours um sold for 234,000 Um but if I said 233,000 how is that sound",sale
178,0,255.96,281.556,It's a bitch better Uh a little bit better than nothing But I think also I need to consider they also need to also take a legal fees to do the transfers and pacific having all those factors I was the appealing maybe because we want to close this do as as early as possible If you can check maybe that one doesn't need to make a difference at the end of the day on my side I know that you to be difficult for you but thankful for privacy Just agree on was still push for 232 Mhm,sale
178,1,281.556,307.152,Yeah Sorry what was the offer,sale
178,0,307.152,332.748,232 mm,sale
178,1,332.748,358.344,"232 did you say Yeah Mhm Um I think I hear where you're coming from and I know that um you know remodeling thieves and stuff might be stuff you have to take into consideration Um but you know I am pretty firm on this price because I think anything less would be devaluing it then how much will buy I know the owners of the previous house there are new and it's or the new homeowners also um may have had to take that into consideration that they would have to pay additional money for remodeling fees but I think that's something that they kind of took into mind before you know they chose to buy the house at that price and so and the price wasn't um Yeah like exclusive of those additional fees that might come with purchasing a house I think those are feeds that you would Have incurred anywhere else Um and so I think I'm pretty firm on this 233,000 because I think first of all it's it's cheaper than how much this other comparable house was sold for and um anything less would I think would be devaluating the words of this house and I would rather keep it in that case",sale
178,0,358.344,383.94,Okay Not that let's agree on 203,sale
183,1,0.0,19.955,Okay,sale
183,0,19.955,39.91,Double check that I am I am okay Yes I think or no I'm not all set Okay Uh Well very nice to meet you,sale
183,1,39.91,59.865,Yeah Yeah Yeah Mhm Yeah,sale
183,0,59.865,79.82,Well I'm here because I saw that your you have a home for sale,sale
183,1,79.82,99.775,Yeah I do Yeah Yeah And it's ah quite an unusual one in the area probably hasn't come up that often um recently uh in the area So It's four bedrooms 1 room Mom recreation room and two bathrooms,sale
183,0,99.775,119.73,Yeah That's great I saw the listening about it and it the description describes it as it was built in 1947 Uh Just a few more bits of information that I have before I have come here and on the chat about it the amenities two fireplaces hardwood floors newly decorated nice large kitchen all the great appliances Um Is there is there anything that uh that isn't on this description that I already have in front of me that uh that would be great to just know about the property,sale
183,1,119.73,139.685,Uh No no I don't think so,sale
183,0,139.685,159.64,Okay great And uh I learned a bit more why uh why have you put this property up on the market,sale
183,1,159.64,179.595,Um Just because I feel it is um the right time to uh to sell now And um I think um I could just um time to move on really I've been here for several years Yeah,sale
183,0,179.595,199.55,I see So have you been living in this house long I'm just I'm really curious about just learning a bit more from you around because you mentioned you've been here you're looking to to move somewhere else How exciting Um It's always exciting That's a big step Um definitely And I I just was curious to learn a bit more from you in terms of what what are you looking for in terms of the buyer,sale
183,1,199.55,219.505,Um someone that will be happy uh in the in the family home um as I have been and yeah just um someone who it generates of looking to um enjoy the new property,sale
183,0,219.505,239.46,Wonderful Well I I saw you listed an asking price of 240,sale
183,1,239.46,259.415,Yeah,sale
183,0,259.415,279.37,1000 Is that uh that's right yeah Yeah And how how are you feeling about how you priced it and how did you come to that like to just know about ah about the research that you've done to put into the pricing here,sale
183,1,279.37,299.325,Um It's quite it's quite sort of favorably priced in comparison to sort of homes that are sold in the area recently and um um uh you know not many of these houses come up for sale in this area very often So I think it's a real opportunity if you if you're looking for a really nice neighborhood Mhm Um And and so that's that's how I've come to the price that I that I have,sale
183,0,299.325,319.28,Okay Right Yeah I did I did do a little just to educate myself as well Uh The area as beautiful as you mentioned Um But there have been a few sales in the area as well that sales prices have been a bit lower than your asking price So in terms of just getting in line with the current state of this neighborhood in this market um That's something where uh you had mentioned it favorably priced I'm seeing it at currently at somewhat of a premium especially just given recent sales activity in the neighborhood that I've I've been to be seen in the papers,sale
183,1,319.28,339.235,Okay well that's something that I'm writing to sort of negotiate with that's if the price is is a problem,sale
183,0,339.235,359.19,Yeah the uh appreciate hearing you say that because I I I do know following your shoes making sure that I'm getting a good market values is really important Um And then a nine position same thing I want to make sure I'm in line with what is currently in the market Of course appreciate every property slightly unique Um uh In terms of um is there is there some would you like me to to just highlight to you um what I'm seeing is,sale
183,1,359.19,379.145,Yeah Ok Yeah,sale
183,0,379.145,399.1,"Yeah I'm seeing um we don't have too much time today together uh But I do see that um for the size of the property um similar units in roughly the same size have been closer to around let's say I have to hear one was One was as as low as 213,300 um relatively recently listed but that is a bit of a smaller unit So I think in terms of the more size it makes sense that this is priced a bit higher and I've seen them more closer to Uh just around 230,000 around that area plus or minus And that seems to be more aligned with Misa property in the 1800 sq ft zone Um That's just where I'm starting at Would something like that be comfortable if we kind of look to get into that that area",sale
183,1,399.1,419.055,Yeah Yeah I think I think so Um I think possibly an extra 1000 or two for the fact that it's been finished really nice inside with hardwood floors and fireplaces whole closet Um And all the appliance appliances Mhm Yeah Certainly Yeah,sale
183,0,419.055,439.01,Yeah that is that is good to know that it wouldn't require immediate maintenance it could be move in ready Uh That's that's certainly a value And so what what do you propose,sale
183,1,439.01,458.965,Uh I think 232 232 I think it is a good price,sale
183,0,458.965,478.92,"Uh Let me let me think about that for a second I do think that's favorable Uh Just my initial reaction And yeah if you're comfortable with that I'm I'm good to go 232,000",sale
185,1,0.0,35.82,Hello Hello All right So I believe the buyer begins first,sale
185,0,35.82,71.64,"rest Okay Yeah So let's see Yeah I'm not sure what the format is but I will I would like to buy the house for 215,000",sale
185,1,71.64,107.46,"It's a little low Um Because this this house is like one of the nicest in the area I believe like the value is actually like 250,000 But um I'll set my Price as like 240,000 for you if that's okay",sale
185,0,107.46,143.28,So that was the initial asking price Um though in terms of history yes There in terms of the age Let me see what other information I have though her video There's yes I also noticed that um a good deal of having neighboring homes that are sort of similar Um yeah there isn't yeah there's a neighboring home with around the same number of square footage that also has similar amenities And that one went for 233 So I had actually be yeah I don't have a map or anything Yeah Well for 233 for And it actually has a little bit more It's 1875 square feet as opposed to the 1846 Um so I would think that 250 is a little high and even maybe 2 40 B a little bit high Think something closer to 200 200 Well since that house is a little bit bigger um Anything within the Unit 2 30 Um We're going to to 30 range so I would be happy to move up from the tooth 215 which I agree was a little bit low It's something around 2:30,sale
185,1,143.28,179.1,Uh 2 30 I think 2:30 is okay as well,sale
188,0,0.0,16.157,mm We'll go if you are Well Hi All right Um so we have the same rules before but now we're just talking instead of doing the numbers Yes Okay Um okay Um so should I start um I guess you have sometimes the buyer I guess I'll go first Yeah I'll say What about 220,no sale
188,1,16.157,32.314,Um I will counter with 2 30,no sale
188,0,32.314,48.471,eight Okay Um I'm still a little high for me Um What about 2 25,no sale
188,1,48.471,64.629,How about 2:34,no sale
188,0,64.629,80.786,Um mm What about What about 2:30 mm,no sale
188,1,80.786,96.943,2 31 Yeah,no sale
188,0,96.943,113.1,Yes Okay Yeah that's fine Perfect,no sale
189,0,0.0,19.819,I'm recording Are you recording,sale
189,1,19.819,39.639,Yeah I think we should be good to go,sale
189,0,39.639,59.458,Okay cool My name's Do you think we can say names I don't,sale
189,1,59.458,79.277,think that you can just say that I'm buyer and I'll be seller,sale
189,0,79.277,99.097,Okay Okay I'm the buyer You are the seller pleased to meet you seller,sale
189,1,99.097,118.916,Nice to meet you as well,sale
189,0,118.916,138.735,"Uh Thank you for the tour you gave me of this house Uh that's great I love living in Centerville I hate you know that all those people from Edge Bill back so they can get right out of town Uh Mhm Um Okay so I guess my initial offer is going to be for uh $212,000 Okay",sale
189,1,138.735,158.555,Um can I ask what you are looking for most in a house Um if there's something that really is kind of a deal breaker for you because I'm sure that this house does happen to have it,sale
189,0,158.555,178.374,Mm Uh Well in the best case scenario I'm looking to rent this house out and then we sell it a few years down the road Um So I'm looking for things that are marketable Uh but aren't gonna put me back in the initial cost you see,sale
189,1,178.374,198.194,"totally Well this is actually great news because this is a split level style house Um So it should be really easy to convert it not only into like one rentable home but maybe two Um And so I think that could be really positive for you if that's the avenue that you're willing to take There's also lots of marketable features um given the fenced in backyard you know dogs are a possibility or other animals the detached garage Um The fact that you know Its newly decorated with two fireplaces So again if you were deciding to split it up um I think that could be a big selling point Okay so you gave me a nice initial offer as you probably know I my asking price Um it's $240,000 so that's a bit low Um what if I said 238,000 How would you feel about that",sale
189,0,198.194,218.013,"That's moving in the right direction from 240,000 uh for sure um But I don't know if I can agree to that quite yet Ah Wait give me one second I'm trying to make the things side by side so I can look at the",sale
189,1,218.013,237.832,No you're good I did the same thing Don't worry,sale
189,0,237.832,257.652,You know the facts so Well what a good realtor,sale
189,1,257.652,277.471,Thank,sale
189,0,277.471,297.29,you Uh do you happen to know how recently many of these renovations were done Because it was built in 1947 and it seems like it's you know quite modernized for now you know by now Do you happen to know when when this work was done If there are any repairs or work that is expected in the coming years,sale
189,1,297.29,317.11,Sure So my husband and I actually um renovated two years ago um and we were you know very interested in staying in the house and unfortunately due to his work we're moving but we did the renovations um thinking that we would be staying and so their long term fixes we kind of did like a total redo as I'm sure you've read um given the newly decorations uh the new decorations um and kind of the expanded kitchen um with all the different appliances that we just added Um And so because of that we were planning on staying and then you know life gets in the way Um but it shouldn't need work for several years You know the roof is good There is no water damage Um The only thing that may need changes the furnace but that according to uh you know the renovations and and the people that we spoke to would need eight years or would would go for at least eight more years before it becomes an issue,sale
189,0,317.11,336.929,"Okay That is good to hear Thank you Um With that in mind I'd like to increase my offer to uh 224,000",sale
189,1,336.929,356.748,"awesome Well thank you I appreciate the continued changes Um I will say one of the reasons that the asking price for this house is so high um is that it's been several months since any house was sold in this centennial park area Um So we know there's a lot of demand given that we're one of few of our neighbors that are thinking about selling In fact you don't really know of any other of our neighbors are planning to sell Um And so because of that you know I spoke to a lot of my really good friends and they really recommended that we increase the price Um But it sounds like you're really wonderful and I would love to sell you this house Obviously it's really important to me Um So what if we did 235,000 Yeah Mhm",sale
189,0,356.748,376.568,Mhm So I'm trying to get into character uh you're fine the way uh you know I appreciate uh your counter offer and I know you know selling directly uh especially at a time when you're you're probably you're moving things are probably a little bit up in the air You know you might not have a Uh huh total plan sorted out ah can be stressful and you know the market can be a little volatile especially right now I understand why you're you're asking for a higher price Um But you know this is according to some research that that uh that we've done me and my uh vast partnership Uh,sale
189,1,376.568,396.387,huh,sale
189,0,396.387,416.206,"Uh You know some some comparable homes on the market are are retailing for for less you know with similar characteristics You know they might not have this advantage of being Uh huh Right in the area Um But you know these sorts of Houses similar characteristics you know built in a similar time renovated uh in a similar time frame are are going for close to $230,000 right now Um So if possible we would like to get below that um Just because this one's a slightly less square footage than some of those that we're seeing Uh So sorry did I say to 24 last time All right Uh",sale
189,1,416.206,436.026,yep That's what I,sale
189,0,436.026,455.845,Have Okay Okay Okay Uh so maybe I'll go to 22 27,sale
189,1,455.845,475.665,yeah Okay Um No I I really do appreciate that And I love that you've done your research Um It shows you know that you're an informed buyer and that you really care about the property and as someone who's selling their house and who feels really close to this house um Just given all the memories we have here I definitely love to see that Um And really appreciate the fact that you have done your homework Um I will say that our house is a bit smaller in terms of square footage as you pointed out but we do have a lot of these amenities that I am not sure if the other homes have Of course I haven't looked specifically in these houses Um but like I said the renovations that we did you know just two years ago the fact that it is a split level style house which sounds like it's you know we're going to work really well for what you're doing I'm not sure you'd be able to find that in other properties Um You know we have things like and this is gonna sound really silly but it kind of matters to renters like mature trees uh in the backyard So it really has that kind of private feel um because there's so much shading there's restaurants and transportation within walking distance so maybe a renter Uh it's a college student or someone who doesn't have a car Um And so this location is like really um I think a big selling point which offsets the smaller square footage So to your offer of 2 27 I would maybe counter um with 233,sale
189,0,475.665,495.484,um Question about the trees,sale
189,1,495.484,515.303,Sure Yes please,sale
189,0,515.303,535.123,Is there arborist information in like is this you know because mature trees you know my my housing buying brain that I have developed over many years That screams to me old trees right That screams to me damage when the when the trees fall under the weight of the heavy snow Uh uh You know have been looked up an arborist Are they you know overlooking parts of the home Are there overlooking electrical lines or parts of other people's homes that are on the property,sale
189,1,535.123,554.942,Yeah So Great question Um I don't know if I mentioned this but I probably should if we have a fenced in backyard Um And so the fenced in part has two or three mature trees more towards the back and then after the back or like after the back of the fence is where the majority of like the kind of forest the area lies Um So like I said you do get that privacy factor um But really the only potential damage that could come uh say there is a big snowstorm um would be to your fence not at all to your home or the generator Anything of that nature,sale
189,0,554.942,574.761,Okay That's great to hear So to To 33 I'd like to go ah 2 31 if you're willing to hear that,sale
189,1,574.761,594.581,Ooh that is sounding right up my alley Um Thank you for being so amenable What's the chances you would do to 315,sale
189,0,594.581,614.4,Mhm I do too 31 5,sale
191,0,0.0,10.773,me to record it,sale
191,1,10.773,21.546,thinks Okay So okay sounds,sale
191,0,21.546,32.319,good And I am the buyer,sale
191,1,32.319,43.092,I think uh yeah I'm the seller Give me one moment to make sure I just need to seven threats one Okay I think I think I'm like,sale
191,0,43.092,53.865,"okay sounds good Um 198,000",sale
191,1,53.865,64.638,So I really can't do that Um just so given the you know the neighborhood pricing that's a little bit too low Even for this neighborhood you perhaps give another offer,sale
191,0,64.638,75.411,Yeah What's your asking price,sale
191,1,75.411,86.184,"240,000",sale
191,0,86.184,96.957,"To 40,000 Okay So I've been looking at houses similar and the lowest it goes is around 200 and 10 or so 1000 So 205,000",sale
191,1,96.957,107.73,"So uh those are similar sort of but we have to look at the you know square footage price as well unless some of the updates I've made to the house Um so the closest to my house would be the one I don't know if you have this data but it's the 18 75 square foot 1 433,600 Uh And the thing with my house though is that I've updated uh the outside so the brick as well as inside Um I refinished the hardwood floors and uh then the landscaping and everything and so you know compared to the houses in my neighborhood I think it's in much better condition",sale
191,0,107.73,118.503,"Okay Yeah that's reasonable But I assume that those other houses have also updated um similar features of their house Um So are you willing to go lower than 240,000",sale
191,1,118.503,129.277,Uh Yes we can negotiate on that But you know I think you're 210 is it's for for you know what I've done with the house and its size in the neighborhood I just I don't think I could go with that,sale
191,0,129.277,140.05,"Okay so your house is a little smaller than the 233,000 1 Um so I will offer 215,000",sale
191,1,140.05,150.823,"That's a lot lower It's not that much smaller Um To be honest the 215,001 is more than 100 square feet smaller than my current house And so you know the square footage you're asking for The price is just a lot over I don't think I can go with that",sale
191,0,150.823,161.596,"Okay 216,000",sale
191,1,161.596,172.369,"Uh Here let me let me actually give you crunch the numbers So um if you're giving me 200 so my house is 1846 Murphy If you're giving me 216,000 that is uh let's see That is 117 a square foot But the average In this neighborhood is about 125 So uh you know I I don't think I can you know take that offer I can go down to 235 For sure we can negotiate on the price",sale
191,0,172.369,183.142,Okay Um I let me quickly do the math as,sale
191,1,183.142,193.915,well Mhm,sale
191,0,193.915,204.688,"So he said 235,000",sale
191,1,204.688,215.461,yep We can I can I'm willing to go down at least that far Yeah,sale
191,0,215.461,226.234,"Okay I will offer than 220,000",sale
191,1,226.234,237.007,"I don't think you know I don't I don't think that's gonna work for me Um you know even at 220,000 that's That's almost that's more than five square feet $5 a square foot lower then you know even the other homes in my neighborhood And as I said leave just newly decorated everything inside It's 100 movement ready And yes you can make the assumption that others may have also updated their houses But that also means that even more reason I can't go below you know the others in the neighborhood And that's a big assumption to make a lot of the homes probably haven't really updated They might have just cleaned it so",sale
191,0,237.007,247.78,Okay that makes sense Yeah I think your price range is just a little bit out of my budget Um The highest I'm willing to go is 223 1000 With some leeway Very little,sale
191,1,247.78,258.553,"I don't think I can go that low I can go up to Um down to 230 I can do 230,000",sale
191,0,258.553,269.326,"Section 30,000 Okay What about 200 Let's see And",sale
191,1,269.326,280.099,yeah and that puts me basically directly on par with all the others in the neighborhood,sale
191,0,280.099,290.872,Mm Okay Have you been getting a lot of other visits for your house,sale
191,1,290.872,301.645,I've been getting some but again it's you know the price too the existing condition of the home I think it needs to be reasonable for me to consider it,sale
191,0,301.645,312.418,"Mm Okay What What about 200 24,000",sale
191,1,312.418,323.191,Can't do it Can't do it I'm sorry I can't do it,sale
191,0,323.191,333.964,"224,500",sale
191,1,333.964,344.737,Yeah I can't do it I mean I guess It seems like you really like the home I couldn't maybe nudge it to 229 To 2029 Yeah that's the most I could go honestly I think,sale
191,0,344.737,355.51,Uh Okay,sale
191,1,355.51,366.283,Mm hmm,sale
191,0,366.283,377.057,Yeah I'm not sure I would be able to afford that Um,sale
191,1,377.057,387.83,Is there any other leeway you could you know just any more that you can do,sale
191,0,387.83,398.603,"Mm 224,800",sale
191,1,398.603,409.376,I can't do that I'm sorry Yeah,sale
191,0,409.376,420.149,yeah I also think I won't be able to afford the price that that you're giving now,sale
191,1,420.149,430.922,Even with 229,sale
191,0,430.922,441.695,Even with 229 is there any way you can go lower I really do like this house,sale
191,1,441.695,452.468,"Yeah Okay let me think about it mm Okay What about 226,500 But I mean I think I've come down a lot already and it's yeah yeah",sale
191,0,452.468,463.241,"I really appreciate it Okay I think What do you think about 225,000",sale
191,1,463.241,474.014,Can you come up and match me a little bit I mean uh huh I just there's you know there's the neighborhood price there's the condition of the home Is there any way you could come up just that little bit more Um I think you know with 100 26 500 I'm definitely already under the neighborhood average Uh And this is just because I've seen that you really you know you really really want the home,sale
191,0,474.014,484.787,"I definitely do Thank you for seeing that Okay um 225,500 I think that is that is the most I'm willing to go",sale
191,1,484.787,495.56,I mean gosh can we meet in the middle 226 26,sale
191,0,495.56,506.333,Okay Your original asking for 240 Um let me punch it again,sale
191,1,506.333,517.106,So you tell me Okay I've come down quite a bit on the per square foot price For sure,sale
191,0,517.106,527.879,"Okay Yes you definitely have Um Is it possible 225,500",sale
191,1,527.879,538.652,Can you just meet me up at the 226 I mean I don't think I'm being unreasonable for that last $500 Uh huh It takes as much as $500 to do the landscaping honestly,sale
191,0,538.652,549.425,Yeah But based on my budget I feel like I really am stretching myself for this home,sale
191,1,549.425,560.198,Uh Is there any way you could just give me that last 500 I'll put that in towards the posting house of the house So it'll be yeah Uh huh Yeah mm hmm,sale
191,0,560.198,570.971,I think I would be willing to Take that 500 for any renovations I might want to do later on,sale
191,1,570.971,581.744,I mean But this house is already completely renovated I don't really foresee you needing to do anything in the next 3-5 years,sale
191,0,581.744,592.517,I've,sale
191,1,592.517,603.29,already put down the money to do those reservations So,sale
191,0,603.29,614.063,Gosh so the 500 would go towards those renovations,sale
191,1,614.063,624.837,As in like,sale
191,0,624.837,635.61,As in you said earlier that the $500 will be put towards like renovations and updating Is that what you said,sale
191,1,635.61,646.383,So I've already done the updating Uh you know that extra 500 I've already I've already sunk the money and to do all the renovations But you know the 500 wouldn't cover nearly as much of the renovations I've already done But because you know when you were buying and selling house we both have to pay some closing costs and things like that Those extra 500 could go towards that for me on my end About as much as I found the landscaping already honestly Um Uh,sale
191,0,646.383,657.156,huh Yeah Thank you for explaining all that But um yeah I think because of the other expenses Uh huh outside of buying homes I think that's the most I'm willing to do,sale
191,1,657.156,667.929,All right I mean that's okay Are you sure Just an extra 500,sale
191,0,667.929,678.702,Mm Yeah it's really really difficult to put enough 500,sale
191,1,678.702,689.475,Okay let me think about it then because I think it would be really helpful for me on my end for sure,sale
191,0,689.475,700.248,Yeah I really appreciate already how far you have come down Um Yeah,sale
191,1,700.248,711.021,cool okay let me think about I've thought about it Can you come up a little bit uh 225 At some some 50 Yep So I'll come down 250 and then if you could come up The last 250 you know Mhm Thanks,sale
191,0,711.021,721.794,Sorry can you put that price one,sale
191,1,721.794,732.567,More time to 25 750 to,sale
191,0,732.567,743.34,25 70 C Okay Mhm Okay Okay I think that works with me,sale
194,1,0.0,14.255,Yes All set Okay,sale
194,0,14.255,28.51,Right so I think we could start Yeah so I was looking to buy a house,sale
194,1,28.51,42.765,for,sale
194,0,42.765,57.02,"around $225,000 just looking at the other houses in the neighborhood of a similar size And so that was my budget But of course I'm willing to negotiate",sale
194,1,57.02,71.275,"Okay um so like you see I'm trying to I have it listed for 240,000 Um also willing to negotiate a little bit and is 225 where you're starting at or like",sale
194,0,71.275,85.53,"Yes so ideally just um the other house we're looking at is at around 200 and $28,000 Um so I'm just trying to stick in this range But yes um",sale
194,1,85.53,99.785,I mean I could go maybe as low as like 235 but I did put a lot of Work into the house since I bought it I mean there's four rooms for bedrooms alone A rec room 2.5 bathrooms I mean you've seeing it so you know what is in there but I mean two fireplaces like fenced backyard 2.5 car garage So I'm trying to Yeah you know um Sick to as high as I can would to 35 be something you'd consider Uh huh,sale
194,0,99.785,114.04,"So I agree just comparing it with my 228 option Um I do agree that this comes with a lot of many more amenities than I am attracted to So what Yeah I could come up to 230,000",sale
194,1,114.04,128.295,That's,sale
194,0,128.295,142.55,"Better Yes because I was just looking at the other house for 228,000 and I thought okay um you started to list the amenities and I do think that's fair I will have to go higher than 228,000",sale
194,1,142.55,156.805,Yeah I mean I think it would be worth it especially like there's walking distance restaurants um all new appliances in the kitchen that kind of stuff So Um I would go down to 232 like a final if that's something you could do,sale
194,0,156.805,171.06,Sure Yeah I agree To 2.3,sale
203,0,0.0,15.458,Hi how are you,sale
203,1,15.458,30.916,Hi Sorry I was just checking I couldn't select record to my computer I don't know if it's recording to the computer or to the cloud but we'll see I guess I,sale
203,0,30.916,46.374,don't know either I just clicked on it It's on the bottom I don't know like it's on the bottom right next to the green share screen,sale
203,1,46.374,61.832,Yeah but it just started recording I don't know where it's recording,sale
203,0,61.832,77.29,Oh me too I assume it will when you click stop it'll say like save video and then you can save it to your computer,sale
203,1,77.29,92.748,Yeah Yeah we'll see Maybe they the instructions with the previous version of soon I guess,sale
203,0,92.748,108.206,maybe,sale
203,1,108.206,123.664,Um Okay so we need to agree on the price of my lovely house in centennial Park,sale
203,0,123.664,139.122,Yep And we have to do it within I set the timer so we have 13:14 minutes,sale
203,1,139.122,154.58,Yeah Yeah I mean my like the video things as there remained on the on the on the upper right so that's the time we,sale
203,0,154.58,170.038,have Yeah I didn't mean,sale
203,1,170.038,185.496,yeah So I think uh the instruction says,sale
203,0,185.496,200.954,yeah,sale
203,1,200.954,216.412,you need to start,sale
203,0,216.412,231.87,gotcha Um I think we can say everything except there's a certain part that we can't say so,sale
203,1,231.87,247.328,Yeah But I imagine I mean you have a description of the house right I think that we can argue with respect to that and,sale
203,0,247.328,262.786,or yeah and the the other information there's only one part of it that I am not supposed to say,sale
203,1,262.786,278.244,Yeah I understood I understood the same thing Yeah,sale
203,0,278.244,293.702,"Gotcha Okay so um how about 200,000 with that work",sale
203,1,293.702,309.16,Actually no I think You know the listing price is 240 and you know I'm willing to to you know make it a little more um Convenient for you But to 2000 is out of the question I mean I uh yeah I'd rather I'd rather keep the house if that's the prize Um I was thinking you know something way away less of a discount as married and you know um Similar houses have been sold for prices around this this money but they were sold you know sometime ago they have the same sort of like square footage um and there was all at around 2 40 but it was some time ago So I was thinking you know to sell at around 2 40 maybe 2 35 But that's sort of like the neighborhood prize that that I would be asking,sale
203,0,309.16,324.618,"Gotcha Uh Here it says that the neighborhood prices to 13 213,000 or 200 um 33,000 Or to 39,000 on on my sheet I think I'm allowed to say that Yeah Yeah So can we just take the average of the neighborhood um prices you see Well I",sale
203,1,324.618,340.076,mean what we can calculate is how much square feet is uh in those cases right Because the one that is 2 13 it's actually a house that has 17 15 square feet Whereas uh we're talking here about a house that is Closer to the 2nd 1 right which is 1846 sq ft of space And as I was telling you those prices are a little bit old So there needs to be some sort of uh at least you know inflation accommodation without taking into account that market prices uh you know keep on going up in this area,sale
203,0,340.076,355.534,Uh I think there are current Oh I see Okay Um I mean I think I think we have to like take into account all the different house characteristics to though because there's like so much random stuff in this house like our places and all that stuff So I think I think the neighboring homes are probably just like honestly like equal homes like maybe it's smaller square feet But like who knows if they have what like what amenities they have So maybe we just assume that's like the price comp and then we just do the average Of all of them like add them all up and divide by three,sale
203,1,355.534,370.992,Um Yes but we were as I was telling you were dealing really with like different I mean let's just do that to begin with but I would feel more comfortable trying to arise at some price per square feet and then you know going for that because if I'm not mistaking what you're suggesting would be,sale
203,0,370.992,386.45,why don't we just add the yeah adding that all the three prices of the it says there are other options of homes So I don't I don't see anything that says they're like several years old or anything like that So I got up and divide by three,sale
203,1,386.45,401.908,Oh I mean I do see in my house description that you know that sorry let me just say the house Hmm You have always believed that I live in one of the nicest house in centennial Park area My house is favorably prize in comparison to comparable homes And it has been several months since the last house was sold in this area So all those prices which are selling prices are a little bit old That's what I was saying So under your um sort of proposal the price That we reach is 228 That's the average 28 800-29 would be rounding it up Uh and then if we take what I was suggesting which is um sorry doing The some of those three basically 2:33 600 and uh to 13 300 So that's 686 500 I'm just gonna make a little note So that's 686 500 And the square footage is 1715 plus 1875 plus 1920 Yeah So the average mm 551 arrow The average price per square feet is 1 24 60 So if we take that number times the square footage that gives something closer to 2 30 So it's 2 29 996 So can you Can you stretch to 2:30,sale
203,0,401.908,417.366,Uh,sale
203,1,417.366,432.824,Can we do to 20,sale
203,0,432.824,448.282,nine Just call it a day Okay,sale
203,1,448.282,463.74,Let's go to 29 and let's call it a date That sounds good,sale
205,0,0.0,7.295,Mhm So are we are we negotiating based off the same Um,no sale
205,1,7.295,14.589,uh I believe so I just want to make sure I'm recording Believe I'm um,no sale
205,0,14.589,21.884,should be the record button right next to the sheriff screen on the bottom right,no sale
205,1,21.884,29.179,Yeah it should be But for some reason minds is not,no sale
205,0,29.179,36.474,mm There are three dots that have more options,no sale
205,1,36.474,43.768,This is just like oh I guess I'm already recording,no sale
205,0,43.768,51.063,to have a pause stop recording option No because I started recording,no sale
205,1,51.063,58.358,Okay So maybe says audio options,no sale
205,0,58.358,65.653,You should record the breakout session to record click the recording meeting Control that monitor screen according your computer,no sale
205,1,65.653,72.947,Yes that's disabled Video No I don't want to do that I guess we should just start negotiating One of us is recording,no sale
205,0,72.947,80.242,Right Right Good enough,no sale
205,1,80.242,87.537,Okay So now am I so we're probably doing the same as last time,no sale
205,0,87.537,94.832,So I'm the buyer,no sale
205,1,94.832,102.126,Okay So I'm the Okay So I guess I just give you a number and you say yes or no,no sale
205,0,102.126,109.421,what we can we can negotiate however we want to um You know last time it was like the buyer needed to start with with an initial offer Um,no sale
205,1,109.421,116.716,"Alright so 200,000",no sale
205,0,116.716,124.011,Yeah I know that that sounds that sounds like a good starting point Um What is your initial Because is that what your initial is,no sale
205,1,124.011,131.305,My initial is to 20,no sale
205,0,131.305,138.6,2 20 Okay Um I'm good with 220 so we can lock that,no sale
207,0,0.0,19.254,"Hello Oh I would like to offer 200,000 for the house",sale
207,1,19.254,38.507,Oh that's a little tough for me It's a really nice house Um I actually had a much higher starting bid Um I was thinking somewhere around 2500 k,sale
207,0,38.507,57.761,"mm Um 2500 Isn't the listing price only 240,000",sale
207,1,57.761,77.015,Sorry numbers are hard for me um 250 uh,sale
207,0,77.015,96.268,"um Yeah that's a little bit out of my price range I guess Um I definitely can't go higher than the listed christ and looking at comparable housing in the neighborhood Um I think 210,000",sale
207,1,96.268,115.522,Mhm Um Mhm The house is listed for 240 Yeah Yes mm Well I mean it's really nice house I've lived here for quite a while Um Did you know that has split level style It's really nice for privacy and like the first one second floor you can kind of like like you can have people over but then they won't have access to more private rooms Um It's really nicely landscaped I worked with a contractor myself there's like a nice bonsai garden the back so I don't know it's it's hard for me to give it up Um Uh maybe like 20 238,sale
207,0,115.522,134.776,"Oh um so my price range really is pretty limited between yeah Uh like 210 225 so I really can't afford 240 even though I know it's a beautiful home Um How do you feel about 215,000",sale
207,1,134.776,154.029,Yeah mm Okay that's a little tough I still got some payments to make on it um Maybe 235,sale
207,0,154.029,173.283,"Um It's definitely getting closer to what I can afford but I do understand having to make payments because I do too um Let's see um I could do 220,000",sale
207,1,173.283,192.537,so alot for me Um I really think like 2 35 is around a good price Um You look at the houses around there's like one close to this number and it's a little bit bigger but only by like 30 square feet and that's basically a closet Um And you know I've I've walked by there and I think our amenities are much nicer So like I'm still hoping for somewhere around 2 35,sale
207,0,192.537,211.791,But that house is 30 square feet bigger but 1500 cheaper So I don't know I don't think I can Can do to 35 Um I could do 2 25,sale
207,1,211.791,231.044,Mm hmm I can I can level at maybe 1000 less like 2 34 It will it still be a little bit more expensive than the other house even though it's like slightly slightly smaller But again I think our amenities are much nicer Um we have hardwood floors um and also all the kitchens like entirely um stocked with appliances Also we recently renovated so it's like messing new Um so I I honestly think to 34 is a very reasonable price especially compared to the listings nearby Right I,sale
207,0,231.044,250.298,understand Um Well if you lowered By one grand I guess I can increase by a grant to I could pay to 26,sale
207,1,250.298,269.552,Reconsider Maybe I really think to 34 is like a very reasonable price for all the stuff that the house already comes with and also all the work that had been put in before to make it a really nice house,sale
207,0,269.552,288.805,"Right I just I'm sorry I can't I just don't have that much money to spend so I can't go much higher than what I've said I definitely can't go above 230,000 Um I could do um I can do to 27 2 32",sale
207,1,288.805,308.059,That's that's a whole renovation right there,sale
207,0,308.059,327.313,Um Yeah yeah I'm sorry I can't it's just not in my budget Um What about I can do to 28 but I really can't do much higher than that,sale
207,1,327.313,346.566,mm Earlier you mentioned you can't really go higher than 2 30 And that that's a pretty low pretty low price for all the stuff that comes with the house But you know what you sound like someone who would really enjoy the place so I want to sell to you Can we settle at 2 30,sale
207,0,346.566,365.82,I think so,sale
214,0,0.0,12.907,mm I Hello,sale
214,1,12.907,25.814,Hi,sale
214,0,25.814,38.721,I heard that you're,sale
214,1,38.721,51.628,marking for your house,sale
214,0,51.628,64.535,Excuse me come again,sale
214,1,64.535,77.442,I heard you in the market for a house,sale
214,0,77.442,90.349,Yeah I am I am looking to purchase a house and I heard you were the seller,sale
214,1,90.349,103.256,"Yes Well we have a great house available to buy It has about 1846 sq ft There are plenty of inside and outside amenities is no kidding You're a great neighborhood And transportation is within walking distance So I thought we could start with the price of around 240,000",sale
214,0,103.256,116.164,"Mhm Oh wow I mean I think those uh that was uh Amenities that you mentioned in the specs of the House Sound very good But I think 240,000 will be quite a high price Um",sale
214,1,116.164,129.071,um What price are you looking for Or like you can give me a range maybe,sale
214,0,129.071,141.978,"I'm sure I I think the value in which I was searching for was actually uh more close to the ballpark of 175 270 Uh Sorry 100 8500 Uh 87,000",sale
214,1,141.978,154.885,"Well if you're asking for that price I don't think we'll be able to buy a house with that much square footage because on average even a house with 1715 square footage that sells around 213,000 So you have to give at least 200,000 range for house that with that much space",sale
214,0,154.885,167.792,I see Is that a equivalent square feet um per dollar by referring to in this area,sale
214,1,167.792,180.699,Yeah it's like square feet of space And then they calculated per square footage,sale
214,0,180.699,193.606,Do you have a dollar value per square foot for those houses,sale
214,1,193.606,206.513,Uh No those are just average prices for those square footage,sale
214,0,206.513,219.42,I see Um Is it okay if I just do a quick calculation myself for that,sale
214,1,219.42,232.327,Sure No problem thank you Mhm,sale
214,0,232.327,245.234,"Well I guess in some ways you're right Um That's the 17,000 sq ft house is pretty good for its value Um That said I took a look at the numbers and it seems like when comparing the house that you have to offer at 18 40 60 cost per square foot is actually a good map higher Um So in that case I was hoping that I could readjust the offer to 200 flats",sale
214,1,245.234,258.141,"Um Well even with that Price is still well below the square footage because 1715 square footage is still at least $213,300 And this is not including the fact that the kitchen is like it's included with all the appliances and its newly decorated So we're not talking about old house here We're talking about something that's been nearly decorated and just like beautiful landscaping Mm",sale
214,0,258.141,271.048,wow I want to start house built,sale
214,1,271.048,283.955,It was built in 1947 but since everything has been recently renovated I don't think that would be a major issue,sale
214,0,283.955,296.862,You know when the renovations were performed,sale
214,1,296.862,309.769,"Well it states here in the description that it's been newly decorated so it'll be recent within the same year Of course Mhm I could lower the price maybe like 2 36,000 but I'm not really sure I'll be willing to go below that price Since you started at 1 80,000",sale
214,0,309.769,322.676,"Let me think to 36,000 for a house from 19 Sorry When do you say it was built again I don't remember that number",sale
214,1,322.676,335.584,It was built in 1947,sale
214,0,335.584,348.491,1947 Um Do you by any chance have the Uh huh The ages of the house that you're referring to for the 1700 sq ft house,sale
214,1,348.491,361.398,Do you want the listing number or what information are you looking for,sale
214,0,361.398,374.305,Um Do you happen to have the age of the house for the comparison Uh the one that was 1715 square foot,sale
214,1,374.305,387.212,No they don't provide it,sale
214,0,387.212,400.119,I see Um Yeah I only ask because I'm trying to you know way out the uh the different variables right now like the age of the house I understand that this one has a lot of renovations done and it does sound like a very good offer for per square foot in that terms but I think to me the priorities more on the other aspects of it Um So I'm trying to figure out if Your offer of 2 36 is going to make sense for my goals,sale
214,1,400.119,413.026,Well will you be willing to adjust your previous offer,sale
214,0,413.026,425.933,Um so [PERSON] Sorry give me a moment Yeah Yeah Mhm How does 218 sound,sale
214,1,425.933,438.84,Um that's still a good low,sale
214,0,438.84,451.747,"In my case for that It is in terms of the per square foot it is nearly the value for the uh smaller home that's valued at 213,000 Um but my concern is that this particular unit you're trying to sell is quite old From my understanding like 1940s Like uh I understand that there's new renovations and um decoration is done on top of the original structure which I appreciate But uh my family has a couple of you know young kids and then we just don't want to worry about the or construction material and uh you know possible uh previous exposure light and all that So um my understanding is that the other houses are not as old or I don't have evidence of that So that's why I would offset the square footage of a little bit um mm hmm",sale
214,1,451.747,464.654,I mean usually the main concern of old houses is that the interior the hardware is out of date But since it's nearly decorator renovated and it even includes like updated landscaping and it's a brick house I don't really think the age of the houses that much of a factor in the price,sale
214,0,464.654,477.561,Mm,sale
214,1,477.561,490.468,"So I mean if you want I could lower it a little bit more to maybe 2-30,000 But anything below that Yeah Anything below that I will have to like end this conversation Yeah Mm hmm Yeah Okay Mm",sale
214,0,490.468,503.375,What what how would you feel if I just matched it based off of square footage alone like to the other house you were using for comparison,sale
214,1,503.375,516.282,"Well even if we matched I'm giving you a really good offer since 1875 is already giving to 33,600 And the square footage 1846 only approximately a little bit less than dirty square foot difference So if you're not willing to accept to 30,000 I'm not really sure how you're",sale
214,0,516.282,529.189,calculating It's 30 square foot difference from a 1715 square foot house,sale
214,1,529.189,542.096,From 1875 square foot house,sale
214,0,542.096,555.004,"Oh I was referring to the one you mentioned earlier which is the 1715 sq ft for 213,000",sale
214,1,555.004,567.911,"mm 18 75 square foot is already asking for 2 33,600 And I'm giving you a house for 2 30,000 For only like about 30 square foot difference",sale
214,0,567.911,580.818,Right Um And I hear you on that it's just that when I use the smaller house the 1715 just because size is not the biggest factor for me uh the analogous I guess equivalent conversion is around 228,sale
214,1,580.818,593.725,Well since this is the only house available that I'm telling you if you're looking for a smaller house then we don't have that property available,sale
214,0,593.725,606.632,Yeah How did you feel About 329 I think that's a fair compromise between the two,sale
214,1,606.632,619.539,Uh I guess this conversation is over then I guess there's no deal then,sale
214,0,619.539,632.446,Yes So you're pretty adamant on 2:30,sale
214,1,632.446,645.353,Yes Too dirty Or there is no deal,sale
214,0,645.353,658.26,Okay 2 30 years,sale
219,1,0.0,8.658,Hey how you doing,sale
219,0,8.658,17.316,I'm well how are you,sale
219,1,17.316,25.974,Yeah I'm all right I'm all right so you want to buy a house A,sale
219,0,25.974,34.632,I do Um I'm looking to purchase a house How about 2-20,sale
219,1,34.632,43.29,To 20 wow that's super low I mean this house is it's beautiful it's built in 1940s It's close to schools it's really really good So I'm thinking at least 2 40,sale
219,0,43.29,51.948,Yeah 2 40 is way out of my price range How about 2 25,sale
219,1,51.948,60.606,I mean you need to come up a bit more than that Um And if you look at the price of other houses in the area they go for a lot more than that So how about we say 235,sale
219,0,60.606,69.264,Yeah I'm not really trying to spend 2:35 I'm happy to go up Another 1000 So how bout to 26,sale
219,1,69.264,77.922,U 26 - 26 I tell you what How about if you put another 4K On top of that we make it to 30 and we can both be happy with with the sale,sale
219,0,77.922,86.58,What about 2 27,sale
219,1,86.58,95.238,No you're pulling my leg now now I think my house is worth 2 30 I'm gonna stick with 2 30,sale
219,0,95.238,103.896,About 2 28,sale
219,1,103.896,112.554,You really really pushing for two K Now I know what my houses with so no more than 2 30,sale
219,0,112.554,121.212,Okay how about 2 29,sale
219,1,121.212,129.87,What mm You're really gonna you're really gonna lose this this beautiful house for one K For one grand,sale
219,0,129.87,138.528,It's cove it you know every little bit,sale
219,1,138.528,147.186,I get it I get it But I mean what do you really like about the house,sale
219,0,147.186,155.844,Um You know that it will work for my family and I you know we're expanding our family and so we love that there's just a lot of space that's available Um And plus it has a great yard which will certainly come in handy when it gets nice again,sale
219,1,155.844,164.502,Excellent Excellent Well all of that is definitely worth at least 1000 So let's make it 2 30 I'll shake your hand and we can both go our separate ways,sale
219,0,164.502,173.16,All right you're a tough negotiator will go for 2 30,sale
22,0,0.0,18.188,Yeah Mhm Okay,no sale
22,1,18.188,36.376,Um,no sale
22,0,36.376,54.564,Yes I can All right awesome Um Well I was thinking considering the some of the prices in the area That I would be willing to offer around or about to 20 as my starting offer Um Yeah I just think that Uh considering the house with so much specification sold for 2 13 it's a pretty generous starting offer,no sale
22,1,54.564,72.752,Yeah mm,no sale
22,0,72.752,90.94,mm Do you have a counter offer or just thinking,no sale
22,1,90.94,109.128,"All right So the counter will be to 40,000",no sale
22,0,109.128,127.316,Yeah that is not gonna work for me but I can go up to 2 25,no sale
22,1,127.316,145.504,Mhm Lowest The absolute lowest I can do is to 30,no sale
22,0,145.504,163.692,The absolute lowest Yeah And how did you come to that,no sale
22,1,163.692,181.88,Well I mean it's basically my break even point I would have to get more than 2:30 to do it to get any kind of gain,no sale
22,0,181.88,200.068,Mm,no sale
22,1,200.068,218.256,"2:30 is also in line with the square footage So the house is 2 13,000 Um If you use the same rate per square foot and then you compare it to the 18 46 square video space in this house You're basically arrive at 2:29,000",no sale
22,0,218.256,236.444,"Do you arrive at 2:29,000 So what about We split the difference to 29 50 Or 2 29 500",no sale
22,1,236.444,254.632,Well if you look at the actual calculation it's 2:29 592 So if you want to look at the difference it would be like to 29 7 500 But at that point I wouldn't want to sell the house at all Mm,no sale
22,0,254.632,272.82,Mhm Okay Um And that is your that is your limit 2:30 You're holding to that Yeah Um mm Okay I'll have to think about it Yeah Mhm Mhm Yeah mm Yeah Mhm 2 30 Sounds Good,no sale
229,0,0.0,10.308,Hey Hey,no sale
229,1,10.308,20.616,listen have you started recording yet,no sale
229,0,20.616,30.924,Yeah I have Are you good to,no sale
229,1,30.924,41.232,Yeah so uh,no sale
229,0,41.232,51.54,"yeah I'm looking for a house somewhere around the like 200 men $5,000 Yeah What are you thinking",no sale
229,1,51.54,61.848,House is worth 2 40,no sale
229,0,61.848,72.156,2 40 iron I have here that uh There are similar houses in the area worth 2 15,no sale
229,1,72.156,82.464,You have a smaller it's a little yeah they're smaller so all right close to schools So how about 2:35,no sale
229,0,82.464,92.772,Um That's still a little high,no sale
229,1,92.772,103.08,Yeah So what are you thinking,no sale
229,0,103.08,113.388,to 20,no sale
229,1,113.388,123.696,No no it's too long Right Um If we agree on maybe 2 30 two that should be fine,no sale
229,0,123.696,134.004,2 32 mm All right Yeah Um Maybe that's still a little bit out of my price range Um How about 2 25,no sale
229,1,134.004,144.312,It's way too low it's way too low This houses place to schools It's in immaculate condition So I'll tell you what let's just shake on 2:30 PM How about that,no sale
229,0,144.312,154.62,2 30 Um All right Yeah I can do to 30,no sale
230,0,0.0,12.965,"already good too Yeah so uh yeah Mhm Mhm I'm looking for a house somewhere around the like 200 men $5,000 Yeah What are you thinking",no sale
230,1,12.965,25.931,House is worth 2 40 C 40,no sale
230,0,25.931,38.896,Irene I have here that uh There are similar houses in the area worth 2 15,no sale
230,1,38.896,51.862,You have a smaller two Yeah they're smaller so all right close to schools So how about 2:35 Um,no sale
230,0,51.862,64.827,That's still a little high,no sale
230,1,64.827,77.793,Mhm So what are you thinking,no sale
230,0,77.793,90.758,to 20,no sale
230,1,90.758,103.724,No no it's too long Right Um If we agree on maybe 2 30 two that should be fine,no sale
230,0,103.724,116.689,2 32 mm All right Yeah Um Maybe that's still a little bit out of my price range Um How about 2 25,no sale
230,1,116.689,129.655,It's way too low it was way too low These houses close to schools It's in immaculate condition So I'll tell you what let's just shake on 2:30 PM That was it,no sale
230,0,129.655,142.62,2 30 Um All right Yeah I can do to 30,no sale
232,0,0.0,16.88,Oh yeah I forgot to do that too,no sale
232,1,16.88,33.76,Mind recorded,no sale
232,0,33.76,50.64,Okay same Yeah Um Okay so what do you think About 210 1000,no sale
232,1,50.64,67.52,"Um I was thinking quite a bit hard Higher Um I was gonna offer to start um 260,000",no sale
232,0,67.52,84.4,"Um Yeah that's definitely hi for me Um What about yeah like 200 20,000",no sale
232,1,84.4,101.28,"Um I would say that's getting closer to what I'm willing to sell for but um I just know that this house is in a pretty good location and um I've heard from a couple of realtors that it should be a little higher So um I'll come back to you at about uh Mhm 245,000",no sale
232,0,101.28,118.16,"That's still high for me Um And Mhm Sure Um The listing price Sure Like for like the this house is close to other houses on the market that are selling for like to Around 230,000 Um Would like to 27,000 work",no sale
232,1,118.16,135.04,"Um How About 230,000",no sale
232,0,135.04,151.92,Yeah 230 works,no sale
234,0,0.0,9.958,problems recording if you don't know Good Yeah Good Thank you so much It yeah if you haven't initiated the meeting sometimes you cannot record it so and that's what's going on here Um Yeah basically I guess I'll just start off I wanted to offer 2 24,sale
234,1,9.958,19.916,"That's uh that's a bit low Um I someone else wanted to buy this house for 300,000",sale
234,0,19.916,29.874,"Well Why did you not sell it for 300,000",sale
234,1,29.874,39.832,Sorry say again,sale
234,0,39.832,49.79,"Did you just say that someone wanted to buy it for 300,000",sale
234,1,49.79,59.748,Yeah,sale
234,0,59.748,69.706,Um Why did you not sell it at that time to that person,sale
234,1,69.706,79.664,Well I was I was waiting to see if there are any other offers So I was looking at offers on the table but I'm willing to reduce it for you though Right Um,sale
234,0,79.664,89.622,"Sorry Yeah Um Well um they Mhm Okay Uh it's still escapes me why someone would offer you 60,000 over your asking price Um And then you wouldn't just take it Was there some problem with their financing or something of that nature",sale
234,1,89.622,99.58,Yeah Yeah I wasn't sure exactly I looked through a financial stuff and it looked a bit sketchy so and you know you know like people can scam you and all that and I thought maybe it was on the scammers so I considered it Well I did some background checks and no just no,sale
234,0,99.58,109.538,Oh okay Yeah I can understand Well just to explain basically I've already been pre approved for um for this financing for this purchase Um And um so Why don't we say 230 counter offer,sale
234,1,109.538,119.496,"Um 270,000",sale
234,0,119.496,129.454,No,sale
234,1,129.454,139.412,"Yeah because obviously like uh 300,000 was a bit too much I believe So I'm lowering it down a bit No",sale
234,0,139.412,149.37,but that's that's above your asking price To 70,sale
234,1,149.37,159.328,to 70 mm Wait So are you so you're not going to take to 70 Right,sale
234,0,159.328,169.286,Oh no,sale
234,1,169.286,179.244,Okay Okay Do you have a counter offer,sale
234,0,179.244,189.202,Uh Well you're asking crisis to 40 Is that not correct,sale
234,1,189.202,199.16,by asking for a way Well wait was that did I say that in yours,sale
234,0,199.16,209.118,I'm sorry,sale
234,1,209.118,219.076,Oh I mean like um did that say that in the role for your own the buyer Did you see how much the house is worth or something,sale
234,0,219.076,229.034,No No I thought that the listing was at a certain price I thought it was listed at a certain christ,sale
234,1,229.034,238.992,"That's right The listing yes Oh yeah I forgot about that Um yes the asking price is 240,000",sale
234,0,238.992,248.95,Okay You worried me I thought we had completely different directions I,sale
234,1,248.95,258.908,forgot about That's my,sale
234,0,258.908,268.866,bad Yeah so anyway uh Yeah I did want after 2:30 against the 2:40 Um,sale
234,1,268.866,278.824,"Well what do you think about 2:30 235,000",sale
234,0,278.824,288.782,Uh to make me feel better Can you make it 233 1000 Uh huh,sale
234,1,288.782,298.74,Mhm mm Yeah actually I can do that,sale
241,0,0.0,19.616,Hello,no sale
241,1,19.616,39.231,Hi,no sale
241,0,39.231,58.847,Hi how are you,no sale
241,1,58.847,78.463,I'm good how about yourself,no sale
241,0,78.463,98.079,Good Thank you Um So I am extremely interested in your property and in Centerville Great Great Oh my God it was very lovely There were a few things that definitely you know could use some updates or work but I'm sure you know that,no sale
241,1,98.079,117.694,Yeah So um what do you what do you like about the house I know it's right in the middle of Centerville right near centennial Park It's a super desirable area um Super close to restaurants and some nightlife if you're interested in that So I'm sure you already know But what what do you like most about the house Um,no sale
241,0,117.694,137.31,I'm definitely looking for several bedrooms So I like how it has four bedrooms and then you know potential for that recreation room the bathrooms Where you know 2.5 baths for four veterans is also good I think this space You know is great as well The 1846 4 ft I enjoyed how we wouldn't have to redo the hard work floors that they're already finished Um And the appliances included and start like notes and that's great And then also you know the the landscaping I thought was very nice and updated with the time which is appreciated So,no sale
241,1,137.31,156.926,Oh perfect So I'm glad I'm glad you really like the house Yeah we put actually a lot of work into it since we've lived here So um yeah we were hoping to sell it for a pretty reasonable price Um We do have a we do have a price in mind that we that we have listed it for but we are open to negotiating,no sale
241,0,156.926,176.541,Wonderful Um So I you know I'm gonna I'd like to place an offer with my real estate agent but wanted to talk to these birds Um Thanks you know my family and I are comfortable going in at about uh Let me see here So I wrote down and I know um 2 15,no sale
241,1,176.541,196.157,Okay we have it we have the asking price at 2:40 and that is because it's a substantial size We do have that fourth bedroom Um A lot of the houses in the area do not have 2.5 baths and plus that extra playroom recreation room So if I was to counter I would come down probably to uh 2 35,no sale
241,0,196.157,215.773,That is still I think too too much to be honest just because you know with the detached garage with four bedrooms Um You know and the individuals that would be living in my home it's only in our space for really the two cars and it's detached So that was kind of a turn off the fact that you know I did some research within the area and there are houses that were substantially bigger selling for um you know around that price So I think you know I will counter into 35 in common at about 222,no sale
241,1,215.773,235.389,Okay I mean just given the area I think we did update the landscaping there There's a completely fenced in backyard which a lot of the other houses did not have We did a lot of landscaping took down trees um and it is within walking distance of restaurants and like different you know different places downtown So I think I would only be comfortable going down to um about two 32,no sale
241,0,235.389,255.004,and okay what would you say if If we landed on an even 2:30 um just because I know you said it's close to the restaurants and transportation but again after doing a lot of research in the area just given the sheer square footage and the fact that that area gets a lot of traffic I think that is you know the next area desirable Yes But also there's a lot going on and you know with small Children to fill out of the bedroom That's a that's a concern for my so,no sale
241,1,255.004,274.62,Um I would be happy to take your offer of 2:30,no sale
245,0,0.0,12.343,good how are you,sale
245,1,12.343,24.685,Good Um So yeah I'm the son of the house I are we supposed to go in a certain order,sale
245,0,24.685,37.028,I don't think she said to I think we can go in any order so I'll let you start,sale
245,1,37.028,49.37,Awesome Uh So yeah I've been stuck in the house I sell that to 54 to 40 Um Not much has been happening so I'm going to go down but not by much Um What's the offer that you're willing to give me,sale
245,0,49.37,61.713,So listen my price range is lower than that I'm not they really I can go kind of Max is gonna be to 20 for me Um Looking at the the neighborhood and how close you are to the loudness of the city It's not ideal for me So I know yeah I can't can't go much higher than that,sale
245,1,61.713,74.055,That's tough Um Yeah my my house is a lot of cool stuff Has the backyard Um I don't know why I imagine this is Chicago for some reason but um that's pretty cool There's okay The fireplaces are great I'll give you that um before bed 2.5 bath Like one of them is probably like connected to the bedroom I don't know How do you how do you feel about 2 35 How hard the account,sale
245,0,74.055,86.398,and go up that high Listen I looked at the other area the other houses in the neighborhood and they're selling for for a lot less And listen this is an older house there's probably some foundational issues There's probably going to be some work that needs to go into it I know there was a facelift done Um But really I think to 25 is going to be by my upper bound,sale
245,1,86.398,98.74,So I pricing and even if you sell it at the same price per square foot it's still like 200 something,sale
245,0,98.74,111.083,right Yeah The pricing person So you're offering to 30,sale
245,1,111.083,123.425,Yeah,sale
245,0,123.425,135.768,listen I'm trying to make a profit on this so when I resell it right I'm gonna have to put money into it as well So if I'm selling it for 230 later on I need to have some margin for myself Right So what about 2:27 Mhm Okay Yeah Text to 27 sound,sale
245,1,135.768,148.11,I Sounds like 2 30 is pretty much my floor,sale
245,0,148.11,160.453,All right Like I said I don't think I can can go that high Right I'm gonna have to put money into it to fix a lot of the issues that are in the house and then I'm gonna have to resell it right So I need it myself,sale
245,1,160.453,172.795,"But what's what's like that $3,000 difference You know like is there really that much that's going to go into that in your profit Like housing prices are going up so much you know like they're going to go up like thousands of dollars",sale
245,0,172.795,185.138,That's not necessarily TRUE right inflation happens each year and housing prices like the housing market hasn't been too consistent lately right Certain areas especially city centers now now if you look at this is a city center right Uh with with Covid and everything going on in pandemics probably gonna be the new normal uh People aren't looking to move into into those areas,sale
245,1,185.138,197.48,Um I think the,sale
245,0,197.48,209.823,I don't think is,sale
245,1,209.823,222.165,Overstated and especially considering the past 20 years of housing price increase like it's not enough to cancel that out Like housing prices have consistently increased faster inflation Like not like obviously like year on year but like if you calculate the average over time like my like I'll paste it by a lot I can send you a chart if you want,sale
245,0,222.165,234.508,Um I would again disagree with that statement right Because we're looking at right now this isn't a an unexpected turn of events right The housing market isn't what it used to be And I think this is setting up a lot of people to not want to be in city center so The last 20 years might be one thing But again this is unprecedented times So I don't want to go into this making a loss,sale
245,1,234.508,246.85,Well you don't know that's the whole point,sale
245,0,246.85,259.192,Same goes for you right I know you're trying to sell the house at one place but still a little hot,sale
245,1,259.192,271.535,How about let's split the difference to 28.5,sale
245,0,271.535,283.878,I'm Good with 2 28,sale
245,1,283.878,296.22,Sure let's go for it,sale
252,0,0.0,9.338,Hello Hello Hello how are you I'm good how are you I'm good Also yeah I would like to buy a house Yeah Yeah,no sale
252,1,9.338,18.675,sure What do you what are you prepared to offer me,no sale
252,0,18.675,28.013,Um I think because you know the economy is not very nice now so I think it would be Uh cheaper I think Um my budget is about 22 200 - 220000s,no sale
252,1,28.013,37.35,Okay I think I think that's a pretty good starting point Um I my um original Off my original asking price was 2:40 Um Is there any way you could do like 2 35,no sale
252,0,37.35,46.688,235 is a bit too much for me because yeah you know uh yeah how about a little bit lower,no sale
252,1,46.688,56.025,What are you thinking What are you thinking,no sale
252,0,56.025,65.362,Um um And 230 other,no sale
252,1,65.362,74.7,I think I can do to 30,no sale
254,1,0.0,14.986,Hi All right how are you,sale
254,0,14.986,29.972,I'm doing well how are you,sale
254,1,29.972,44.958,Good good,sale
254,0,44.958,59.945,good Um So in reviewing your house I'd like to put in my first offer at 2 17 AM I noticing that the house is smaller than some of the others around the neighbourhood It's also um fairly old So I think there's gonna be some upkeep that will need to do um to keep it,sale
254,1,59.945,74.931,"So the asking price is $240,000 as I'm sure you're aware I don't think I agree with your keep comment I mean like um we recently it's really decorated inside We finished the hardwood floors Um you know so it's there's some updated bricks outside Like I don't think there's too much too much in the way of update that we haven't already covered",sale
254,0,74.931,89.917,I don't know I noticed that the appliances aren't stainless steel they're just listed as all appliances when it's not detailed Diets to assume to think it's older outdated appliances The newly decoration is less than a new remodel,sale
254,1,89.917,104.903,Well you know how like this is really cool things like played obsolescence right So like I find out like usually older uh appliances especially things like refrigerators and whatnot Like the older ones honestly last a lot longer than one the ones that you buy right now Um,sale
254,0,104.903,119.889,Yeah but I'm doing a short term investment so I'm planning like I'm here for a few years while my spouse is working and then we've got to move So I'm thinking longevity of um in five or so years when I'm leaving What like where I'm going to be I'm sorry,sale
254,1,119.889,134.875,um Okay well I'll break down So I had 240 I'll bring it down to 238,sale
254,0,134.875,149.862,Okay Um there's no description about the roof and I've noticed that homes built before 2000 and normally the roofs are needs some work So what about uh 2 20,sale
254,1,149.862,164.848,I don't think I can go for that But again I don't know if I agree with your characterization but look like I worked very hard on it and you know it's the entire out the entire outside it's all it's all updated The landscaping is just absolutely marvelous and beautiful The backyards offense to everything Giant garage Like I don't know I mean the roof itself like it isn't Okay How about I'll still forget down a little bit but I got to just 235,sale
254,0,164.848,179.834,Okay Um what about so there's a home that's slightly bigger near you Um That I've three tell is A little over a little closer to 2:34 so what about 2:33,sale
254,1,179.834,194.82,Mm You got yourself a deal for 233,sale
256,0,0.0,11.368,Hello Okay look this is not a situation Can you hear me very well,sale
256,1,11.368,22.736,Can you hear me,sale
256,0,22.736,34.104,Yes I can hear you just fine Okay,sale
256,1,34.104,45.471,great helps it by a mute,sale
256,0,45.471,56.839,Yes,sale
256,1,56.839,68.207,So what is it I'm the seller,sale
256,0,68.207,79.575,Yeah,sale
256,1,79.575,90.943,All right so um I just want to present this house too I believe it's a lovely house and that will meet all your needs Um It's a single family home and um it has enough bedrooms for quite a large family and includes a recreation room that everybody loves And uh or if there's a lot of space for those big screen TVs that everybody has these days Uh Do you have any questions on it at this time or do you want me to go through some of the amenities,sale
256,0,90.943,102.311,No not at all Um I'm wondering what price you're aiming to sell your house at,sale
256,1,102.311,113.679,"Um I believe that it's a beautiful house and worth every penny You know there was a lot of heart and soul put into it and we'd like to get um price that we feel is relative to the market and that Of $240,000",sale
256,0,113.679,125.046,"Yeah that's really high for me and I'm aiming to get around $220,000",sale
256,1,125.046,136.414,Um Yeah we're at a big discrepancy right now so maybe I could go into more details about what the home offers that might make it more appealing to you and see why I feel it's worth the value of the 240 has uh a lovely master bedroom with a master bath a large eat in kitchen which we all love that favorite place of the house with some fireplaces Um For those cold winter nights in the New England area Um I mean I can negotiate a little but not too far down I think like I said it's worth everything Um It has to offer So to 35 will be one of my final offers,sale
256,0,136.414,147.782,I think 235 is still too too high for me and maybe,sale
256,1,147.782,159.15,two,sale
256,0,159.15,170.518,25,sale
256,1,170.518,181.886,"Um We're still a little far apart Um So I'd like to just try to you know again uh Reiterate that it's near restaurants Um It's you know has out it has updated bricks so it'll save you on any long term repairs down the road Uh The newly decorated um rather rather large state Yeah a rather large space Um And I think it would be perfect for you and your family So I'm I could go down like $2,000 to 2 30 Where was I 2 30 five",sale
256,0,181.886,193.254,Yeah I think to 35 is too high and I cannot accept that offer Um we are looking at other houses that are willing to pay much lower Uh so I could go up to 27,sale
256,1,193.254,204.621,Um I think I'm gonna lock in at 2:32 because I feel that for everything in the area there's not a lot of homes that sell it's one of the nicest areas in the town Um I think it's worth every penny and I think you'd be very happy there,sale
256,0,204.621,215.989,Um you drive a really hard bargain How about lock out at 2:30 and call it a day,sale
256,1,215.989,227.357,How about the 2:31 and then I'll be happy,sale
256,0,227.357,238.725,No I can't go farther than 2.32:30 is my highest offer,sale
256,1,238.725,250.093,Okay Um Can I think about it and let me see what else I could think of You know it has a fenced in yard If you have a dog I don't know if you have a dog that would be something that would be useful Do you have any pets,sale
256,0,250.093,261.461,Uh no I don't have any pets but really I'm stretching my budget way over already by just saying to 30 that's the highest I could,sale
256,1,261.461,272.829,Really go Okay I mean I'd accept to 31 and then uh we can call it a split I've come down from when I started at 2:40 So that's a pretty significant drop,sale
256,0,272.829,284.196,Yeah I really can't to 30 is the highest I will go,sale
256,1,284.196,295.564,Um um Let me uh see what else we have here Um,sale
256,0,295.564,306.932,We are local control Oh yeah,sale
256,1,306.932,318.3,yeah okay I guess we'll have to settle on Okay let's say um 2 30,sale
259,0,0.0,14.795,Hello Hi how are you Good how are you Well,no sale
259,1,14.795,29.591,thank you cold,no sale
259,0,29.591,44.386,"Yeah we just one quick question We can use both appendices Mhm Okay Cool Um so my starting price is $180,000",no sale
259,1,44.386,59.181,"I'm sorry That's unfortunately too low I was really thinking of um 2,045,000",no sale
259,0,59.181,73.976,Okay wait sorry can you repeat that,no sale
259,1,73.976,88.772,"Sure um 245,000 I took 40",no sale
259,0,88.772,103.567,Yeah Uh I'm afraid I can do that Okay Um What if I,no sale
259,1,103.567,118.362,just really love this house and I've done a lot to build it up Have a lot of memories here made sure that it's good for the market I mean comparatively I was doing some research and um my real estate friends believe that's like a pretty fair price to ask,no sale
259,0,118.362,133.158,"Yeah I've been doing some research too and prices of similar outside the houses of similar amenities and um square footage are generally priced at lower than that so I'm afraid I can't go that high What about Something closer to $210,000 Um That's still",no sale
259,1,133.158,147.953,a little low for me I was wondering what kind of like square footage you were looking at and how much those were Because mine is like at a pretty decent 1800 Um and then based from my calculations like The closest 1800 square foot unit is already asking for 233 Um And they don't even have like newly decorated amenities,no sale
259,0,147.953,162.748,"Uh huh I'm not entirely sure that information about the decorated amenities He's right I think the house with A similar square footage to 1800 So even bigger than that already has similar amenities and declarations as the house you are selling And that's price That's Closer to 230 1000 rather than 140,000 That's why I think it's fair that this is the price of this house should be lower than that one Um",no sale
259,1,162.748,177.544,With the square footage Are you looking at uh 1875 sq ft unit Yeah Okay And the selling price for that was 233 Yes Got it Um So I would be much more comfortable with that price range around that area Um I don't know how you feel about that,no sale
259,0,177.544,192.339,I feel it's a little too high for me because well I can get the slightly bigger house for that What about something um Closer to 200 and 25 I need somewhere in the middle Um,no sale
259,1,192.339,207.134,The last person I had um we had discussed this and they were thinking about 230 which I felt was already um a compromise,no sale
259,0,207.134,221.929,Okay Um I'm not sure I can go above 200 and 30 Are you saying you would agree to a price of 230 or that you would not be comfortable with that Either,no sale
259,1,221.929,236.725,I can compromise with 230,no sale
259,0,236.725,251.52,Okay then I think we can reach an agreement at 230,no sale
260,1,0.0,4.475,Oh my God already,no sale
260,0,4.475,8.95,Okay Okay so yeah do,no sale
260,1,8.95,13.425,you have any offers,no sale
260,0,13.425,17.9,Yeah To 15,no sale
260,1,17.9,22.375,Oh wow,no sale
260,0,22.375,26.85,Uh 2020 is reasonable,no sale
260,1,26.85,31.325,Um That's a little low for me I was thinking more along the lines of 2 35,no sale
260,0,31.325,35.8,2 25 Mhm,no sale
260,1,35.8,40.275,I I think I could I do too 27 I don't think I can go as low as 2:25,no sale
260,0,40.275,44.75,How do you feel about 26,no sale
260,1,44.75,49.225,Um I think I'm gonna stick to 227 I really feel like my house has got that value and and despite the fact that it's old we've done a lot of repairs mm and it's in very good condition,no sale
260,0,49.225,53.7,Okay um I'm good with 227,no sale
267,0,0.0,17.826,Hi how are you I'm good how are you Thanks You ready to get started,no sale
267,1,17.826,35.652,Yeah,no sale
267,0,35.652,53.478,"Okay great Um So um I'm interested in buying your house and I'll start by making an offer of 218,000",no sale
267,1,53.478,71.304,"Okay Um Free I think this house is a really good house Uh It's like a location and I wanna reach a little bit higher and say um 240,000",no sale
267,0,71.304,89.13,"Yeah I mean I do agree It's a great location Um However it's for what I see on the listing it looks like it's about 1800 sq ft And you know some simple similarly sized houses have sold recently for From 213,000 Um I think maybe I don't know I'd like to make a counter offer 220,000",no sale
267,1,89.13,106.956,Okay Uh Yeah I do agree There have been houses with like similar uh Yeah just similar what basis and amenities at this house Fast But um it's just when I renovated this house Um I feel like it's a pretty it's pretty nice just four bedrooms 2.5 bathroom And since it's like pretty old I want to say um I will telling her you're um I was out there you're proposal with um When are you to 5000,no sale
267,0,106.956,124.782,Sorry How much was was your counter offer,no sale
267,1,124.782,142.608,22 5000,no sale
267,0,142.608,160.434,"225,000 did you",no sale
267,1,160.434,178.26,"Say 25,000 Okay",no sale
268,0,0.0,12.231,Okay I just started recording So did I Okay how you doing I'm,sale
268,1,12.231,24.462,good how are you,sale
268,0,24.462,36.692,Well um this is interesting I guess Um just look at the at the tab Um Yeah so I guess we can just start with the basic number and then we can kind of With how we feel I think to 15 is where I would like to be Um a stuff of like what I'm what I'm looking at,sale
268,1,36.692,48.923,unfortunately I can't go that low Um It's a really really nice house and it has a great resale value So I'm looking more like 2:40 So if you want to work from there,sale
268,0,48.923,61.154,yeah you know I'd be willing to to work work a little bit Um Honestly my price range is not not that much higher Um what can you do better than to 40,sale
268,1,61.154,73.385,Uh Well considering it's such a great neighborhood in such a great house and as I stated before the resale value is tremendous So if you ever had to sell you would never lose on this I could go to 35,sale
268,0,73.385,85.615,35 Yeah it's still a bit high So um you know I'll be honest I'm not really looking at this I understand you have a nice amenities and you know fireplaces are great and all but I am a student and I'm not really you know I don't really need too much I'm kind of just looking for the area and and uh you know just looking at some of the other listed prices Um You know they're similar stuff going on for 2:15 - 13 There's some higher end stuff that is being offered closer to I guess the price range you're looking for But um I'm not that kind of buyer right,sale
268,1,85.615,97.846,Unfortunately I can't really go much lower Where where is your like top,sale
268,0,97.846,110.077,Um yeah I want to work with you to make something that is good for both of us Um I could go up until like 2 17,sale
268,1,110.077,122.308,Yeah That still puts me in a bit of a bind As far as I'm also purchasing a house myself So,sale
268,0,122.308,134.538,I,sale
268,1,134.538,146.769,probably have to go firm at like 2 25,sale
268,0,146.769,159.0,25 Um 25 I can do to 25,sale
271,0,0.0,23.367,"Hi I would like to offer $200,000 for this house",sale
271,1,23.367,46.733,"Hello I think we're going to have to go a little bit higher than that My starting offer is 235 $1,000",sale
271,0,46.733,70.1,"Mhm I really like the house However I have also been doing a little bit of research on houses in the area with similar characteristics For example there's a house right nearby Um that has Over 1900 in square feet Whereas like this apartment Or this house is only 18 is less than 1850 square feet And that has sold for 230,000 Um So for me it's got to be a lesson Less than 2 35",sale
271,1,70.1,93.467,"Okay I hear what you're saying I think that I'll talk a little bit about the beautiful inside and outside amenities that this house has to offer You have beautiful hardwood floors fireplaces master bedroom with an on suite bath newly decorated There's landscaping there's brick it's a beautiful home that you can do a lot with Um you know mid century split level style beautiful home Um So you know although there are homes that may be a little bit bigger um in the area I see that there is one you know that has 18 75 square feet which is a little bit more than the amount of square feet that this home has But sold for 233 1600 So I'd be willing to go with uh 2 30 If that sounds good to you 230,000",sale
271,0,93.467,116.833,"Um So I definitely hear what you're saying about the house like I do agree the amenities are like really nice It is a beautiful home Um But you know I think it has to be a competitive price right And like I am willing to raise my offer um I don't think I can do a whole ton more then So I initially offered you um $200,000 Right",sale
271,1,116.833,140.2,Mhm,sale
271,0,140.2,163.567,I can go up two two 15 Um I mean we can keep negotiating but I'm not going to have a whole ton more wiggle room,sale
271,1,163.567,186.933,"Okay I hear you on that I hear you on that Um I think I'd be willing to decrease my offer to 225,000",sale
271,0,186.933,210.3,Um I think 200 so 225 I think that could work It is a little bit more than what I would ideally like But I think I can work with that Yeah,sale
272,1,0.0,15.036,Oh yeah we have to record Do I also have to press record too I think I should,sale
272,0,15.036,30.072,"Okay Uh Yeah I think so I think we we both need a no Not really Mhm All right So all right So I guess we can begin Right okay So um All right So I'd like to offer like to offer 189,000 for the house",sale
272,1,30.072,45.108,"That is that is too low unfortunately Um I have it originally at 240,000 Um Is there any compelling reason why you think that it's worth 180,000",sale
272,0,45.108,60.144,Yeah Um Well yes I've been pricing houses in the area and um the prices of houses that are comparable in terms of square footage and other sorts of um features that the house that the house your house has Um The prices were much lower,sale
272,1,60.144,75.18,"Really actually um I have I've actually compared the prices of neighboring homes with similar characteristics And um the house that I am currently selling has 108 um 1,846 sq ft of space Mhm And um other comparable ones were actually around the same price range Where there's one that is roughly 1900 square footage which is which is just 50 square footage off And that was priced at Um $239,000 Mhm",sale
272,0,75.18,90.216,"Okay So that's how much So so then you're willing to come down $1,000",sale
272,1,90.216,105.252,Oh no I'm willing to negotiate,sale
272,0,105.252,120.288,Okay,sale
272,1,120.288,135.324,"Negotiate I just cannot accept $180,000",sale
272,0,135.324,150.36,Okay So then what would your counter offer be,sale
272,1,150.36,165.396,"Um My counter offer would I would be willing to go down Um Okay $4,000 So um 230 6000",sale
272,0,165.396,180.432,2 36,sale
272,1,180.432,195.468,Mm Hmm Mhm Are there any like of the amenities that are not to your liking,sale
272,0,195.468,210.504,Oh no the amenities are are wonderful I did have um ah I did do a walkthrough with um you know with ah with an appraiser And we were looking at some of the some of the things in the house we were concerned about the heating system The heating system looks like it might be a little old So we might need to I mean the house was built 50 Good you know um 70 years ago So we were concerned that the heating system might need to be looked at and that can be that can run into tens of thousands of dollars So um you know that's something you know I'd want to consider if if I were to buy this house how much how much I would need to invest in bringing it up into a livable condition Um So I was hoping maybe you could budge a little bit on that one on the 236 Um,sale
272,1,210.504,225.54,Do you have a um As far as I know I didn't I didn't know the heating was was an issue Um What what would you like to propose as a counter offer or one That's more a little more reasonable Mhm,sale
272,0,225.54,240.576,"Well let's see if if I'm going to put in a heating system let's say it goes Anywhere between 10 and $12,000 right So um I don't know maybe 1 92",sale
272,1,240.576,255.612,that's still uh I I still cannot accept that Um I mhm I'd be willing to budge 7000 from my original offer so,sale
272,0,255.612,270.648,would bring it to,sale
272,1,270.648,285.684,"2233 233,000 Mhm Mhm Just because I don't think this is the heating system would need to be completely overhauled and especially because of like the fact that there are two fireplaces um I don't think it's as much of an issue as um as the appraiser might have",sale
272,0,285.684,300.72,said the thing about the fireplaces I mean they are romantic but you can lose yeah you can I mean you put a fire in them and you can lose a lot of heat you have to clean those things every you know every year you need to get a chimney sweep in there God knows how many squirrels or whatever kind of animal decides to make a nest in there Um It can leak the flu can leak you know so it needs quite a bit of maintenance to it and I want to run the house sufficiently so and maybe the chimney needs some reappointing as well so you know I'm going to be laying out some money to bring this house up to snuff Um So I you know I don't know um but maybe yeah you wanted to say,sale
272,1,300.72,315.756,oh no I'm sorry I was just going to say but like like having maintenance for any houses part of any good like homeowner,sale
272,0,315.756,330.792,and,sale
272,1,330.792,345.828,that I don't think that should be the main consideration when if obviously if there needs to be um complete renovation but this was actually recently renovated,sale
272,0,345.828,360.864,Mhm So you renovated Ah you re pointed the chimney as well the two chimneys,sale
272,1,360.864,375.9,I don't know exactly what you mean by repointing the chimney but,sale
272,0,375.9,390.936,well when you re point you check that you check the bricks you know because as it rains the little bit of water can seep in between being the bricks and can loosen up the mortar that holds the bricks together and eventually it begins to um you know dissolve and it needs to be taken care of,sale
272,1,390.936,405.972,I can say confidently that the brick has been updated Okay,sale
272,0,405.972,421.008,Mhm Mhm And what about the roof Mhm I understand that needs some flashing and some and some work on it Um What is particularly,sale
272,1,421.008,436.044,wrong with the roof I yeah there was renovations were complete and um this is the location of the place in general Um There were no issues with Mhm But what was their leakage in the roof,sale
272,0,436.044,451.08,"Uh There was concern that there might be yeah Um You know the appraiser said we might need to put some flashing up by the chimney Uh So there wouldn't be any leakage there Um Let's see how about if um how about if I offered if I can go up maybe $4,000 so maybe 1 99 How does that sit with you",sale
272,1,451.08,466.116,"I still can't solid at that price Unfortunately I can go down to $230,000 Mhm I think that would be a price where I am comfortable with and especially because it's $10,000 off then then my original asking price I do think um you obviously don't need to uh completely redo the heating system but I think that should cover what maintenance the house would have but I don't believe that there's too much maintenance to be done Mhm Right Oh did you just get that notification",sale
272,0,466.116,481.152,Ah yeah he said we have about six minutes was it Mhm All right good Mhm,sale
272,1,481.152,496.188,How does that price it with you,sale
272,0,496.188,511.224,I'm just thinking Mhm Okay It's it's it's too high really It's higher than I can then I wanted to do Um I don't know there are a couple other houses that I can have a look at Um That doesn't need so much work,sale
272,1,511.224,526.26,unfortunately I just can't sell it that low So um if you do need to go look at other houses that that also may be an option for you Mhm What are you thinking currently,sale
272,0,526.26,541.296,"Well I'm thinking I could go up to maybe 200,000 but I really can't I really that's already pushing it Can you come down a little bit from 2:30",sale
272,1,541.296,556.332,I can go to 27 but beyond that I cannot go any lower That's the best I can do Mhm It's already significantly lower than what I originally imagined Mm hmm And I do think that this would be actually a great price comparable to other houses in the neighborhood,sale
272,0,556.332,571.368,Well there was a comparable house that went for 2 13 So if you can do a little better on the 227,sale
272,1,571.368,586.404,That is TRUE But I think that house is a little more run down And there are also other the two other houses that were roughly my square footage And they were one for 2:33 and 2:39 Mhm I unfortunately can't move my,sale
272,0,586.404,601.44,my yeah they're much bigger though That's the thing Not,sale
272,1,601.44,616.476,Much bigger They're only like 20 square footage Well that um at the 1875 1 Well We're 1846 That's like 25 Mhm Mhm between 9 to be exact But,sale
272,0,616.476,631.512,how Well how about if I went to 10,sale
272,1,631.512,646.548,I still can't go that low,sale
272,0,646.548,661.584,unfortunate Can you meet me in the middle Yeah,sale
272,1,661.584,676.62,In the middle between 2 10 I still can't go Hello The price I offered is my is unfortunately my minimum price All right Yeah Yeah Okay Will you be looking at other houses,sale
272,0,676.62,691.656,Probably,sale
272,1,691.656,706.692,Okay That's that's all right Yeah Unfortunately can't go lower than that I've already tried giving my best discount but unfortunately that um yeah I can't I can't do Um any lower than 227,sale
272,0,706.692,721.728,Okay Yeah,sale
272,1,721.728,736.764,So have we come to a conclusion,sale
272,0,736.764,751.8,I guess so,sale
275,0,0.0,30.4,"Hi Nice to meet you Hello Hello Hello Hello how's it going Good how are you Mhm Mhm Can you hear me Yes Alright cool Um Okay so I'm the buyer Uh I'm looking to buy the house that you are selling and uh I think that considering the stats of the house and the prices of neighboring homes um $215,000 is uh a good selling price",sale
275,1,30.4,60.8,"Um I will have to disagree considering that we have four bedrooms and 2.5 bathrooms And It is a 1,846 square feet which is larger than the houses in the surrounding area I'm considering selling it for 250 250,000",sale
275,0,60.8,91.2,"I think Okay I think 250,000 is way out of my budget Um Well I bet the house is quite nice and it is quite large It is still smaller than the house that sold for $233,000 Uh that house in uh 1,875 square feet So of my initial offer is a little low I'll offer 223,000 to account for it being smaller than the $233,000 house But a lot of large But",sale
275,1,91.2,121.6,it's also nicer It's near the have things and sentinel parks And so it's in a much nicer neighborhood compared to the one that you're comparing it So these two houses are not very comparable And so I would like to raise that price I also dropped my prize a little lower and say um it definitely has to be higher than the house that you're comparing it to Right So let's say six,sale
275,0,121.6,152.0,"Thank you 40 Um I still feel like that's a little high Uh These are neighboring homes with similar characteristics So I think these are good houses to compare the home that you're selling to I mean the description for it is neighboring homes of similar characteristics So a lot of the amenities uh of the house that you're selling is shared by the houses um That are given in Appendix two So even though uh like I said even though it is a nice house and it is larger than one of the homes in the appendix I think Uh it is only fair for it to be sold for less than the house that it's at that's being sold for 233,000",sale
275,1,152.0,182.4,Okay For help 1000 people Waller's So I would sell it a little less Since it's smaller 233 $500 But that makes sense,sale
275,0,182.4,212.8,"$100 less for 40 for 40 square feet less space Um How about How about 280 or $228,000 something Because I still can't I cannot possibly purchased the house for so much for such a comparable price when when you can look at the other homes that sold",sale
275,1,212.8,243.2,"30,000 230,000 Okay That is 3600 less That's a lot of money 230,000",sale
275,0,243.2,273.6,"Yeah Okay I'm done with 230,000",sale
278,1,0.0,24.132,Yeah sure Let me do this Cool,sale
278,0,24.132,48.264,Um So I'm the buyer I guess I'll just kick it off with the starting offer of yeah go for it Um 205 Okay,sale
278,1,48.264,72.396,Yeah You know um my asking price is 240 K And mostly that's just because I think that my house has a pretty good location and there haven't been a lot of houses on the market so it's kind of the only one right now Um I would love to do talk more about the house if that would be helpful But yeah my asking price is 2 40 Okay,sale
278,0,72.396,96.528,well I'll just go on the record and say you know I'm pretty interested in Yeah the size of the house Right So relative to that with what I know about the market and other houses that are listed Um Quite frankly I think that your house is a little overvalued Which is why I started out with kind of a lois sh um starting offer um Other yeah the same size um Don't break aren't even close don't don't break 2 30 Um But yeah I mean if you want to talk more about the property itself I'd be happy to listen,sale
278,1,96.528,120.66,"Yeah sure I mean I definitely understand that space is important I mean I'm living in New Haven I don't know about you right now so space is definitely a hot commodity Um So my house which you probably know is 1000 846 square feet Um It's sort of comparable to a neighboring home which is 1000 875 square feet Which is selling for 2332 102 133,000 and $600 Um So yeah you're right that that's a little bit bigger Um But not really that much only about like 20 square feet of space Um Which I think that you know my house kind of makes up for in fact in having just a really nice location you know I'm walking distance to other restaurants and transportation which will hopefully save a lot of costs in terms of getting a car or having to uber here back and forth between different places Uh we got a detached garage for 2.5 cars um and really really beautiful landscaping I'm willing to drop the price a little bit if it's square foot footage is really important to you because I totally understand that Um so I'm willing to say something about two maybe 235 Okay Um So closer to what you're saying about the houses nearby right around that that middle house in the in the appendix listing I'm not sure if we have the same page is good",sale
278,0,120.66,144.792,I don't I don't think we have the same page but yeah I guess you're saying about the location and I you know like the point about the space for the cars is great I don't have a car so I'm not really interested in and I mean you know I know a lot of yeah maybe you could convert it Yeah huge selling point of your house Are you know is that is that the garage and the the landscaping But I'm I have plans to kind of knocked down that garage if I buy the house Of course I have plans to knock down that garage and change landscaping uh is quite particular about those things So what those costs in mind Um Yeah I mean to to 35 is still too high and like I said given them at the square footage I don't really see why I would pay more for a house that's less Um Sure,sale
278,1,144.792,168.924,Sure Yeah Yeah Um Can I ask you,sale
278,0,168.924,193.056,comfortable with like I mean I we really just don't have the budget to to do more than 2 30 which is kind of why I said the breaking of 2 30 are when I first spoke to you um Yeah our budget is Right around 2 20 to be quite frank And I know those expenses from any renovation plans that we have will just add right up Um So I'm trying to stay it's possible to that number,sale
278,1,193.056,217.188,Yeah No totally understand if this is a little bit different than what you're looking for Um I'll tell you what so I also so to be fully transparent I would be losing money um if I sold for anything under 227 K And I think correct me if I'm wrong did you say your threshold was around 2 30 K,sale
278,0,217.188,241.32,22 I said 2052 to 25 So if you if your number is 227 could you do to 26 how do you feel about that,sale
278,1,241.32,265.452,Um I I again I would be losing money so I think I would you know like I love getting to know you but if it's 226 I would rather hold on to it and sell it to someone else,sale
278,0,265.452,289.584,Okay if if you're if that's I mean if you don't want to sell to me I totally get that to 20 Yeah,sale
278,1,289.584,313.716,is so to 27 is that not in your and you arrange on all you know hopefully we,sale
278,0,313.716,337.848,Could probably stretch it to 27 but that's the highest I can go,sale
278,1,337.848,361.98,Okay I'm I think I'm willing to sell for 227,sale
282,0,0.0,25.835,are you recording too,no sale
282,1,25.835,51.669,Do I have to record separately,no sale
282,0,51.669,77.504,Yeah the direction said for both of us,no sale
282,1,77.504,103.338,Um I'm a little confused because I think you started recording and it says recording on my end so I'm not sure if I'm and I have like to pause and stop permission but I think it might be the same,no sale
282,0,103.338,129.173,"Okay no problem then Okay Um so tell me about why you're asking Price is 240,000",no sale
282,1,129.173,155.008,Yeah of course So um I've lived in this home for a little bit but it's definitely one of the nicest in the area Um if you're not really familiar with the neighborhood centennial Park um it's a really nice suburban neighborhood It's really safe and the public schools in the area are also really well funded So I think those were a lot of things that I considered when moving here Um so I think that definitely contributes to the value of the house Um and when I was comparing with other homes in the area and also just like um asking for the advice of other real estate investors this was a really reasonable price that I came to Um so yeah I think that kind of explains my rationale,no sale
282,0,155.008,180.842,awesome Well I can tell you I think it's a fantastic home I have been looking around the centennial park area for a little while Um I will note I'd like to point out that I did find some similar homes in the area um that did have lower asking prices for instance So I know that your house is 1846 sq ft of space And there's another house just down the street that is 1875 sq ft of space So more and their prices to 33 600 to be exact And so I'm having a hard time rationalizing the 240 asking price for your home Um as compared with this other home that is asking for about 6500 less and is more square footage of space and have some similar amenities,no sale
282,1,180.842,206.677,Mhm Um Yeah I think that makes a lot of I totally get where you're coming from Um I think part of my asking price comes from the fact that we're recent were in the works of doing some renovations specifically on some of the kitchen appliances in the house and so like square footage wise Um I totally get the comparison but just because we have invested into the property and have been doing a lot of renovations This neighborhood is a bit older and some of the houses have seen some wear and tear even my own Um during the time that I lived here And so I think really updating the house and making sure it's like modern and nice for the next purchaser um and whoever lives in it is part of why I had to um ask for this specific price,no sale
282,0,206.677,232.512,Mhm I understand Um and in the spirit of transparency I'll let you know that I'm not planning on living in the house myself I'm interested in investing in the real estate and,no sale
282,1,232.512,258.346,so,no sale
282,0,258.346,284.181,the details about the pricing that's why the matter a little bit more to me and so I am sure that you probably want to close on this house So you give me a price range that you're interested in accepting,no sale
282,1,284.181,310.015,Yeah I,no sale
282,0,310.015,335.85,think that our idea of like where you're asked I think maybe like one price is a little bit hard to gauge what you're thinking and hoping for,no sale
282,1,335.85,361.685,Yeah I totally understand Um I think that makes a lot of sense and gives me a lot of clarity on where you're coming from as well I also think um like if you have more questions about the property I could definitely answer that might be able to color the context of when you decide to maybe like rent or like sell it out again in the future Um I think a comfortable range that I'm thinking of for now um I think around 234 would be something that I would be comfortable with Um again just because I definitely agree that there are a lot of comparable properties in this neighborhood um but with the recent investment in the kitchen appliances and also um the specific other I guess yeah I think specifically the investment in the kitchen appliance is something that I'm really keeping in mind,no sale
282,0,361.685,387.519,Mhm mm I'm just taking a look again at some more details about the house but um mm can you tell me why you're selling in the first place actually,no sale
282,1,387.519,413.354,Yeah of course So I lived in this house for a couple of years I moved in because of again it's a really nice neighborhood I'm sure you're super familiar with like especially the um great like public school system in this area is really what drew me here Um because I moved in with some younger kids and we lived here for a couple of years but now my kids have all gone to college and for me I'm kind of at a retirement age so I would like to move um somewhere tropical I'm probably gonna move to like Indonesia or somewhere like that so I just no longer long to be in the suburbs And even though this was a wonderful home um this isn't a place that I'm going to live in anymore,no sale
282,0,413.354,439.188,Mhm mm I see One of the reasons why I like I was attracted to Centerville was because of the great opportunity for these beautiful homes thought they'd be a great place to check out for investment purposes Um started off working in the stock market but I felt like that area was like way too volatile and that housing a much safer investment and I feel like I'd be helping people instead of maybe like benefiting from companies going for um,no sale
282,1,439.188,465.023,what do you mean by helping people if you don't mind me,no sale
282,0,465.023,490.858,Oh yeah I mean so like investing in a house and then being able to then sell it to a family that could really benefit from it you know like I want to buy the house and then fix it up more on my own you know sort of like fixer uppers on HD tv and so like I'm trying to save the money that I put aside for this investment so that I myself can um can renovate the house So like any money that I have set aside for design and um like up keeping the house and like decorating for a new family Um like I need that money on the side rather than being put into the price of the house,no sale
282,1,490.858,516.692,Mhm Yeah that totally makes sense And that's a really admirable cause um I think that makes a lot of sense especially if you were like previously working in um investing in a very like different sense Um And working more with like corporations and things like that,no sale
282,0,516.692,542.527,Mm hmm Yeah Like I did go on I watched the but I wasn't able to come to any other open houses in person due to pandemic Um But I watch like the 3 60 virtual tours online and it looks beautiful especially for um having been built so long ago in 1947 But I did have some concerns about what would need to be updated based on that year in terms of like utilities installation all of that since I myself have um lived in an older home before and it led to some larger prices down the line Um I don't know if you have thought about that,no sale
282,1,542.527,568.362,Yeah do you have any specific concerns Um I definitely totally agree Um Just because some of the homes in this area are a bit older and that can definitely have its own issues as the place like ages and sometimes they're like paint wear and tear or um like even as I said like the appliances get outdated and you want to keep up with that Um So yeah before selling we're definitely doing a total renovation of the most important parts um Throughout my time living here we've been really good about keeping up with things so over time checking for mold termites um and just like a very regular upkeep of the house and so I would say it's in quite good condition at this time we do a checkup every like two years um And then other than that the other major improvement is just the appliances that I mentioned Um But I think in general this is in good shape even though it is on the older side,no sale
282,0,568.362,594.196,"Mm That's great to hear for sure you like calm down some of my concerns about that Um So I suppose in the interest of time and all of that I will say that I would be very excited ecstatic to sign on this house at 10 sorry 10,000 below the asking price So at 230,000 that um in complete transparency that would leave me with about $5,000 to buy the new furniture and paint the walls get things already in design for new families Um I know that you mentioned uh 2 34,000 but I think that maybe after understanding the plans that I have for the house it's not to me it's not going to be exactly moving ready particularly because I'm not going to be the one moving into it and that I have some of these extra plans and I just wouldn't be able to make that happen after seeing some of these um which I was an interior design stars which you recommend on netflix um when they have these smaller budgets of 1000 to 2000 they just things sort to sort of fall apart and don't come together So I really would appreciate that 5000 to be able to know that I can allocate it to design um naked really Beautiful home for these new families And so again I would ask for 230,000 and I'd be excited to close at that",no sale
282,1,594.196,620.031,Um Yeah I think based on um,no sale
282,0,620.031,645.865,if you want time to think about it also that's totally fine I'm going to put you on the spot,no sale
282,1,645.865,671.7,"No you're totally fine I think Your cause seems really admirable and um I totally understand that like you would need to purchase some furnishings before like moving it on to another family and things like that So I think I would also be comfortable to have this home bought by you um for 230,000",no sale
283,1,0.0,14.475,Hey How you doing,no sale
283,0,14.475,28.95,Hi,no sale
283,1,28.95,43.425,All right You ready to make a deal,no sale
283,0,43.425,57.9,"I'm ready Okay Um Well based off of the other houses in the area and based off of the square feet of space in this house I'm willing to pay $215,000",no sale
283,1,57.9,72.375,215 Can you tell me a little bit about the house,no sale
283,0,72.375,86.85,Of course Um I mean it's an older house already It's been it was built in 1947 so it's it's old at this point and it only has about 2.5 bathrooms and one extra room So that's not ideal Um And the fact that the that the garage is detached and I'm going to have to attach it that that's also not ideal So that's going to be more money coming out of my pocket,no sale
283,1,86.85,101.325,Interesting Okay I can't do 215 but I'm willing to work with you I think that a big plus is the four bedrooms Um it is a split level And even though the garage is detached is 2.5 cars right And so you obviously can't use like half of a car But um super interesting like the amount of space you're getting here So so I think that like the square footage in terms of the camps in the area um It's not necessarily closer to maybe the lower of the camps but actually maybe towards the higher of the camp sits in a beautiful neighborhood Um It's got hardwood floors and it's been refurbished Its newly decorated even though it's an old house People love that sort of old school charm I'm willing to know if you like would go a little bit further at least to start us off,no sale
283,0,101.325,115.8,What Um Give me a number,no sale
283,1,115.8,130.275,"Um I think maybe like a number that I was looking more for is like 245,000",no sale
283,0,130.275,144.75,Yeah that's too high That's higher than all the other houses in this area So I'm not willing to go that high because something you need to keep in mind with older houses is they have foundational issues they might have mold in their walls they might have asbestos and I'm not willing to I'm going to have to possibly do a lot of work on this house just because it's might be visual pleasing inside Doesn't mean that it's up to par So,no sale
283,1,144.75,159.225,Right I know you're right that it does have sort of these old characteristics to it but lots of people love sort of the old charm as well Um And I will say to that like a lot of the foundation of it is is definitely like a plus on that end it's also been like quite a bit of time a few months since the last one was sold So are cops have to be taken with a grain of salt considering like house prices go up So um do you have like a number you'd be willing to come in between on just sort of go back and forth with,no sale
283,0,159.225,173.7,"Well I can tell you that I'm definitely not going above 240,000 because that was the original asking price and I'm not going above the original asking price",no sale
283,1,173.7,188.175,"So so then if I start at maybe if I come down somewhere in the middle at like 238,000 that's below the biggest comp and and sort of like closer to that considering the last time we we had a comp cell in the area",no sale
283,0,188.175,202.65,"Well the com cell in the area for more square footage was 233,000 and that was more square footage That was right down the street So I'm not I'm not going above that because I'm just not going to do that because it's that is reducing its just going to reduce in value and I'm not going to do that",no sale
283,1,202.65,217.125,Can you explain that Thought Probably I mean that was a few months ago but but the house price actually goes up in value over time That's why that camp sort of Might be able to be inflated by a couple of 1000 to work with me on the other end It doesn't,no sale
283,0,217.125,231.6,go up that much in a couple of months Especially not during a pandemic,no sale
283,1,231.6,246.075,Right Not during the pandemic I think that's something though that like we can take um that that we can use here as as a metric because um whatever we do pay for it it is at a discounted rate right now given the pandemic,no sale
283,0,246.075,260.55,"Yeah And what I'm saying is that other house was sold At that higher price at that $233,000 price before the pandemic So I mean it's not going to go up further than that considering that's a higher mana square footage also",no sale
283,1,260.55,275.025,"So would you be willing to compromise at more like $235,000",no sale
283,0,275.025,289.5,That's closer Yeah,no sale
283,1,289.5,303.975,Can you can you come back to me with something because um I'm willing to work with you here I mean obviously I'd rather make a deal than not But um yeah these parameters to work with,no sale
283,0,303.975,318.45,"I'd be willing to do 233,000 because again that other house was a lot was more square footage by a significant amount That's about that's about a whole nother room that they have over there And if I'm selling at the same time that one selling that I want to be able to sell at a competitive price",no sale
283,1,318.45,332.925,Yeah No I totally get what you're saying That makes sense Honestly I think look I think we're getting closer I mean I'm at 2 35 year at 2 33 Do you think we can meet in the middle and both walk away Happy here,no sale
283,0,332.925,347.4,Um I don't know that I'm willing to go much higher than 2:33 I'm sorry Um maybe 2 33 500 at most Like truly at most,no sale
289,0,0.0,12.95,Oh awesome Okay Cool I have I'm recording Well I'm very interested in your split level home Oh yes it's very nice That was built in 1947 Um It's a little small though I think small Um Well I mean it's really nice inside there there are four bedrooms I can't argue with that but I mean it would be good for my baby but it won't be good for like a teenager I'm just saying well let out their small bedrooms TRUE But there is a nice backyard in a big garage for 2.5 car So when you're a teenager gets a car no and it's close to a lot of restaurants and parks It,no sale
289,1,12.95,25.9,is but I'm just saying,no sale
289,0,25.9,38.85,there's a lot of other lot of other homes in the neighborhood that are closer to my price range Um For example the that are that are bigger,no sale
289,1,38.85,51.8,than your home,no sale
289,0,51.8,64.75,"I would say in fact Um So I can offer you to um 230 Uh huh 230,000",no sale
289,1,64.75,77.7,Um Yeah I mean that's pretty that's pretty good I would be happy with,no sale
292,0,0.0,4.644,Yeah,no sale
292,1,4.644,9.288,Cool Okay I am not totally sure how we are supposed to start this off Do you just kind of want to Yeah And you start,no sale
292,0,9.288,13.932,"Yeah I think I'm buying um Uh 230,000 Mm Yeah Um",no sale
292,1,13.932,18.576,"235,000",no sale
292,0,18.576,23.22,"35 I could do 231,000",no sale
292,1,23.22,27.864,234,no sale
292,0,27.864,32.508,2 32,no sale
292,1,32.508,37.152,2 30,no sale
292,0,37.152,41.796,four I think 2:33 is in the middle You want to do that,no sale
292,1,41.796,46.44,You wanted to 33 No I'm good I'm Good with 2 33,no sale
304,0,0.0,9.12,Okay You ready Mhm Okay I have thought about it really The max that I'm able to go Is like maybe 2 15 maybe a little bit more But that's really all I'm comfortable with,no sale
304,1,9.12,18.24,I can't I can't go lower than 235,no sale
304,0,18.24,27.36,In 2:35 Yeah I mean considering that other houses in the area have been selling for less than that Um I hope that that's not TRUE I mean I've been doing my research and I can see that House actually that had more square feet sold for 233,no sale
304,1,27.36,36.48,That's TRUE But I have one of the nicest houses in the centennial Park area and my house is really favorably priced in comparison to comparable homes in Centerville It's also really tough to get a house in the in the centennial Park area right now,no sale
304,0,36.48,45.6,"I know that's why I was excited when I saw this one I thought though it's pretty standard that you know you can usually go a bit down from the listing price And 5000 is not that much down considering the asking price is 240,000",no sale
304,1,45.6,54.72,I don't know I feel like I'm giving you a pretty good deal here comfortable and updated brick and beautiful landscaping You're getting quite the house,no sale
304,0,54.72,63.84,It's TRUE it is quite lovely Um and I really can see a future there so I don't want to give up here but I just cannot do to 35 I need a little bit less,no sale
304,1,63.84,72.96,All right All right I can go down to 2:32,no sale
304,0,72.96,82.08,2 30 to come on 2 32 is so close to 2 30 All,no sale
304,1,82.08,91.2,right We'll work with me here What can you give me,no sale
304,0,91.2,100.32,Uh I mean okay so I've talked to my partner about it like I said the two of us agreed upon like maybe 2 15 pushing to 20 but I bet I can convince them to I don't know like 2 29,no sale
304,1,100.32,109.44,Yeah Make it an even 2-31 and we're good,no sale
304,0,109.44,118.56,What about an even more even 30,no sale
304,1,118.56,127.68,What about an even better to 3500,no sale
304,0,127.68,136.8,Mhm You know I think I can do it to 3500,no sale
306,1,0.0,17.142,huh Hey how's it going Good,sale
306,0,17.142,34.284,How are you,sale
306,1,34.284,51.426,Pretty good Pretty good Just you know selling a house as one does,sale
306,0,51.426,68.568,I must say I love what you've done with the place I see its newly decorated,sale
306,1,68.568,85.71,Thank you Designer Yeah Made the cookies that it's all good What flavor Chocolate chip Obviously obviously you have such a beautiful name 83 6 Thank you I love your name,sale
306,0,85.71,102.852,CB nine I feel like we're,sale
306,1,102.852,119.994,really connecting right now I couldn't agree more Um Okay well I'm glad that you're interested in the house I feel like I got so lulled into just exchanging price officer offers that I've forgotten all the information but,sale
306,0,119.994,137.136,I have like I,sale
306,1,137.136,154.278,just just pulled it up so I'm back back and informed about my lovely home Um Yeah if you I don't know I guess the homes are traditionally done like you know the asking price presumably Um So if you want to start with an offer or we can talk about other pieces of it if you want to,sale
306,0,154.278,171.42,Um I thought we could get to know each other a little bit first,sale
306,1,171.42,188.562,Let's do it,sale
306,0,188.562,205.704,"Uh So you see I'm here in um in Centerville just because I'm really looking for some new opportunities and your house absolutely just caught my eye and um I have a small family and we're thinking about either moving in or renting um some parts of it out since it is such a big and lovely gorgeous home um I'm kind of looking for something within the tooth out I've been kind of looking for something within the 2,000 uh 215,000 range to the ah 240,000 range And I've done some research on some other houses in the area Um And your your price just um your asking price is 240,000 Right",sale
306,1,205.704,222.846,That's right,sale
306,0,222.846,239.988,"And I've done some looking at some prices in the area that are comparable with similar inside and outside of enemy amenities Um And the price just seemed a little high Um So I was thinking that this house my initial offer I think this house could easily be worth um 215,000 I know there was another listing in the area that had just uh like 50 less square feet and it was like 213,000 ish Um so",sale
306,1,239.988,257.13,"yeah assuming we have the same appendix two but can I read the numbers to make sure So I have one that is selling for 2 13 $313,200 for 17 1715 square feet wow that's hard to say And then to 33 618 75 then 239 619 20 Is that the same table that we have Yes it is Okay awesome Um Yeah thank you for the lovely offer I guess in terms of getting to know one another let's say I've owned this house for several years Um It's a lovely home I think it's one of the nicest houses in the area Surprise surprise Um let's say And it has been several months since the last house was sold in the area which is why am I asking prices a little higher on a square foot basis than appendix two So when I looked at appendix two it looks like the average of those Is about $1.2424.60 per square foot Um which then by my square footage would be about 230,000 for my home And then yeah the premium my guest was just because I think it's nice and there haven't been many homes for sale here In a while So I would be willing to come down from 240 but nowhere near 15-15 I wouldn't go below 2 30 because that seems like the fair price on the square footage You know what That's fair",sale
306,0,257.13,274.272,I think your price of 2:30 is is fairly is fairly fair It's just that I think that your square footage is just a little bit closer to that slightly smaller house So I'd be willing to come up to uh 2220,sale
306,1,274.272,291.414,7000 Um Yeah I guess that makes sense of your valuing square footage differently Like like the multiple should change based on the total square footage But to me it makes sense just to take a straight average and multiply by that rather than look at which one I'm closest to So yeah In at risk of being obnoxious Like I feel like I could try to drag for like 2 35 to 34 But like 2 30 seems fair to me based on the information that we both have given that there isn't that much other information So I think I'll just kind of stick there if that seems like it's a price that um is really like It seems like to me like the only thing that's the only price that we could find that's like really grounded in anything,sale
306,0,291.414,308.556,Oh allow me to uh consult,sale
306,1,308.556,325.698,my family Yes please do Oh,sale
306,0,325.698,342.84,"you know I think I will accept your offer of uh 230,000 if that sounds good to you",sale
310,0,0.0,8.4,Yeah Hello Hi Hey Sorry I was trying to navigate these instructions uh instructions,no sale
310,1,8.4,16.8,same,no sale
310,0,16.8,25.2,Okay so are you ready,no sale
310,1,25.2,33.6,I am yes,no sale
310,0,33.6,42.0,Okay Where do,no sale
310,1,42.0,50.4,we put our agreed price somewhere specific,no sale
310,0,50.4,58.8,Um I don't think so I think they'll just look at it through our recording Okay Um But I was thinking starting a price at to 10 1000,no sale
310,1,58.8,67.2,Um I am going to be pretty firm at my asking price of 2:40,no sale
310,0,67.2,75.6,Okay I don't think I can go above 220,no sale
310,1,75.6,84.0,What about 2:30,no sale
310,0,84.0,92.4,Uh could you do to 25,no sale
310,1,92.4,100.8,Think to 30 I'll be pretty firm at,no sale
310,0,100.8,109.2,How about see because other houses in the area is a little bit less square foot How about two 127,no sale
310,1,109.2,117.6,I think that I will keep my house on the market for longer if it goes below 2.3 So I think to 30 is the lowest that I'm going to do,no sale
310,0,117.6,126.0,Okay How about Would you be willing to go to 2:29,no sale
310,1,126.0,134.4,Yeah I'll do 2 29,no sale
312,1,0.0,9.664,help,sale
312,0,9.664,19.328,Hi I'm [PERSON] yeah I can hear me,sale
312,1,19.328,28.991,yeah Hi I think you have to make the frost off or I'm not,sale
312,0,28.991,38.655,"sure But yeah Yeah I'm the vier Um I was my first offer is 20 or 210,000",sale
312,1,38.655,48.319,"Right I'm actually asking fortunately than 55,000",sale
312,0,48.319,57.983,"Oh wow Um That's interesting The other um other houses on the market like nearby with pretty much the same characteristics can go for like 213,000 I know one of them does Um What about like",sale
312,1,57.983,67.646,Well the thing is my house is much more recent than the other houses in you know the spot of the town And it's also quite uh you know important part of town It's near restaurants and transports And I just think you know um I've just basically decorated it recently and I just got a lot of money into that So um that's why I'm asking for a high price is obviously a lovely house and I think you you know you'd be very happy in it,sale
312,0,67.646,77.31,"Yeah that definitely makes a lot of sense I think Um like the neighboring houses are pretty similar I don't know It says it's built in 1947 which I feel like is pretty old for a house I'm sure like the renovations are really nice I know it's newly decorated Um I'm thinking like 22 Like 220,000 Sounds Good",sale
312,1,77.31,86.974,Um Well You know I'm willing to lower the price Maybe two Children and 45 Uh But,sale
312,0,86.974,96.638,to 25,sale
312,1,96.638,106.301,225 sold a little bit lower for me How about 2:30,sale
312,0,106.301,115.965,Mm Like what about 2 28,sale
312,1,115.965,125.629,I don't really think I can I think 2:30 is like my lowest possible price Um,sale
312,0,125.629,135.293,I think you sure you can't go to like 228,sale
312,1,135.293,144.956,"No I think there's just no way like if you you know if you look at the most recent house it was so that Children and 39,000 So I think that's kind of an amazing offer",sale
312,0,144.956,154.62,All right I can do to 30,sale
319,0,0.0,23.25,So Oh okay thank you for recording,sale
319,1,23.25,46.5,Are you able to record as well I think we're both supposed to record better enough possible record,sale
319,0,46.5,69.75,I can't record because I am on my phone but it says someone is recording so I think it's,sale
319,1,69.75,93.0,fine,sale
319,0,93.0,116.25,lovely Um So I think the 2 40 K price is a little bit too high for me Um And I was wondering if we could negotiate it down to maybe like 2 15 or 2 20,sale
319,1,116.25,139.5,Um that to 15 to 20 is definitely a little definitely a lot lower than I expected Happy to negotiate But I think um yeah we could meet somewhere in the middle especially given the comparables that we have listed,sale
319,0,139.5,162.75,Yeah I don't have access to that right now but I'm just going to go off the top of my head from what I remember I don't know if you have the same exact same information Um But so like fur perhaps some of the housing right Like I think we can definitely meet somewhere in the middle Because there's one based on the number of square feet I don't remember It's like 1800 I think there are some other like houses nearby that are long like um so one of them is like 1720 and that housing price is around 1 2 - 17 k Um And then another apartment or house I I think the square feet ranges around um Like 1900 ft or 2000 ft sq ft And that like housing prices more like uh okay I'm actually not too sure but it's definitely like 2 - 35 K Um And I just felt like since the starting price or asking price was 2 40 I thought somewhere in the middle would be best Um But like life is hard and I was just like it's gonna shoot my shot and go for like 220 year to 15 But yeah like what what are you thinking,sale
319,1,162.75,186.0,"yep So I guess just strictly based off of like square footage the one that's most near in square footage at 1875 the selling or sold for Uh 2000 or 233,600 Um And obviously there's differences in the houses they're not exactly the same but I think just given the comparable sizing um And then also just given the appreciation of the houses given that this is the only house that's for sale in the centennial park area Um I think that that would be a fair price Um Of 2 33 600",sale
319,0,186.0,209.25,You're 33 600 Um I can do like two 30 600 It's just like since I know it's the only house in the area Um But like I think that compared to the other houses it was just like it wouldn't really be to anyone's benefit if we charge it at a higher price because then the games would be like lower in the future if we like uh if we invested in something right Like and then over time you're supposedly housing value goes up but if we already sell it at a higher price it's kind of not really in anyone's best interest Um I mean I totally understand where you're coming from right like if it's the only house in the area demand is really high Um But I think um the anonymity czar amenities are pretty comparable to the other housing stuff and I already know like the neighborhood really well and other people who live there Um It already feels like home but I just You're like 2233 600 is a little bit high Um I could even do like 2 31 600,sale
319,1,209.25,232.5,Can we say 2:32,sale
319,0,232.5,255.75,Um 2 31 600,sale
319,1,255.75,279.0,2 31 600 Let me think that I think 2 31 600 there Yeah I think I don't know Yeah sure Um Uh huh Okay To vigorous to it Okay Um Can we say 2:30 to just have a flat number,sale
319,0,279.0,302.25,Um Let me think about that for a second It's just you know like it adds up over time Yeah Um So let me just take a second to think about that,sale
319,1,302.25,325.5,I think Yeah it is one of the nicest houses in the centennial Park area and it is as far as appreciation goes I think it's fairly prices below the other comparable price,sale
319,0,325.5,348.75,Mm What makes it better than the neighboring houses,sale
319,1,348.75,372.0,Uh Specifically I think it's the updated brick um outdoor area that we have um since that was just recently redone as well as our beautiful landscaping that we like to take care of Um And obviously I think just the favorable location as it's near all the parts and walking distance to all restaurants and um transportation Uh huh And also nearly decorated on the inside,sale
319,0,372.0,395.25,So it's furnished on the inside,sale
319,1,395.25,418.5,Yes it appears to be furnished perhaps Uh Maybe what obviously the appliances are included but I'm guessing newly decorated as far as like chandeliers and maybe you wanted for him measure including my time,sale
319,0,418.5,441.75,I see Um Is there a possibility we could remove all the furnishing and then maybe lower that number 2 to 31 K Since like I already have some stuff from the old department Um And like even though it sounds amazing and I'm really excited for the outdoor space Um You know like I mean life is hard man Like my job they're trying to uh like promote me but that's not going too well Um And like I'm trying to make ends meet but it's just like pretty overwhelming sometimes and I really appreciate like some slack Um,sale
319,1,441.75,465.0,I get that But if you want to be a ceo you gotta spend like a ceo So you gotta I'm scared um,sale
319,0,465.0,488.25,Oh I'm not a ceo I'm a working mom Please help me out here,sale
319,1,488.25,511.5,You know he decorated um,sale
319,0,511.5,534.75,I'll pay for that nice outdoor space But if we could just lower the price a little bit by getting by not using the furnish mints inside the apartment That would be really helpful for me because as a working mom it's so tough No type You know the kids in school and you know it's public school but like there's so many other things that go at that Like do they have the right supplies Is their teacher good Uh So many questions and concerns Um I know it's like A minor thing but it would really help me out just to lower it down to maybe 2:31 K I,sale
319,1,534.75,558.0,mean I don't know laureate But we can do I mean I'm found just 2:31 600 Like you originally mentioned just given a newly decorated everything not for the sake of on decorating it and selling that stuff but rather for an increase in price,sale
319,0,558.0,581.25,"Um Yeah The thing is now that I think about it like I think maybe you can make that extra like 1,000,000 bucks by like selling all the furnish mints that come with the house and then I could just bring my old stuff and like put it in there and that way you can still get your $1,000 or even sell it for even more Um and it would just be a better price for me",sale
319,1,581.25,604.5,I get that but I'm not entirely sure what punishments I have as far as it was just says it's nearly decorated Which um Yeah I mean I don't know I don't think that's a leeway option that I have as far as selling the stuff it's a just buying the house as is given all the appliances are included Again this landscaping everything's updated on the outside and I think that justifies the $600,sale
319,0,604.5,627.75,Oh I see what you mean yeah like you don't really have much information about what's inside it Um But if I could like um yeah I think the furnish mints don't all add up to 600 Like I'm assuming those things are removable like couch or tv Um I,sale
319,1,627.75,651.0,don't think that that's actually included in the price just decorated on things decorated with like couches and stuff It's just decorated nicely It's like stuff they can't move like a normal when you buy a normal house I guess it doesn't usually come with couches and stuff It just comes with appliances and um nearly decorated perhaps just painted the walls etcetera Something there's anything I have to sell,sale
319,0,651.0,674.25,Oh I see what you mean Then we should definitely stick to our price of 23 1 22 131 K Um 600,sale
319,1,674.25,697.5,Hello there is me,sale
329,0,0.0,16.285,Hello Hi can you hear me Yeah can I buy your house,sale
329,1,16.285,32.569,"Um Yeah sure So I think my initial asking price for the The house is $265,000",sale
329,0,32.569,48.854,Okay I have it Um For the asking price is $240,sale
329,1,48.854,65.139,Okay Um So I was thinking because the house has like uh for bedrooms and one recreational room also 2.5 bathrooms I was thinking I could I should increase the price a little bit Um Yeah What do you think,sale
329,0,65.139,81.424,Well I'm looking at the prices for houses nearby with like really similar characteristics Um And it looks like the highest that they have It is uh You know the upper to 30s Um But it also looks like this house is kind of smaller it's like 1846 sq ft of space Um And I'm just going off of like similar houses and that's around 2 30,sale
329,1,81.424,97.708,Yeah so the reason why another reason is because actually uh the inside many of these are actually really decorated So I guess because it was kind of renovated um on top of that I think it's one of a kind of new house Um So I mean if you want I can go lower to match the price of the other houses But so I would say let's see How about 200 35,sale
329,0,97.708,113.993,1000 Well it looks like this other house at 2 30 30 6600 I don't know if you're seeing the same ones that I'm saying but that house is 1875 sq ft and this one is only 18 46 Um Yeah What do you think,sale
329,1,113.993,130.278,I feel like the difference in the square feet that is kind of negligible It's kind of tiny Um But also like I mentioned this house is newly decorated Um If you want some information about like the amenities because if I don't know if you want to know about um but on top of that the outside many of these is actually really large So um this includes like includes like a detached garage which can fit 2.5 horrors Um I think location wise it's um in a you know good location because there's a lot of restaurants and like Transportations nearby,sale
329,0,130.278,146.562,Yeah Well I mean if I already if I have space for 2.5 cars and I have 2.5 cars I wouldn't need things to be in walking distance I can just drive,sale
329,1,146.562,162.847,TRUE But I think it's like a bonus too I think another reason that not only like is the inside of the house newly renovated but also the outside Uh we have recently updated the break I think Mhm,sale
329,0,162.847,179.132,Um Could you tell me about more of the amenities Yeah So like I,sale
329,1,179.132,195.416,said on the inside um it's nearly renovates but then on top of that we have Hardware floors two fireplaces Um Our master bedroom actually has entire wall of closets and then it has like a master bath attached to it Um And um the kitchen is there like a pretty large um you know has all appliances and it's an Eden style kitchen Mhm,sale
329,0,195.416,211.701,Um Are there like high ceilings Kind of like high ceilings,sale
329,1,211.701,227.986,Um So I'm not kind of it's a split level style of housing Mhm Yeah Let's so I think yeah,sale
329,0,227.986,244.271,So I don't know I still kind of I like the price of this leather house The 2:33 600 Yes You're willing to match that,sale
329,1,244.271,260.555,"Yeah I can match that if you want 233,000 Okay",sale
329,0,260.555,276.84,I'll buy your house All right,sale
332,1,0.0,20.668,Hello Have you started your recording,sale
332,0,20.668,41.335,Yeah that's good,sale
332,1,41.335,62.003,Okay Okay,sale
332,0,62.003,82.67,Um All right so just looking at the prices of the other house and I think with a similar characters because it's fair to probably start at the 2 13,sale
332,1,82.67,103.338,I'm great 2 13 So just looking at the size of the place the square footage um 1875 This this house is 1846 I feel like we should start like mid Mid range which is more like the 2336 You know those are sort of like comparable um demographic,sale
332,0,103.338,124.005,Put that put that mid range a little lower probably that if you're selling it right now for two fort you know,sale
332,1,124.005,144.673,I would,sale
332,0,144.673,165.341,be okay with starting at like a I got to 17 and okay with thought and then go from there,sale
332,1,165.341,186.008,So what are you basically what are you basing that on just a low end range of the listings Are you basing it on the,sale
332,0,186.008,206.676,character similar the prices of the houses with similar characteristics I don't think it's like simply based on the square footage,sale
332,1,206.676,227.343,So here's the deal There's only one piece of characteristic given to us which is square footage So I feel like it's funny that we would start at the low end given no other pieces of information about the other two homes Like I think it's unreasonable Obviously to start up to 40 That's like the top of the line at the house is clearly bigger but at 1875 But that's very comfortable to 1846 Now not knowing anything about this other house it's only 17 15 It's clearly like a much smaller house I'd be willing to go mid range between the lower in middle end but I I just can't start at 213,sale
332,0,227.343,248.011,Okay Would you be willing to start to 20 I think you're making the same argument that I'm making that we're starting with the square foot situation because this is how the middle house could it could have a pool could have all this other stuff but we don't know exactly what it has And this 1920 square foot house is More obviously than this one And you're already listing it for 2:40 and it has more square footage We don't know what it has And I don't think your your house has bad things I'm obviously on the market for it But I would I'm okay I'll say like to 25 we'll start at 2:25 Is that better,sale
332,1,248.011,268.678,Okay We can we can try it to 25 I'm trying to figure out that's like midway point between the two points Uh So 10 would be to 23 10 down would be to 20 Yeah so I feel like 2 25 is fair Um,sale
332,0,268.678,289.346,Okay,sale
332,1,289.346,310.014,so so at least like that's a base that feel like to me that feels like middle of range based on you know the Justice square footage Now let's just talk about like the actual house itself So this house has four bedrooms plus a recreational room and 2.5 bathrooms Um It looks like a split level so it's not a colonial but it's uh a raised ranch um Or comparable So it has how far's two fireplaces There's a master bedroom and I don't know if they gave you comment on the listing so I'm just going to go through them Um master bedroom with an entire wall of closets plus its own master bath So that means that there's 1.5 bathrooms public one dedicated to the master bedroom Um There's an eat in kitchen that comes fully furnished with all appliances It's decorated um in terms of the outside amenities Uh it's updated It's a brick outward facing house or finish with brick It's professionally landscaped It has a fenced in backyard and mature trees There is a detached 2.5 car garage so it looks like it's an oversized garage and then it seems like it's in a ideal location So there's restaurants and transportation within walking distance and it's near Hastings and centennial Park So what are you thinking about the specs of the house itself,sale
332,0,310.014,330.681,My first thought is that it is an older house And with that comes a lot of problems I've lived in a lot of houses that are built back in like 1940s and they automatically all like have water issues or things like that So I think in terms of just the age of the house I think that knocked the price I'm just a little bit at least because it just always comes with issues I do like the bathrooms I feel like that is a plus of the house and itself having a couple of bathrooms public Um And then I think the the other thing yeah I know those are my two things right now,sale
332,1,330.681,351.349,Okay so I just wanna let you know that according to the description given to us this house has been listed as one of the nicest houses in centennial Park So it's uh you know it's not it's an older house but a lot of older houses typically are gutted out They have you know different upgrades provided to them Um You know if it says there's a large eat in kitchen then this has to have been updated because typically back in 18 46 all rooms were like box squared which means that they were individual rooms for each component of the house But the fact that it says its feet in means that there's clearly been some renovations done to it and it's been newly decorated So I'm not sure I buy the premise of it uh it being old and outdated Even,sale
332,0,351.349,372.016,if it's gutted I will say I've lived and has gutted a house from that is very old and you can't gut the entire entirety of the plumbing and all of that kind of stuff It's impossible to like fix everything and that I was just kind of after a long time if I were to stay in this house for a long time start to slightly fall apart So I think that's why argument in that sense I don't think it's a massive decrease in price I wasn't asking for that but I do think it's a slight at least because it is don't,sale
332,1,372.016,392.684,so you're asking to reduce it because potentially there might be problems with plumbing,sale
332,0,392.684,413.351,I don't not specifically just plumbing I think in an old house things start getting having problem I think that is a very valid point but there are issues with older houses Yes you can get it Yes you can fix the kitchen just you can fix the rooms But I think there are definitely problems with older house Mhm mm,sale
332,1,413.351,434.019,Let's see I get what you're saying But unfortunately like in the area that we're talking about you're not going to get a house you know cheaper than this for this price Like we're talking we're not just talking about the house Like if we were talking about someplace where this is a new modern you know downtown area that's one But we're talking about something that has you know character It's you know in an ideal listing it's like old money You know I just feel like you can't you can't we don't know the quality of the house per se So you know to say like hey I think I I live in an older house right now and I have not had issues with it So it sounds like you know experiences could be unique to the house that you purchased Not necessarily because solely of the year that it's built And clearly there's a house here listed For 2:40 That was you know you know what I'm saying like in the same area So same characteristics I just don't know that I could that I could go with that I think that's I think it's just too low,sale
332,0,434.019,454.686,Well the other houses being listed in the area for 2:40 is about almost double the square footage So I think that is the the one problem that I have is that it has similar characteristics But because it has like almost square footage there must have been the thing that brought them down on the price,sale
332,1,454.686,475.354,What what has double square footage 1920 square feet That's not double the square footage This house has 1846 in square footage So this is not,sale
332,0,475.354,496.022,double almost 100 square feet That's what my dad my brother that,sale
332,1,496.022,516.689,That means it has one additional room 1110 x 10 room So this is not like a significantly larger house Um You know the difference between the two of those is marginal It's quite marginal,sale
332,0,516.689,537.357,I slightly disagree with that If you offer a house that is five bedrooms Plus one recreation room That offers a little bit more if you're looking for a one family house but you want your Children to each have a separate room or you want to have a guest room I think it offers just a little bit more by saying that they have an extra room,sale
332,1,537.357,558.024,I guess maybe But I mean like remember we're talking about four bedrooms plus a recreational room If one of those bedrooms is the mass master you have three other rooms that could be for two kids a guest bedroom you have a recreational room which could function as an office in a movie room But I think a four bedroom home is big and we don't know what the other room is The other room could just be a larger kitchen Doesn't necessarily mean that it's a squared off room It just means that There is a 10 x 10 ft spot that's that's bigger than this other home And I'm actually let me see if I actually do the math We're talking about less than 100 square feet It's 1846 which is 1850 so that's 50 plus 20 that's 70 So that's that's barely the size of a decent sized room So we're talking about just basically a little bit bigger in terms of one of the large rooms Um I don't know I feel like the two now that I think about it I feel like the 225 is too low anyway for what I'm offering I feel like I'm just I'm willing to walk away from the deal,sale
332,0,558.024,578.692,Would you be willing to go to like a 227,sale
332,1,578.692,599.359,Mm I'd be willing to go to 30 That's 10 below Might not be in price,sale
332,0,599.359,620.027,To uh to 28 two I really cannot go to 2:30 which is very sad I would go to a to 28,sale
332,1,620.027,640.695,2 28 How much am I losing on the table for this Let's say 2 40 months to 28 I'd be losing 12 brands Oh man,sale
332,0,640.695,661.362,It looks good though In terms of like the square footage comparison Looking at just the appendix to area it looks decently good It makes a lot of sense All right They put you right in line,sale
332,1,661.362,682.03,You said to 28,sale
332,0,682.03,702.697,2 28,sale
332,1,702.697,723.365,Mm Okay Uh It's not my it's not my ideal price 10 grand is a lot but um you know I don't unfortunately it doesn't tell us whether or not recovering closing costs so um uh Uh huh I don't know um how much I really,sale
332,0,723.365,744.032,do think it puts you right in line You are if you add it right there it makes perfect sense in terms of the square Put it,sale
332,1,744.032,764.7,Yeah I got I got you on that Okay All right I'll take two I don't do to 28 228,sale
337,0,0.0,9.933,"Hi So I was looking at your house and would like to pay $200,000 for it",sale
337,1,9.933,19.867,"Oh um I was just looking to offer it for like 235,000",sale
337,0,19.867,29.8,"Yeah but the thing is I'm a student so I really cannot afford anything above 200,000 And I noticed that there were other listings very close by to your house that had a larger um Square footage and were around 200,000",sale
337,1,29.8,39.733,"Um The closest house I see is Just slightly larger but ours is a little more modern and just they have like 30 more square feet and it's $233,000 Um And I think our house is one of the nicest in the whole neighborhood It's near Hastings and centennial Park's really nice parks",sale
337,0,39.733,49.667,"Mhm Yes But there are different issues For example with four bedrooms you only have 2.5 bathrooms Whereas the other one The one for example if you mentioned at 233,000 that one does have um for bathroom So that's my concern So if you could Go below anything below 235,000 that would be amazing",sale
337,1,49.667,59.6,"Okay Yeah I guess it is a little smaller than that one and with the bathrooms it's probably fair Like $230,000 it's probably fair So what do you think about that",sale
337,0,59.6,69.533,"That's still $30,000 out of my budget but I would be willing to pay 210,000",sale
337,1,69.533,79.467,Uh Yeah Sorry that's I'm not I got one of the nicest houses in this whole neighborhood it's so comfortable and has updated Break updated Break Sorry Really nice breaks,sale
337,0,79.467,89.4,"Yes I totally understand that but it's a question of my budget unfortunately and I would Um I would be willing to I just simply cannot pay more than 210,000",sale
337,1,89.4,99.333,"Mhm Okay Uh huh Yeah I didn't really know like I everybody says I have a lot of realtor friends and they say this is like a really nice crib like the kitchen is huge I just finished decorating it like I got it so nice I'm ready to sell it But I think like 230,000 is like a very fair price I might be a little willing to go down a little bit but like we can discuss that But um yeah whoa",sale
337,0,99.333,109.267,"Can you do 215,000",sale
337,1,109.267,119.2,Uh No I cannot,sale
337,0,119.2,129.133,that's what's your best price,sale
337,1,129.133,139.067,"For since you're a student and I feel bad I would be willing to give it to you for 227,500",sale
337,0,139.067,149.0,"Uh that's still out of budget but I I really appreciate the effort you're making sort of about 220,000",sale
337,1,149.0,158.933,"Um to one I can drop it down Oh just a tiny bit more so $226,000",sale
337,0,158.933,168.867,"My final price is 224,000 Yeah",sale
337,1,168.867,178.8,Okay We get that up to 25 500,sale
337,0,178.8,188.733,"What about 225,000",sale
337,1,188.733,198.667,Uh you don't have that extra $500,sale
337,0,198.667,208.6,No paying back student loans That would really make all the difference Those $500,sale
337,1,208.6,218.533,Uh,sale
337,0,218.533,228.467,"You can just do 225,000 I will be willing to sign right now",sale
337,1,228.467,238.4,"225,500 Like I could buy myself a new couch for my new house That's not going to be as nice as this one This one is really really nice Like you're really going to love it So are you sure",sale
337,0,238.4,248.333,"Alright 225,000 That's my final price",sale
337,1,248.333,258.267,Um Yeah that's we can do That Sounds good awesome 20,sale
337,0,258.267,268.2,5000 It is,sale
339,0,0.0,10.72,Okay So I guess we're supposed to negotiate Right,no sale
339,1,10.72,21.44,Yes Yes And I am the seller,no sale
339,0,21.44,32.16,"Okay Were you that I'm a little bit confused them So I'm gonna say 220,000 Or did I",no sale
339,1,32.16,42.88,So it's 2 20 years as you're starting Yeah All right Um Well it's what's this for 2 40 Um So I'll go down to 2:35,no sale
339,0,42.88,53.6,Okay So Mhm Yeah That's too high for me So I'll say 2-27,no sale
339,1,53.6,64.32,Um I'm still in this little low just because like a house of similar square footage in the area is also sold um for closer to 40 and this one a lot nicer So I'll go down to 2:30 2 33,no sale
339,0,64.32,75.04,Um yeah I think the most I think the most I can do is to 30,no sale
339,1,75.04,85.76,Um Yeah 2 31 And we have a deal,no sale
339,0,85.76,96.48,Um Two about 2:30 1/2,no sale
339,1,96.48,107.2,Can we do half,no sale
339,0,107.2,117.92,Yeah 2 3 2 3 Uh huh,no sale
339,1,117.92,128.64,"It sounds good The two 230,500 Yeah",no sale
341,1,0.0,10.232,Good good good Um So I would like to see the artist Did you start recording Yes I just did,sale
341,0,10.232,20.463,Okay awesome Um Sorry in advance if my background is a little loud I'm just my sweet has terrible uh like you know No,sale
341,1,20.463,30.695,problem Yeah Material,sale
341,0,30.695,40.927,that Yeah Okay Um so about the house,sale
341,1,40.927,51.158,right Um I can tell you a little bit about it or you could just make an offer,sale
341,0,51.158,61.39,Yeah I mean you're the seller Why don't you first tell me like because we're allowed to talk about the house and the specifics about and stuff now Okay Yeah Why don't you tell me about it first,sale
341,1,61.39,71.622,So I have a house right on the edge of centennial Park in Centerville Very uh prime location I have lived there for many years but now I'm thinking about selling I don't want to use a real too because I'm trying to save money on commissions Um basically It's a four bedroom house 1947 There is almost 2000 square feet of space Um two fireplaces a master bedroom Um Not a lot of houses in this area have sold recently so I'm asking a little bit more than the kind of average selling prices of some of the other listings but um but yeah um what,sale
341,0,71.622,81.853,are you asking Um,sale
341,1,81.853,92.085,"So yeah my asking price is $240,000",sale
341,0,92.085,102.317,"rue Mm Yeah I don't think I mean I'll tell you right now I don't think I'll be able to do to 40 that's for sure So a little bit flexible Yeah Yeah and I will be too but here I'll tell you on my end right now um I mean I'll tell you right now that it doesn't make sense for me to buy this house I mean in relation to this study If we go above around 225,000 All right Um",sale
341,1,102.317,112.548,All right,sale
341,0,112.548,122.78,And so that there is a pretty big gap ideally I'd get to 15 but it sounds like you're 2 40 in my 2 15 are both a little unrealistic,sale
341,1,122.78,133.012,interesting Okay So I also would rather keep the house if I'm selling for below 225 Um So yeah I guess the most sensible thing for us to do would be agree on a 2 25 selling point However it seems like that's not very fruitful No,sale
341,0,133.012,143.243,I mean,sale
341,1,143.243,153.475,um let,sale
341,0,153.475,163.707,me see Let me I'm just reading through again Okay so yeah I mean,sale
341,1,163.707,173.938,well,sale
341,0,173.938,184.17,You take to 20 will you take to 20,sale
341,1,184.17,194.402,2 20 Uh so at 2:20 I would rather not sell the house but if you are really interested in it I would be willing to go um lower and agree to your agree to your initial price point depending on how much you,sale
341,0,194.402,204.633,want You mean the max I gave you the up to 2 20 so it sounds like I go up to 2 25 but you would only go down to 2 20,sale
341,1,204.633,214.865,five A little tricky But,sale
341,0,214.865,225.097,mm I mean is there no over Okay All right I mean I can't I mean it doesn't make sense for me to Go about 2 25 on this house with the information I've been given but it sounds like yeah yeah we're below So if we're gonna And we have how many how much time 15 minutes max 10 minutes left,sale
341,1,225.097,235.328,Yeah Okay Um Let's see to the left,sale
341,0,235.328,245.56,Mhm How about 2 20 Do you want to agree on 225 if you want to I'll do it right now,sale
341,1,245.56,255.792,How about what was your original offer again,sale
341,0,255.792,266.023,Well my original offer was 2 20 but you said there was no way you're going down there but it doesn't make sense for you to go above 2 25,sale
341,1,266.023,276.255,But but,sale
341,0,276.255,286.487,If I mean I mean this is probably why they designed the study but if you're not willing to go below 225 it's just like are we going to even make a deal,sale
341,1,286.487,296.718,Exactly Right It seems kind of nonsensical to sell for 2:25 There is no no real benefit Um,sale
341,0,296.718,306.95,But I'm not going to go above and you're not going to go below Is,sale
341,1,306.95,317.182,what I'm saying How about I,sale
341,0,317.182,327.413,mean I don't know what what are you thinking then,sale
341,1,327.413,337.645,Well okay okay Um Right now at the moment I'm thinking that I would sell to you for 220 Um It just seems silly not to since you clearly meet the house,sale
341,0,337.645,347.877,for 2 20,sale
341,1,347.877,358.108,right Like otherwise neither of us really benefit but since you have a constricted budget and I've been trying to get rid of this house for a while like over a month Um I would do to 20 Yeah,sale
341,0,358.108,368.34,Um Sure Yeah Um Sounds like that's gonna be the best we can do I'll take you up on that,sale
345,0,0.0,28.238,"Yeah Okay Um so I would like to start off the negotiation at $215,000",no sale
345,1,28.238,56.475,"All right Um Well I won't say I agree with that price right off the bat Um But I will and I will counter you're Offer um with 2:38,000",no sale
345,0,56.475,84.713,"Okay Then I can also go up 2000 to 217,000",no sale
345,1,84.713,112.95,"That's still a little low You know this house is four bedrooms which is great for the price point Um You know it's Built in the 1940s so it has very a strong foundation you know very mature trees which is um great for landscaping You know it's really solid house you know so I would I'm gonna stick with my Original counter offer at 2:38,000",no sale
345,0,112.95,141.188,"Okay I definitely understand your points But looking at the prices of neighboring homes with similar characteristics So all of those great characteristics that you listed Um And comparing square footage I'd be paying already more with my offer of 217,000 for just a little bit more square footage So what I will do is raise my offer to $218,000",no sale
345,1,141.188,169.425,"Okay I'm looking at this hopefully the same numbers um um With This house being 1846 square feet Um So um I'm not really sure the comparison that that you're making Um Oh based on the houses in the neighborhood you know um This is one of the the stronger houses um More you get more with your purchase which um Leads me to my next counter offer um which is gonna be to 36,000",no sale
345,0,169.425,197.662,"Okay And I will raise mine I think you make great points So I will raise mine to 221,000 Uh Yeah",no sale
345,1,197.662,225.9,"com we're getting closer We have ourselves about what we do we do Um Well what okay I've considered the offer I'm still looking to sell it for a little bit higher than that Um Because it has been a little bit since the last houses were sold So um just the overall cost of the neighborhood has gone up the price point of the houses Um But I will counter your offer of um 2000 221,000 With 232,000 Okay we're",no sale
345,0,225.9,254.138,"definitely getting there Um I understand and I think you make a good point about the general neighborhood Um And I would like To raise my offer to 223,000 given those points",no sale
345,1,254.138,282.375,"Okay On Mhm I'm gonna have to stay firm in my offer to 32,000 She calls of four points because of the house um because of the neighborhood and because it's so close two other amenities within the city you know like the parks and the and restaurants It's all very close",no sale
345,0,282.375,310.613,Something that I'm taking into consideration is because it was built Over 70 years ago there are definitely renovations that will have to be made um just given the age of the house and looking at the selling price of um the house with 1875 sq ft as compared to our so the house that we're looking at is a little bit less than that So I think I could up my offer to 228,no sale
345,1,310.613,338.85,"1000 Okay Um I very much to your point about the age Um um Once again I was afraid to the mature trees and the landscaping because you know without that age you wouldn't have um you wouldn't have the trees that come with the yard and whatnot And so um that's that's not something that you can get somewhere else um for this price point Um but I do see your point about the age So I will go down a little bit too to um 3,200 230,000 130",no sale
345,0,338.85,367.088,1000 This is definitely um getting a lot better I would like to factor in another 1000 about actually the maturing trees So I'm thinking depending on the layout of the house and this plot of land I'm nervous that this tree will grow too large Um And the roots might interfere with either the foundation or just the tree getting larger And maturing will cause costs associated with landscaping So in order to cover those costs um I would like to lower the price Uh,no sale
345,1,367.088,395.325,Well upper,no sale
345,0,395.325,423.562,"My offer to 229,000",no sale
345,1,423.562,451.8,Um I think we've made ourselves to feel I will take that All right,no sale
352,1,0.0,26.048,Okay Hi Um So I think you're supposed to of For a price 1st Right Yeah,sale
352,0,26.048,52.096,"I think so Okay so I am going to offer Um 217,000",sale
352,1,52.096,78.144,217 Oh wow That's significantly lower than the number that I was thinking of But do you have any reasons or you know,sale
352,0,78.144,104.192,um Yeah I was like I'm sure the document um Yes I've been looking at the neighboring homes with a similar characteristics based on like square feet Um And there is houses in that kind of field for that price range,sale
352,1,104.192,130.24,"Interesting Are you talking about the I guess like the first listing this um The one that has 1715 sq ft Alrighty Um well I'm gonna be honest with you um 217,000 That's you know again significantly whatever the amount that I was expecting Um I you know I bought this house a couple years ago for you know even like more than that And I think that right now since um you know you know this neighborhood is really nice and I believe that um if you have taken a look at the description um you know there's like significantly manufacturers that um separates my house from the other houses that you might be looking at I think that you know this house is worth uh much much more than the price that you're offering So I'd say If if I had to offer a price of course you know I'm open to negotiate but if I were to open up a price uh since I'm selling you know this house at 240,000 I'm willing to lower it that by $5,000 Uh if you're inclined to buy it but I don't foresee that I could really go below that bar",sale
352,0,130.24,156.288,Well the prices that sorry,sale
352,1,156.288,182.336,"it's uh Yep So 200 and 235,000",sale
352,0,182.336,208.384,Okay Well I think based on the other houses in the area that seems pretty high um I mean I agree that there is a lot of good qualities of the house but that's definitely like pushing my price range Um So my Next price offer which is really the most affordable that I can go is about 2-5000,sale
352,1,208.384,234.432,"25 Well I mean here's the thing I mean if you're not interested in my I mean you can always go for other options you know because um apparently there are like options um it really depends on like how much you like this house and I know that you know it's not for everyone but I can personally say that I have personally visited a lot of houses around the area and this one was not only among the best was you know the single best you know for me when I bought it and now I'm only selling it because I'm moving to another area So um I really do think that you you know just you know Consider uh you know 20 235,000 I think You know it's not that big of a push up from the 225,000 that you're offering right now Um you know look at the amenities you know whether like inside and outside I don't think you know there's a house that you can you know ask for four bedrooms and you know all of these facilities you know they come in with the house and it's still very very new I've only lived before you know four or 5 years and I can tell you I have treated it basically as if you know it's new And I can just say that you know it's it's just fantastic you know living in this house So um that's what I can tell you from now",sale
352,0,234.432,260.48,Um Okay thank you for making your case Um Again I think that's still way out of my price range Um I can maybe bring it up and give put in an offer for maybe 22272 to 8 maybe Um but yeah definitely 235 is a way too high,sale
352,1,260.48,286.528,All right What is the what is the let's not just talking about like 23 arrange what as of now what is the most that you're you know willing to offer at this moment,sale
352,0,286.528,312.576,Yeah I would say the very maximum be um 2-9000,sale
352,1,312.576,338.624,"2 - 9000 And you know I mean I know that um and you know in this where you know we're mutually trying to benefit you know the seller and the buyer So I think that you know I really want to reach a deal right You know because I said um I wanted to see someone you know uh living in the in the house and you know I'm moving into another city So I mean I really think that We can't this transaction you know can result you know this can result in a transaction but still 2020 sorry 229,000 Um I think well at least that un expecting Um the lowest price that I can go is uh 231,000",sale
352,0,338.624,364.672,"Okay Yeah So when I started looking for houses in the area I kind of was looking for a house kind of close to the budget of 2 20,000 But I was impressed with the house and that's why I'm willing to go a bit higher um Based on like the amenities and the area Um But my max max max would be 2 30",sale
352,1,364.672,390.72,Well is that the final answer Um I think Cool That's you know 2 30 That's yeah That's it Bad Well it's you know I guess that's the minimum that I was I can offer you know,sale
354,1,0.0,6.821,alone Hi how are you doing Good How about you,sale
354,0,6.821,13.642,I'm not too bad All right So I think I keep this thing often for us,sale
354,1,13.642,20.463,Awesome,sale
354,0,20.463,27.284,All right So I think my first initial offer here would be uh to 25,sale
354,1,27.284,34.105,2 25,sale
354,0,34.105,40.926,Yeah Just give him the similar prices of other houses,sale
354,1,40.926,47.747,Yeah As you see here according to the square footage compared to in Appendix two it's actually closer to 2300 and even 2300 would be a little lower on the asking prize,sale
354,0,47.747,54.568,Would,sale
354,1,54.568,61.389,you like to re suggest another offer,sale
354,0,61.389,68.211,Mm Um I think that's a reasonable uh what you're saying there is closer to that to the uh 230 K range um Would I guess we can make this easy with 230 kb Something you'd accept,sale
354,1,68.211,75.032,I wouldn't accept what's other pandemics which is 233,sale
354,0,75.032,81.853,But it is smaller than that As you're as you're saying it is that smaller in square footage And I mean I'm not sure with we said they also they're pretty similar characteristics So I think all else even it should be worth it I think a little bit less than that,sale
354,1,81.853,88.674,And the garage is detached And the house is also very newly decorated,sale
354,0,88.674,95.495,It was built back in 1947 So it's a fairly old house,sale
354,1,95.495,102.316,correct But in the same neighborhood all the houses are both around the same time,sale
354,0,102.316,109.137,Alright So basically we're saying how much is the 30 or so square feet difference worth for us,sale
354,1,109.137,115.958,Maybe Yeah So I'm Accepting 233 so we can cut off the 600,sale
354,0,115.958,122.779,How about I bump up a little bit and meet you kind of the middle and do 232,sale
354,1,122.779,129.6,Okay I think that would be a price that I would accept,sale
358,0,0.0,16.595,Uh huh,sale
358,1,16.595,33.191,Hello,sale
358,0,33.191,49.786,"Right Um I guess I just put down It's 200,000 to start with",sale
358,1,49.786,66.382,Um so this house is listed for 2:40 Um So that is definitely a lower offer um than some of the other ones that we have Um So I would have to reject my often okay,sale
358,0,66.382,82.977,what if I Read it to 10,sale
358,1,82.977,99.573,Yeah that's still significantly below um The other offers that I have Um just because this is the four bedroom and over 1830 um A lot of other people are you know looking at the amenities and things like that and are really putting you know the money to the value of this place,sale
358,0,99.573,116.168,Um Let's take it up to 25 then,sale
358,1,116.168,132.764,Um Yeah that's still unfortunately not up to par with um the other office that we've had Um So unfortunately I would also have to reject that offer as well Um Yeah,sale
358,0,132.764,149.359,Mhm Energy Yeah interesting Mhm Yeah 2 30,sale
358,1,149.359,165.955,Oh,sale
358,0,165.955,182.55,yeah,sale
358,1,182.55,199.145,Party is um you know a lot closer to the listing price and that is where a lot of other offers are closer to as well Um is there any reason why you want it Um like do you feel like this house doesn't have enough value with for the 240 or like what is your like how are you feeling about this house,sale
358,0,199.145,215.741,I just um you know I see that there is a house that has you know it's much bigger than This house it's a 239 And so I'm just no I figured maybe you can get a little bit more close to a little bit down to you know A little bit less than the 2.4 You know I feel like considering the other house in the neighborhood,sale
358,1,215.741,232.336,Well the other house was sold quite a bit ago and with houses attempts to appreciate And so because about several months gap you know this house the houses in this neighborhood have gone up significantly higher And in fact to 40 we get out of steel just because the amenities included in this house was not present in the other house So you might have gotten a little bit more space but you are definitely not going to be able to get um all of the amenities and all the outside landscaping and all that with other places So you're really putting in um the money for that And I think that trump's over any sort of little marginals great footage Uh would you be willing to do to 37,sale
358,0,232.336,248.932,37,sale
358,1,248.932,265.527,We can meet halfway because um that is where other authors are So Mhm It would just be a little bit more and again you know you are gain the best bang for your buck for this house I mean,sale
358,0,265.527,282.123,me I think let's see maybe we can how would you How about 2 35 you know a little bit more for me and a little bit more from you That's a good little 2 30 to 40 or in the middle to 35,sale
358,1,282.123,298.718,would you Mm I think we could do I really think the 237 number isn't that big of a asked just because compared to other homes the amenities like this amount of money you're paying for square footage is so little compared to everything else that you're also getting Yeah and this is definitely um the best house in the neighborhood because of all of these um finishes and melodies and decorations and all of that stuff,sale
358,0,298.718,315.314,Yes Yes I see I see Um I mean yeah I really do appreciate the menus but trade space in a lot of space You know my family and they are I really really kind of you know all of the mandates but the space is really where I'm kind of a little bit more attached to just you know have more space to move around you know do you know busy with things in the house and then your last spacewalk it's throw things and move things around So I'm thinking you know just for the That alone maybe just cut down like 5000 That's doesn't seem that much,sale
358,1,315.314,331.909,to me,sale
358,0,331.909,348.505,in the middle,sale
358,1,348.505,365.1,Okay I can do to 35 for you You seem like a pretty nice guy,sale
359,1,0.0,16.306,um Hello,sale
359,0,16.306,32.611,how are you doing Good,sale
359,1,32.611,48.917,Oh good how are you,sale
359,0,48.917,65.222,I'm good I'm good I'm good but I think I have been a big scam in uh first session so I don't know who I was negotiating with but um I got a bit played I'm not trying to do better here,sale
359,1,65.222,81.528,Okay Yes I see him I guess,sale
359,0,81.528,97.833,so Um Your apartment is really nice I did a little tour of the place and I think it would be are you recording yesterday She said she said my name like the one that couldn't record so please make sure you have the recording Yeah Um I did indeed find the place really interesting and I'm looking for a place to buy However your asking price is a bit over my budget so I would like to kind of see if you are open to negotiate Mhm And as I've seen different properties around the market that had kind of similar features depending on the er the square footage I have an idea of what ideally I could uh I could stand and what I I believe the place would be worth but I'd love to hear your opinion,sale
359,1,97.833,114.139,Oh um yeah I was I would be here to know how much um would you be offering for me to sell my house,sale
359,0,114.139,130.444,"So um based on kind of the year in which it was built so it's not as newly built as some other buildings Uh And based on the square footage information uh I believe uh like my my offer could be in the low 200,000 so uh just like try to understanding if it's something that you would be open with would be comfortable with something between $20,000",sale
359,1,130.444,146.75,"Um I no I I don't think so I would definitely be looking for something above $210,000 Um And I don't think I would be willing to sell my house for anything less than that",sale
359,0,146.75,163.056,"So above Oh So a little bit more than 200 10,000 more Are we closed You think because like I've seen your asking price and honestly that's really out of my budget What were you thinking Right",sale
359,1,163.056,179.361,So would you would you say that my asking price is something you would not be willing to pay at all,sale
359,0,179.361,195.667,No that that's literally like outside of my budget and plastic is not really realistic and in relation to the market Mhm,sale
359,1,195.667,211.972,"I see Um So I would really like just on the house so if There's no way you would be willing to pay $240,000 Right correct Okay So um how about how about um a little bit less than that So what do you think is how Okay so how Do you think 200 and maybe $38,000 How is that looking for you",sale
359,0,211.972,228.278,No that's like that's that's not really reflecting the value of the property in the market to to be honest like both in terms of like m2 to um like square me like a dollar per square meter But as well like related of the year built like we're seeing other transaction the market's happening away more competitive prices So,sale
359,1,228.278,244.583,I understand Yeah It's just that I have had this house on the market for a while and um I haven't been able to sell it but also because I want to sell it but I'm not willing to settle for two less for value I probably believe that the house is just it also has a lot of like sentimental value So um I would not probably be willing,sale
359,0,244.583,260.889,to go,sale
359,1,260.889,277.194,"less than um I'm looking at the listening as well and I realize what you are saying about the square footage How do you think Maybe how about $234,000",sale
359,0,277.194,293.5,Yes It's like um that uh could be a potentially like uh like I feel like that could be a price that some properties in the market would be worth But like as we can see also like for the years in which they are built is like talking about brand new construction that might not need any renovation at all and I don't account for those expenses So uh like I I understand that you're attached to it but I feel like I would have a question do you have any other offer on the table I don't know if you want to disclose,sale
359,1,293.5,309.806,"it Sorry Um Okay so $234,000 according to me Foreally I think that is a good price But I do see that there's a listing for a little bit more square footage which is at 233,600 Um So I would maybe I would be okay saying it for less than that as you mentioned So maybe like $233,000 because the listing does have a greater square footage",sale
359,0,309.806,326.111,So what what I what I was thinking to be honest is maybe like coming a bit closer but I'm still in the uh 210's like maybe I can do 213 14 something around those lines You think Are we are we talking like we kind of like seeing the same opportunity here What do you think How far do you think you are,sale
359,1,326.111,342.417,"No I definitely would not be willing to sell the house for less than um Let's say it I would not be willing to sell the house for less than to hunt Sorry For that price The $215,000 or what have you just mentioned Like I would not be willing to sell the house for that much",sale
359,0,342.417,358.722,"Okay so I'm I'm really trying to you know like trying to come like getting like doing some steps forward trying to negotiate trying to see it like abed how we can kind of extract both the the the the most value out of this transaction I feel like there could be some middle ground between us that can be closed up But like I like for me 200 like anything I'm saying like even if you like your next software is anything closer than still in the 2,030,000 for me is impossible To me",sale
359,1,358.722,375.028,"You're saying that anything above 230,000 is impossible for European",sale
359,0,375.028,391.333,to even consider,sale
359,1,391.333,407.639,to even consider,sale
359,0,407.639,423.944,correct So like I feel like if if we do have some middle ground to like negotiate an extract value it should be somewhere between the 200 I don't know I don't know about your kind of like best alternatives if you have other offers But like something in the high 200 tons of low 220 if we can find when you find some middle ground,sale
359,1,423.944,440.25,"I mean I think you had mentioned that 234,000 is a price you could pay You had all you mentioned that Um I also I will not be able to do 220,000 That is impossible for me to sell the house at because I definitely have bios who are willing to pay more than that and I'm not looking to sell my house for less than $220,000 Mhm",sale
359,0,440.25,456.556,Okay So do you think we could find a middle ground That in the in the 220's maybe something something more,sale
359,1,456.556,472.861,Um um So okay so you let's see let me look at the other listings Um Okay so you mentioned 233 is outside your range,sale
359,0,472.861,489.167,Anything into the 230s is outside my range,sale
359,1,489.167,505.472,"You are not willing to pay anything Um Anything more than $230,000",sale
359,0,505.472,521.778,I cannot I cannot,sale
359,1,521.778,538.083,"okay I cannot I will not be willing to sell my house for less than 220 I will literally not be able to sell the house for less than $226,000 That's something that I will not be able",sale
359,0,538.083,554.389,to go below,sale
359,1,554.389,570.694,"And according to you you said something not greater than $230,000",sale
359,0,570.694,587.0,"Uh Yeah like kind of it's like the thing is like Over 230,000 for me it's even impossible to consider Like it would be like I would have I have other properties that I'm seeing around in the market that would literally like deal me a lot of value if I do go like if I would You know I I wouldn't I wouldn't like ever be profitable in buying more than this property and more than 230,000 especially considering all the renovation cause they're gonna have to incur So like if we do find somewhere in the middle and we can we can we can discuss it would be like an offer I can try to make to get a bit closer to you Is something around 200 and uh 23,000",sale
359,1,587.0,603.306,"Oh I'm no I cannot I will not be willing to sell my house for less than $226,000 Um I just have been more better offers on the table and I don't think my heart I think my house is worth more than $226,000 And I will not be willing to sell for less than that",sale
359,0,603.306,619.611,"I mean it's a wonderful house I promise you I will take care of it I will like restructure it and put a lot of effort into it But I feel like 203,000 It is uh a good offer and kind of where I'm where I'm saying I get I think I can go 220 3500 if it's something that can help you make a decision but",sale
359,1,619.611,635.917,"like right um No I'm I will not be able to sell the house For less than $226,000 I will not be able to go below that price I'm sorry but it's I will not be able to just because I have better offers and I would yeah I'm not looking for anything less than $226,000",sale
359,0,635.917,652.222,The thing is like for me b like seeing what are the appointments there are in the market The maximum I can do Is uh is 204 Mhm So sorry,sale
359,1,652.222,668.528,What do you mean 204,sale
359,0,668.528,684.833,Sorry Sorry Sorry 224,sale
359,1,684.833,701.139,And,sale
359,0,701.139,717.444,that is and that is like you know like I think it surprised that we could sign a deal upon,sale
359,1,717.444,733.75,"Oh I mean No I just said that it cannot go less than 226 And that itself is like a huge jump from my asking price of $240,000 I think like biology went low enough and I cannot go lower than $226,000 at all Um",sale
359,0,733.75,750.056,Just for reference we have one minute left Yeah I,sale
359,1,750.056,766.361,"Know I know I understand I just cannot go less than $286,000 And Um I cannot like sign a deal for $224,000 But I'm just letting you know I will not be willing to sell it for that",sale
359,0,766.361,782.667,Okay Is there anything we can we can kind of take the head boats cleaning Midway and uh and sign a deal,sale
359,1,782.667,798.972,"Uh No I cannot even go Midway I just cannot sell I I will not be really I cannot sell it for less than $286,000 Because again it would just be I have other offers for more than that And I mean I went down from 240,000 to 226,000 And so I will not be able to go lower than that",sale
359,0,798.972,815.278,Yeah but like the price should be related to the market price So,sale
359,1,815.278,831.583,He reduced it and I checked the listing So I cannot go lower than 226,sale
359,0,831.583,847.889,1000 2025,sale
359,1,847.889,864.194,No Dude No Dude 26,sale
359,0,864.194,880.5,Okay Deal Deal 2026,sale
362,1,0.0,10.298,and or anything Um,sale
362,0,10.298,20.596,No specific questions No,sale
362,1,20.596,30.894,Yeah Say uh I guess I'm gonna start recording lately Both recording Right All right So um I believe that you should make the offer first,sale
362,0,30.894,41.192,"Yeah I'll start with 215,000",sale
362,1,41.192,51.49,"215,000 Okay Um offer that I am asking for is 240,000 But All right So what what um what are you looking for in a house Um I can offer four bedrooms recreation room and 2.5 bathrooms and the scenery outside It's also quite beautiful I believe that my um the house that I have is one of the best in the area where I am So I was wondering what are you looking for in a house to convince you So um Except the higher offer",sale
362,0,51.49,61.788,"Well we were looking at other well I'm looking for specifically a single family home Um And we were looking at other neighboring homes with like similar um characteristics Um And so like there's a house that's you know Of similar size that's selling for 213,000",sale
362,1,61.788,72.086,What does your what um Other house has Uh huh Um Does do you recall what the other house has like in terms of like qualities Or was that not information not given,sale
362,0,72.086,82.384,Um No It's also um 14 bedrooms one recreation room and it's two bathrooms only Okay It's a little bit smaller but still in a good neighborhood Nice outside amenities,sale
362,1,82.384,92.682,Well I can offer restaurants and transportation within walking distance Which is pretty important I think for any family mostly because if you need to commute to work or talk to any um go to where you want to go basically having,sale
362,0,92.682,102.98,So you're asking prices over my budget,sale
362,1,102.98,113.278,Oh what is your budget right currently,sale
362,0,113.278,123.576,"Um We're looking for something like within the 200 Ideally below 230,000 rain",sale
362,1,123.576,133.874,Okay,sale
362,0,133.874,144.172,Are you willing to negotiate or are you sticking with,sale
362,1,144.172,154.47,Yeah I'm still willing to negotiate Okay Well um well I can offer is as I said restaurants nearby as well I'm not sure about the other house with a lower price but having good eating options nearby it's a lot more convenient I think for a family,sale
362,0,154.47,164.768,So what is your counter offer for a price thing Because I already think,sale
362,1,164.768,175.066,"my counter offer would be 200 227,000",sale
362,0,175.066,185.364,"227,000",sale
362,1,185.364,195.662,Yes Mm,sale
362,0,195.662,205.96,"I'll do 225,000",sale
362,1,205.96,216.258,Mm Is there anything that would raise the price for you We also have um pretty beautiful landscaping outside of our house and two parks nearby And the other,sale
362,0,216.258,226.556,houses are also the same Their neighboring homes They're all they're all have access to the same,sale
362,1,226.556,236.854,Do they have fireplaces Uh huh We have a large eating kitchen and our house is newly decorated,sale
362,0,236.854,247.152,So are the other ones,sale
362,1,247.152,257.45,You have a pretty hope,sale
362,0,257.45,267.748,Uh huh,sale
362,1,267.748,278.046,Um What,sale
362,0,278.046,288.344,"Do you say to 225,000",sale
362,1,288.344,298.642,"How About 226,000 Okay fine Okay I think we have until",sale
362,0,298.642,308.94,"Yeah I guess so Right Stop Yeah 226,000 we said Right",sale
363,0,0.0,9.81,Hello Hey how's it going,no sale
363,1,9.81,19.62,Pretty good How are you,no sale
363,0,19.62,29.43,Doing Well Doing well All right,no sale
363,1,29.43,39.24,Um Yeah so I am selling my house Calls 240 K Sounds,no sale
363,0,39.24,49.05,I'm going to have to um say no to that Um Just because appendix to clearly values to the house I think something a little bit below that so I'm hoping um we could go down a bit Um I'm thinking more of something around Um to 15 around there Does that sound good,no sale
363,1,49.05,58.86,"Mm Well see my house does have roughly 1800 square feet And so if anything I feel like it should be somewhere in the middle between Um these other two prices I see down here uh have 1700 and 1875 or something in between there So maybe closer to 230,000 maybe 2:32",no sale
363,0,58.86,68.67,I wouldn't put it to 32 I'd be willing to go closer to 2 30 though Maybe something around like 2 26 potentially Mm,no sale
363,1,68.67,78.48,Um I don't know you know Um I feel like my house might be worth a little bit more than these other ones so I feel you know pretty comfortable around 230 maybe to 29,no sale
363,0,78.48,88.29,Yeah no I understand I mean obviously market values only means so much but I will say if you if you're willing to go down to Um maybe like around 227 um that would work for me and I hope maybe that would work for you as well,no sale
363,1,88.29,98.1,mm Okay How about House 2 28 sound,no sale
363,0,98.1,107.91,you wanna meet in the middle there,no sale
363,1,107.91,117.72,Uh,no sale
363,0,117.72,127.53,27 500,no sale
363,1,127.53,137.34,Mm Okay Yeah fine I can I can deal with,no sale
367,1,0.0,10.187,mm All right we're good to go,no sale
367,0,10.187,20.373,"Okay um I will offer 200,000 for the house",no sale
367,1,20.373,30.56,Um Alright my starting offer is going to be 245,no sale
367,0,30.56,40.747,Um May I ask why since the asking price is only 240,no sale
367,1,40.747,50.933,Oh sorry sorry well done all this Okay what a mess Let me pull up this like selling documents Yeah you're absolutely right asking prices to 40 Sorry Um But yeah for sure Um Recently been furnished huge eating kitchen um brand new appliances newly decorated um Just recently refinished the hardwood flooring which is a massive expense Um And just it's a huge space and it's a great neighborhood,no sale
367,0,50.933,61.12,Um Well I think I'll be doing some landscaping because I don't really want the trees so that will cost me a lot Um So I'm looking for a price reduction Um maybe I can go to 5,no sale
367,1,61.12,71.307,Okay Um I definitely see your point Um But the landscaping as is this beautiful Yeah I definitely understand the whole trees might want those removed but um given that so much of the landscaping in the front could be maintained um would you consider 2 35,no sale
367,0,71.307,81.493,Um possibly I am,no sale
367,1,81.493,91.68,mm just given that comparable homes in the neighborhood are also selling Or upper to 30s Um and with lesser square footage,no sale
367,0,91.68,101.867,Well I'm a little concerned about the hardwood floors to be honest Um I don't really like the creaking and such So I feel like that might be something I change Maybe the tile instead and so I'm not really sure Maybe I can go 229 but I don't know I just feel like they're on the outside This house is nice but there are a lot of little things I'm going to have to work on,no sale
367,1,101.867,112.053,Sure I mean it shouldn't need a whole lot of updating given that again shouldn't be any creaking floors These are recently finished Um But understand each his own personal preferences Um I definitely can't go that low again We think a whole lot of money into these renovations for the flooring Um And for some of the landscaping but I could probably do um see I could probably do 2 32,no sale
367,0,112.053,122.24,What about 2 15,no sale
367,1,122.24,132.427,again Yeah the flooring and the landscaping have been a huge expense so I won't be able to go that low Um How about 2 35,no sale
367,0,132.427,142.613,Um Well that's higher than the price you just offered so that probably won't work for me,no sale
367,1,142.613,152.8,Hello I can't even straight It was sorry I'm trying to keep this serious Um Okay how about 2 Um I could go as low as let's see mm 2 28 500,no sale
367,0,152.8,162.987,2500 Okay Um That's that's definitely better Um Would you go as low as two 2200,no sale
367,1,162.987,173.173,Mm I could knock it down to Let's see I can do to 28 flat,no sale
367,0,173.173,183.36,2 28 interesting interesting Um Wait do you know how long it's been,no sale
367,1,183.36,193.547,Um like five minutes Okay Just,no sale
367,0,193.547,203.733,checking,no sale
367,1,203.733,213.92,Yeah no definitely Yeah I'll try to keep,no sale
367,0,213.92,224.107,um 2 28 That's interesting I'm just I'm also a little concerned I know there have been renovations but the house was built in 1947 so I'm not old houses I'm not really sure I feel about that Maybe I could go 2 24,no sale
367,1,224.107,234.293,Mm Could you do to 27 7 50,no sale
367,0,234.293,244.48,What about 225,no sale
367,1,244.48,254.667,Mm to 27 500 This is really this is,no sale
367,0,254.667,264.853,a,no sale
367,1,264.853,275.04,lot lower Could you go,no sale
367,0,275.04,285.227,Two twenties five 500,no sale
367,1,285.227,295.413,2 27 flat,no sale
367,0,295.413,305.6,What about 226,no sale
367,1,305.6,315.787,mm 2 26 750,no sale
367,0,315.787,325.973,I'd really love it to be to 26,no sale
367,1,325.973,336.16,How about 2 26 Mm 600 oh,no sale
367,0,336.16,346.347,2 26 would be preferable preferable,no sale
367,1,346.347,356.533,Mm Could you do 2 26 500,no sale
367,0,356.533,366.72,I really think the highest I can goes to 26,no sale
367,1,366.72,376.907,26-50 in the middle,no sale
367,0,376.907,387.093,2 26 is right there though,no sale
367,1,387.093,397.28,Mm 2 26 150,no sale
367,0,397.28,407.467,I just I don't know to 26 is feeling just right to me,no sale
367,1,407.467,417.653,I think we can compromise I think I've bent over a lot,no sale
367,0,417.653,427.84,Well my original offer was 200 So this is a big jump for me This is gonna be a big investment for me I'm just switching jobs you know,no sale
367,1,427.84,438.027,six would,no sale
367,0,438.027,448.213,be just right,no sale
367,1,448.213,458.4,All right We'll call it we'll call it OK Any six,no sale
374,0,0.0,9.788,Mhm That's that's way too high What are you just to find that on,sale
374,1,9.788,19.576,Um Well I think it's one of the nicer houses on the market um in this area and um a lot of the interiors have been updated um and newly decorated So I mean inside has like hardwood floors and the kitchen is really nice and it's big and there's a lot of like new appliances and stuff So um I think compared to some of the other options um I think 240 thousands of reasonable price,sale
374,0,19.576,29.364,I agree with all those things but I'm leaving more towards the to 20 mark How do you think About 2 20,sale
374,1,29.364,39.152,Yeah I won't be able to do to 20 sorry about that,sale
374,0,39.152,48.94,I mean the house is quite old so if you look it's built in the 40s I mean that's a long time,sale
374,1,48.94,58.728,Yeah but that is pretty standard for the neighborhood in the area So I don't know if you'll be able to find anything that's you know a lot newer,sale
374,0,58.728,68.516,Well I mean you get new builds I mean that's over 60 years old you know that's that's 80 years old that's quite old for a house,sale
374,1,68.516,78.304,Mhm Yeah but um a lot of things have been renovated and the location is really nice Um And the backyard is also um has been done and there's a lot of landscaping on the property so um I think the price reflects that,sale
374,0,78.304,88.092,Okay I'll try to tell you what how about I can come up to 230 Does that sound any better,sale
374,1,88.092,97.88,Um Yeah that does sound a little bit better Um Although it's still a little bit lower than I'm hoping for Um Is there any wiggle room on that for you,sale
374,0,97.88,107.668,when you say we go room What kind of how much how much weaker like when we're talking,sale
374,1,107.668,117.456,Like two or 3000,sale
374,0,117.456,127.244,Uh How about 233,sale
374,1,127.244,137.032,Um Yeah that sounds fine to,sale
374,0,137.032,146.82,me Okay we'll agree on 233 Cool,sale
375,1,0.0,8.487,Okay I started as well All right,no sale
375,0,8.487,16.974,Um I believe I am,no sale
375,1,16.974,25.461,the buyer,no sale
375,0,25.461,33.948,"and my starting price is going to be Uh 210,000",no sale
375,1,33.948,42.435,"Um So my starting price would be 250,000 250",no sale
375,0,42.435,50.922,50,no sale
375,1,50.922,59.409,Yes Right,no sale
375,0,59.409,67.896,"Uh huh I know for a fact I cannot do 250,000 Um but I'm willing to raise my asking place to be 215,000",no sale
375,1,67.896,76.383,"Um I can go for as low as 240,000 So that's still",no sale
375,0,76.383,84.87,"outside of my price range Yeah I know the asking price was 20 240,000 Um But really I can only afford probably maximum without difficulty Like 225,000",no sale
375,1,84.87,93.357,"Right In that case I can yeah With 235,000 be good",no sale
375,0,93.357,101.844,"35,000",no sale
375,1,101.844,110.331,Well when compared to,no sale
375,0,110.331,118.818,the houses around the block,no sale
375,1,118.818,127.305,Yeah Many houses have,no sale
375,0,127.305,135.792,"more square footage and are still priced Around 230,001 is 213,000 I would be down for 230,000",no sale
375,1,135.792,144.279,"Yeah Well the 213,000 houses Only 1700 sq ft letters So",no sale
375,0,144.279,152.766,"Uh huh Mhm The next biggest house one of the 18 75 square feet one There's only 230,233 guys Mhm",no sale
375,1,152.766,161.253,mm hmm Yes there's the love and amenities like our house is recently um furnished and uh it has a really large backyard So I can say Go for 200 30 2000 Honestly 200,no sale
375,0,161.253,169.74,"32,000 is good with me",no sale
381,1,0.0,8.515,Hey Yeah How are you Good How are you I'm good Yeah Good So just to check your a buyer,no sale
381,0,8.515,17.031,Yes,no sale
381,1,17.031,25.546,I am a seller yep Okay,no sale
381,0,25.546,34.062,"So I guess I'll go with my starting place Uh I would want around 220,000 Okay",no sale
381,1,34.062,42.577,Yes You know that's a little lower than I can accept Um I was hoping to get as close as possible to my asking price of 240,no sale
381,0,42.577,51.092,14 Uh word to 25 work for you,no sale
381,1,51.092,59.608,Um I think it's still a little low for what I'm looking for Mhm,no sale
381,0,59.608,68.123,Uh 2 27,no sale
381,1,68.123,76.638,What about 2 35,no sale
381,0,76.638,85.154,So to 35 is like really high range for me That's kind of like the highest limit I said to myself and I would not like Theresa What about 2:30,no sale
381,1,85.154,93.669,What if we meet in the middle at 2:32,no sale
381,0,93.669,102.185,Mm hmm Uh what about 2:31 Mm hmm Yeah Mhm Uh huh,no sale
381,1,102.185,110.7,Yeah sure Why not,no sale
387,0,0.0,14.126,chain Q,sale
387,1,14.126,28.252,"So the asking price is 240,000 So what are you thinking Well that's the asking price So I mean I I would be available I would be open to coming down on that asking price but that's what the asking price is right now",sale
387,0,28.252,42.378,"So you know I am actually like thinking of like you know like around I would say you know it's like a little bit it's like a it's like an older property though I feel like so maybe what is there any chance You know like so what is like them You know how about let's do something like around you know closer to like you know 22 you know like to 20,000",sale
387,1,42.378,56.504,"2 20 What did you say 22,000",sale
387,0,56.504,70.629,The 220-20000,sale
387,1,70.629,84.755,"20,000 Um I mean I honestly I don't want to let it go for that low Um It's yeah I mean you said it's a little bit all that has comfortable and updated brick and it has like redone hardwood floors So I think it's somewhere above that I mean I definitely be willing to come down um Let's say 2:35 Is that anywhere closer to what you could do",sale
387,0,84.755,98.881,So it's closer But also I have been you know honestly I am actually really interested in you know moving into the area and I've also been looking at other places So you know there are some other houses around that you know like when you divide like the price per square feet they are like much lower compared to what we have here So you know like for the other ones like you know like just you know like approximately like they are doing around like you know 1 41 20 for dollars like you know around like 1 24 per square feet I would say But you know like for this we are like you know we are doing you know around like you know I mean it's like it's a little bit more expensive to compare to the rest I felt like,sale
387,1,98.881,113.007,um That is because it's been several months since the last house was sold and so you know housing prices are a little bit up now Um But that that's what I said like I I I'd be happy to um Come down a little bit on the price from 235,sale
387,0,113.007,127.133,So you're thinking of 245 right,sale
387,1,127.133,141.259,Yeah 235 Are you are you proposing a counter offer I mean I feel like we could meet somewhere closer to the middle of between these two,sale
387,0,141.259,155.385,So let me let me see So this it's like You know 1/2 Okay so how about let's do something like you know like How about something like in like to you know like 2:25,sale
387,1,155.385,169.511,I mean I can't sell it for that well But I mean yeah that's that's just not What if what if we meet because I'm saying to 35 years saying to 25 what if we meet in the middle at like 2230 Yeah There's absolutely no way I could be less than 2:30 for me But like like what if like could we just try to jump straight to that I mean that's you halfway between both of us,sale
387,0,169.511,183.636,Okay hold on Like this is like I'm not about like the park and I have a question is still like a time world that we can see how much time we,sale
387,1,183.636,197.762,Left You know we have 10 minutes left Did you hit record when we started,sale
387,0,197.762,211.888,Oh I see like the top on the top Right Right okay,sale
387,1,211.888,226.014,Top right As a timer,sale
387,0,226.014,240.14,Thank you so much Okay well okay the thing is you know Let me see so to use things like something around like two foodie Right,sale
387,1,240.14,254.266,Well I mean yeah that's meeting in the middle between our two you said to 25 I said 235 trying to close this deal out,sale
387,0,254.266,268.392,So what if we do something you know like you know sort of like the thing is you know what if we do this is like it's still I think it's like it's still a little bit pricey I know it's like a really nice property but then at the same time you know in the market there are also a lot of other options that are available at the same time So the thing is I can pay you or cash So would it be possible if we do something like you know Let's say like 20 like to like Next day like you know 2-20 like you know like 227 or something like that We can get a little bit closer,sale
387,1,268.392,282.518,I mean I'm gonna I already went very far down from 2 35 to 2 30 So I'm gonna hold pretty firm at 2 30,sale
387,0,282.518,296.644,Yeah but the problem is like you know I couldn't really do like to you know to to food It's a little bit too much I still think,sale
387,1,296.644,310.769,"I mean I already had the asking price was 2.4 Um and then that was cut in half I mean that was I cut that by 10,000 And when you visited you had a keen interest in buying the house So Um I mean taking 10,000 office I just trying to make this easier for you But that's that's basically all I can do I I there's not really much I can budge below that Like like at all",sale
387,0,310.769,324.895,Okay So like the lowest that for now you can do it's like around like you know what's your what's your lowest you can do,sale
387,1,324.895,339.021,to 30 to 30 is a lot of,sale
387,0,339.021,353.147,30 Okay So differently of 2:30 So uh you know like Mhm I understand It's like you know its newly decorated Mhm But then So you think of two foodie right,sale
387,1,353.147,367.273,"Yeah 230,000",sale
387,0,367.273,381.399,"140,000",sale
387,1,381.399,395.525,And I mean that's in line with um like you talked about the other houses as well with the square feet That's in line with some of the other houses that have been sold in the area,sale
387,0,395.525,409.651,Yeah You know what Let me let me talk with my wife about it and then let me see like you know what what's her thought about it Okay Yeah let me just like talk to her like really quickly Okay Okay so I have just you know spoke to my wife I gotta talk to her and you know what happened is like you know now it's like them because like now like like I mentioned before there are like other properties that are selling at the same time like we're we're close to this property so and honestly it's like it's a little bit like you know it's still like it's a little bit like you know like the market is I don't think it's gonna like do really well like you know like when like when it's like in the future so maybe can we do something like you know like what like you know like so you're saying like to food adoption right,sale
387,1,409.651,423.776,"It's 230,000 which is lower than some of the other houses in the area that have around the same square feet",sale
387,0,423.776,437.902,Yes Okay But I still think it's like it's sort of like older and she she's concerned like you know like since it's like an older house there we might need to do some like you know like repair like you know like let's say like we need we might need some upgrade in like you know like wires in like plumbing system So,sale
387,1,437.902,452.028,"the hardwood floors have just been upgraded and newly decorated and the kitchen is full of all the appliances so You don't need that much I mean I've already like knocked 10,000 off the original price to try to speed up the compromise process here I mean there was there was no point in just trying to go through I just tried to get to a place where we could both agreed to",sale
387,0,452.028,466.154,"How about that Let's do 220-25,000",sale
387,1,466.154,480.28,Um No I'm set at 2 30 to 25 Is what you said earlier and then you went up to 2 27,sale
387,0,480.28,494.406,I think what we can do is that we can do let's do 2 28 How about that,sale
387,1,494.406,508.532,You do to 29 Uh,sale
387,0,508.532,522.658,The thing is we might need to,sale
387,1,522.658,536.784,I mean I don't want to sell it for 229 but like I really will just to get this deal closed I mean probably the lowest head go,sale
387,0,536.784,550.909,How about let's let's I'm okay to 28 How about,sale
387,1,550.909,565.035,That It's two out,sale
387,0,565.035,579.161,I mean it's like it's an older household I understand like the appliances and new and you have like some new how would flow but then you know there might be issues with you know plumbing with electrics like that need upgrades It's,sale
387,1,579.161,593.287,I'm not I'm not in any rush to like sell it I mean I can hold on to the house if maybe there's other people that can live there Um It's not I don't have to sell this and if I sell it for any less than like 230 even to 29 is pretty close But if I sell it for any less than it's just it's not gonna end up well for me,sale
387,0,593.287,607.413,In terms of let's do all but let's do 2:28 500,sale
387,1,607.413,621.539,Okay I mean I said I said I would be willing to go down to 2:29 if you'd be willing to do that,sale
387,0,621.539,635.665,This is like you know like those you know like like if we need upgrades to those those parts it's it's actually it cost quite a lot You know when you combine the material with the labor it's it's way more than and there are,sale
387,1,635.665,649.791,"10,000 off the 10 now 11,000 off the price I mean I don't think I can go any lower",sale
387,0,649.791,663.916,Mm Let's see what can we do for that,sale
387,1,663.916,678.042,It's a difference of 500 I mean,sale
387,0,678.042,692.168,yeah,sale
387,1,692.168,706.294,Okay What about 2 28 7 50 Would that finish the deal right now then,sale
387,0,706.294,720.42,Sure let's do that,sale
39,1,0.0,19.92,Hello Hello Hello how are you,sale
39,0,19.92,39.84,I'm good how are you,sale
39,1,39.84,59.76,I'm good I'm good I'm excited to talk about the house today,sale
39,0,59.76,79.68,Great Um,sale
39,1,79.68,99.6,"So as you saw all right my asking price was 240,000 for the house It's a great space I lived there for several years Um Pretty comparable ones in the area a little bit more But we have some really nice uh kind of mandy's with it Uh So I definitely think it's worth that price Mhm",sale
39,0,99.6,119.52,Yeah it is a really nice house Um I like the location and um and the space So um I really would like to make an offer Um You know it's it's not what you're asking but um I think it's a fair enough to offer Um And so I'd like I'd like to offer 2 24 5,sale
39,1,119.52,139.44,to be fair,sale
39,0,139.44,159.36,In comparison to the um neighboring homes,sale
39,1,159.36,179.28,"24 5 Right So yeah I understand you're definitely looking to square footage and I think if you're only looking at square footage be comparable to that price but I think there's a lot more value to the home than is described by the kind of square footage there with our Mehdi's We have um all these hardwood floors fireplaces nice master bedroom kitchen everything is newly decorated We have all these new furniture nice garage Uh you're right The location Fantastic We're near parks restaurants and there's plenty of other transportation Um and don't forget about our four bedrooms recreation room and should have bathrooms That's fantastic If you think about that 240,000 for all of this Everything you need that'd be fantastic I don't think I could sell it for over 15 About 155 less than that That's probably not gonna work for me at all I definitely can't be doing that",sale
39,0,179.28,199.2,"Um Yeah I I hear what you're saying I do I will say though that the location the location is the same as the other houses that are christ um priced less than than yours Um You know I can appreciate that It's newly decorated but there are still some things that I think I would change just from a taste standpoint Um So uh okay well um I can I can up my offer um slightly maybe maybe we could sort of compromise and I'd be willing to go to 230,000",sale
39,1,199.2,219.12,So yes I've been I've been speaking my real estate investors and stuff and uh give me some advice They think to forties the reason we're asking price you know that's what I've been sticking for I love my home I think it's fantastic That's what I've been kind of aiming for But we kind of discussed some of the logistics and I definitely can't go lower than 2 30 So I'm definitely interesting that offer But Um I definitely see a lot more value my home here I've only been trying to sell it for about a month or so I haven't gotten a firm offer but uh you know a month goes by quick I'm not deterred that I can't get a higher offer So I'm really tempted to wait for someone else to propose a higher off in that because I think I can get higher than 230 If you really want this house then I'd like you to make something just a little bit higher than that Otherwise I think I'll chances on the market,sale
39,0,219.12,239.04,Well do you do you have a counter offer,sale
39,1,239.04,258.96,Um I'd like to go to 33,sale
39,0,258.96,278.88,She was 33 Um How about we go to 32 that way I'm slightly more than half halfway to you,sale
39,1,278.88,298.8,Sure I'll beat you 32 Great uh pleasure pleasure working with you here,sale
397,1,0.0,10.101,Yes Okay thank you I'm so sorry thank you,sale
397,0,10.101,20.203,So I'm recording as well are you recording,sale
397,1,20.203,30.304,Yeah I'm recording,sale
397,0,30.304,40.406,I'm really interested in the house but I think you're offering the price is way too high,sale
397,1,40.406,50.507,How much are you willing to offer,sale
397,0,50.507,60.609,I was really thinking of 2 20 I think was a much fairer offer,sale
397,1,60.609,70.71,Mm I mean this house has a lot of value It's in a great neighborhood a lot of privacy it's very spacious Um it's been newly decorated and I think given the fact that it's been a little hard to buy a house in this area lately I think this is a great opportunity Um so I think because of that I will I'd be willing to sell it to you for around 2:45,sale
397,0,70.71,80.811,No no that that's way too high I mean that house is very old It's built in the 40s so you know it's gonna be hard to keep warm it's not going to have central heating So you must you must come down on your price I mean I'll be willing to maybe go up to 225 you know,sale
397,1,80.811,90.913,Okay well as for the heating we do have two fireplaces and I think you know the fact that it's from 1947 I think that really adds some character but I do see your concern about central heating so I'd be willing to bring it down about 2 38,sale
397,0,90.913,101.014,do you think I mean that's not one of my presentations Um If I offered you right now two 2:30 would you take it,sale
397,1,101.014,111.116,two I need to think about that for a second I mean that's pretty well below what I was initially asking for Um If I if I were to tell you this house for 2:30 we could get this process going quickly and get this house off the market,sale
397,0,111.116,121.217,I'm a cash buyer and cash Rich will be able to pay for it today,sale
397,1,121.217,131.319,today now Yeah All right Well this house has been on the market for a month so if you're willing to buy it today I will sell it to you for 2:30 PM,sale
397,0,131.319,141.42,You have a deal,sale
401,0,0.0,12.72,Yes Okay I just got it Okay Thank you Sorry So sorry about that Okay Okay Hi,no sale
401,1,12.72,25.44,All right So now it's being deported Right Wait,no sale
401,0,25.44,38.16,I think so I'm not really sure I am pretty Yes I think so Because it says pause,no sale
401,1,38.16,50.88,recording or stop Okay Perfect Um All right So we can begin since you're the buyer I think the instructions were that you should start,no sale
401,0,50.88,63.6,guys Okay So you are asking for,no sale
401,1,63.6,76.32,Let me see So I think the asking price is 2:40 Can give you that information,no sale
401,0,76.32,89.04,Okay I was just making sure that I was afraid I can't Okay so you're asking for 2:40,no sale
401,1,89.04,101.76,Mhm,no sale
401,0,101.76,114.48,"And I was looking at the Appendix two Mhm And if you look at the listing 89,047-5 The square feet is 1875 for a price of 2233 1000 with 600 And I'm wondering if we could change the prize because The house that you're selling is 18 46 4 ft of",no sale
401,1,114.48,127.2,"space Yeah So that's how I was thinking about it too Um In terms of the square footage And that like honestly like it doesn't leave any room for negotiation After but if I look at the price per square footage that leaves me with an even $230,000 which I think I believe is a fair price So instead of like negotiating between 2 42 30 I recognize that With the square footage I my prices roughly around 230,000 which I would be happy with But anything more I think we're be really difficult for you",no sale
401,0,127.2,139.92,Okay Thank you 230 will be okay,no sale
403,1,0.0,14.122,Hey thanks for coming to my open house I'm really excited about your interest in my home Uh C B Can you hear me,sale
403,0,14.122,28.244,Yes I am I audible Yes Okay so let's start,sale
403,1,28.244,42.365,Mhm Recording So so what are you thinking I mean I've grown up in this house it's in centennial Park great area Um Just just really really it's it's going to be hard to lose this house but I'm willing to part with it for for a reasonable price,sale
403,0,42.365,56.487,"I would start with the price of uh to lock uh $25,000",sale
403,1,56.487,70.609,"2 25 Uh See see that's that's like the um I'm very sorry I mean I I would love to give you the house for that price and I mean I'm just excited that anyone would I want to live in this especially if they're going to take good care of it But I mean this this is such a prime area I've been taking care of this house for years and just doing renovation after renovation I mean this thing was built in 1947 A Uh huh And I've just been taking care of it ever since I've devoted my entire life to taking care of this house So I'd have to have to start somewhere closer to like uh to 40,000 But I'm willing to go I'm willing to go down for you",sale
403,0,70.609,84.731,Okay I understand your situation but the thing is I have to make a profit out of that and I have some future plans you know to enhance the whatever the condition right now,sale
403,1,84.731,98.853,Yeah I get you So,sale
403,0,98.853,112.975,it would be very helpful if you low down the price for me,sale
403,1,112.975,127.096,Mm hmm Okay Yeah Yeah So I mean I could,sale
403,0,127.096,141.218,"Barees go with like $35,000",sale
403,1,141.218,155.34,To 35 years Name Yes Yeah Yeah I could do that for you,sale
404,1,0.0,9.255,Hello Hello Yeah so I am selling my house,no sale
404,0,9.255,18.509,Quite a nice house at ease,no sale
404,1,18.509,27.764,Yes it's a wonderful house I've loved living in it for the past while and I think you'll find that it's very reasonably priced for the area and all of the updated amenities,no sale
404,0,27.764,37.018,So how much are you looking at getting for the house,no sale
404,1,37.018,46.273,"So the current asking price is $240,000 Um",no sale
404,0,46.273,55.527,Surely there's a but a wiggle room on that,no sale
404,1,55.527,64.782,Yeah Yes it's a little bit flexible Um Because the house has been on the market for one month Um But I do have a minimum but I will not I will keep living in this house if I can't get it to a certain point,no sale
404,0,64.782,74.036,You see I was only looking at spending about 2-20 Um So are you interested in coming down a bit Would you be keen on meeting me maybe halfway,no sale
404,1,74.036,83.291,Halfway being at 2:30,no sale
404,0,83.291,92.545,Mhm Possibly,no sale
404,1,92.545,101.8,I I would do that But the only thing is we just added some of some new decorations and um the brick is recently updated Um So I think that should bring it up a little bit Maybe 2 2 36,no sale
404,0,101.8,111.055,I think in these times these uncertain times we're living in I don't think people are looking at moving and buying new houses You see I'm cash rich I'm looking to move So if we do to 30 I'll shake your hand and we'll go our separate ways,no sale
404,1,111.055,120.309,Around 2 35,no sale
404,0,120.309,129.564,No that's the only time,no sale
404,1,129.564,138.818,I don't know if you have multiple cars but we have a garage that has can fit two cars with plenty of space There's wonderful landscaping in times especially during the you know these times you want to have some outdoor space We have like backyard that's fence Mhm,no sale
404,0,138.818,148.073,Mhm It's all included in my my offer price of 2 30 I think it's fair for both parties and I think we can pose walk away Quite happy,no sale
404,1,148.073,157.327,Mm Hmm So you wouldn't be willing to even go down 2:34-33,no sale
404,0,157.327,166.582,Mm I've already got already gone up from 222-30 So yeah So that's as far as I'm willing to Yeah Mhm Can I shake your hand,no sale
404,1,166.582,175.836,2 30 Okay What about 2:31,no sale
404,0,175.836,185.091,What's what's 1000 between friends If anything I should be asked 29,no sale
404,1,185.091,194.345,Uh no because 231 would really help me in moving on to my next house And I can imagine that if it's not much to me it's not much to you But it would really help me out,no sale
404,0,194.345,203.6,No it would hinder me as well because I have to have to move out from where I am So let's just stick with 2 30,no sale
404,1,203.6,212.855,So not to 31 No She said have you looked at other houses in the area,no sale
404,0,212.855,222.109,I have No they're all quite nice and I like yours as,no sale
404,1,222.109,231.364,Well They're not and they're they're more expensive Right They're not as nice and they're they're more expensive So I think you'll find that 2-31 is a very good price,no sale
404,0,231.364,240.618,I think you'll find 229 is even better So that's just how about we go for 229 then,no sale
404,1,240.618,249.873,No I cannot go to 2 29 That's a hard now,no sale
404,0,249.873,259.127,Is that a hard choirs Mhm All right so let's stick on 2:30 then Yeah Yeah,no sale
404,1,259.127,268.382,mm,no sale
404,0,268.382,277.636,Mhm Are you really thinking about 1000,no sale
404,1,277.636,286.891,I am actually,no sale
404,0,286.891,296.145,I think it's fair for both parties Come on It's just wrap this up We can go on with our days,no sale
404,1,296.145,305.4,Okay let's shake on 2 30 then,no sale
411,0,0.0,19.94,"lovely place I really love I don't know I don't think I can meet the price of 240,000 but I think I can scrape together like 225,000 I promise it would be in great hands",no sale
411,1,19.94,39.88,Um I mean you sound like You are responsible owner and I'd be happy to sell it to you But I think to 25 is a little bit low I mean my asking price was 2:40 Um I tell you what if you come up by 5K And we meet at 2:30 which is almost in the middle We could have a deal You know,no sale
411,0,39.88,59.82,Right I mean I do see that there are other houses very similar um In the neighborhood that are closer 2:30-10-15 Um I think I could do I could do to 30 I believe,no sale
413,0,0.0,20.857,Hello Did you hear me,sale
413,1,20.857,41.713,Yeah I can hear you Can you hear me,sale
413,0,41.713,62.57,Yeah definitely So I saw that you're selling the house and Northwestern Kellogg dispute resolution research center and I'm actually thinking about buying that house because I'm looking for an investment And I would be willing to pay 180 k for it,sale
413,1,62.57,83.427,Yeah Okay Um well this is gonna be tough You know we're pretty I'm pretty close to firm on the on the listing price at 240 and You know 180 is it's not even close to the ballpark honestly,sale
413,0,83.427,104.283,Yeah I don't only see what you mean Oh but I have anything ready money so you don't have to wait for my loan to arrive and you don't have to virtually wait for anything I just give you the money We signed a contract I give you the money and tomorrow you get your money and you can spend it on whatever you want So I think it's a fair deal from my point of view,sale
413,1,104.283,125.14,Yeah I mean you're talking to a real estate investor myself I mean I am more interested in getting the money that I know this house is worth Obviously you're looking for profit margins as well but you know the house has only been on the market for a few weeks and I know it's worth Far more than 180 as it stands And if you're confident in your own abilities I think that you could sell this thing down the line for over 300 Um and I don't think that I'm willing to compromise on my own margins just because I can get the money soon I know the money is coming,sale
413,0,125.14,145.997,Yeah I see your point But if you're a real estate investor they might have seen those financial analysis from that territory from that particular area Because I saw that those houses that you're selling Are worth maximum 200K And this is the real maximum that I have seen So my particular social information might be outward lie as well But I don't think that several papers basically stated the same fact just because they wanted to lie,sale
413,1,145.997,166.853,I don't understand what you just said to me Yeah,sale
413,0,166.853,187.71,Yeah I just said that I didn't research about the prices of those houses in that particular area that you are trying to sell And I found out that the maximum amount of money that they are worth is 200K And not more So I don't get I don't I don't really grasp where you get the 300K Value that you can send it,sale
413,1,187.71,208.567,Okay All right well how about this So I have some I know the market around this house You know I I own the house So comparable houses in this area You can't find for lower than 2 15 Right This is a I don't know where you're finding maximum value 200K From That's egregiously low You know you can't find cheaper than 2:15 And you know you can find more expensive than 45-50 I think I have one of the nicer houses in the neighborhood And I think that if you just put more upkeep and work into the house And I think as more investors move in these prices are going to go higher And that's where I'm saying 300 from I don't think that's Unrealistic at all in a you know 3-5 year timeline But you know I think if we're going to make a deal Together I mean you need to you need to be more cognizant of what these houses are worth today and mine is worth 2:40 Um And I mean I'm willing to I'm willing to budge a little bit on it if that's really what it's going to take But you gotta you gotta work with me and I understand that you know I can't compromise that much,sale
413,0,208.567,229.423,Yeah definitely I see your point and I have to give credit when credit is due because uh I've seen those pictures from your house all of the things are completely renovated So this is definitely something that I'm sure that it's it's worth at least the medium or the mean of those houses that are in that particular area So from this point of view I can completely agree And I'm willing to pay 225 for it because what you've just said oh actually I've done my research and I found some articles in which they said those houses are worth more So I was a little bit confused and perplexed about the real price that those houses are worth in that particular area But 220 should be still comfortable from my point of view,sale
413,1,229.423,250.28,You just gave different numbers as your offer to 20 or 225,sale
413,0,250.28,271.137,uh to 20,sale
413,1,271.137,291.993,to 20 Ok Yeah that's yeah I can't I can't take that Um You know that's just still you're barely scratching the market there you can't get cheaper than 2 15 you're giving me five K over the lowest price in this entire neighborhood And I have one of the nicest houses there I mean that's just that's a blemish on,sale
413,0,291.993,312.85,what this,sale
413,1,312.85,333.707,house is really worth I mean I can't I can't even consider that,sale
413,0,333.707,354.563,Yeah Yeah But when you asked me a question because you said that I said two different numbers before and you said that you implied basically that if it was 225 valuable degree on it am I right in this You're,sale
413,1,354.563,375.42,putting how about that You're putting words into my mouth right there 2 20 is laughable 2 25 Is now you're suddenly looking maybe a little bit on the lower end of of the neighborhood I mean I don't think I'm going to even go that low But I mean when you said to 25 I thought that was a reasonable starting place For at least recognizing that this house isn't worth 180K but to 20 is still pretty low How about um what if I went to what if I went to 2 35 I'll take 5000 off We'll do 2:35 Um I think that's a great deal You're you know there's houses in the market That are listed for far higher than that and this is probably the nicest house you can find So you're getting a deal you know and I think it can be worth a lot more down the line I think to 35 is the right price for this house,sale
413,0,375.42,396.277,quite frankly to 35 seems to be really tight to me because I've actually looked I'm actually looking for more houses and for 235 I could get much better houses than yours So I don't think I should invest,sale
413,1,396.277,417.133,much better In what way,sale
413,0,417.133,437.99,Oh greater in considering the the size of the house better equipped Uh,sale
413,1,437.99,458.847,How much bigger equipped with what this is kind of like fireplaces Yeah,sale
413,0,458.847,479.703,I mean like 2020 30 bigger Um still much better equipped than that So I don't think I should accept your 235 deal but I also respect the point at 220 five seems to be a little bit low to you So let's say I'm a paid 2028 for it and this seems to be a great deal I don't think he would be able to sell it for 2 35 to anyone Not even for 2 30 At 2:30 - 28 seems to be a great deal from my point of view,sale
413,1,479.703,500.56,Mm Okay I mean it's still it's still a little low I I think I think you know it's a little low Um Why I I'm willing to come down what if we said what if we said 2-32,sale
413,0,500.56,521.417,2 32 is a bit too high still but we could start stand at the medium And the average of those two numbers like 2 28 and 2 35 So the average is 2 30 which seems to be a great deal for both of us I can still have invest some money in it to refurbish those places that I need to And you still get your income considerably good income considering the particular area and the state of the house,sale
413,1,521.417,542.273,Well I mean the middle ground of 228 and 235 is actually 2 32 I,sale
413,0,542.273,563.13,Thought no I thought you said 232 after that I said to 28 you if I heard it well and prove and tell if I'm wrong But I heard you saying 232 actually And I just I just took the mean of those two numbers if I didn't hear it Well then of course I'm tremendously sorry but this was the number I heard from your side to 32 and I said to 28 before,sale
413,1,563.13,583.987,And so you're offering you're offering to,sale
413,0,583.987,604.843,2 32,sale
413,1,604.843,625.7,30,sale
413,0,625.7,646.557,The mean of those two numbers,sale
413,1,646.557,667.413,Right okay Yeah I see what you're saying now Um Okay I mean I still think you're getting a real bargain but um you know obviously I think we made a lot of headway um What if what if we just did give me one more we'll do 231 done deal,sale
413,0,667.413,688.27,2 30 That's equally fair for both of us,sale
413,1,688.27,709.127,There's just so much upside here and you know I just want a little bit of extra dough I can buy buy myself a gift I think 2:30 is a fair price but give me 2:31 and you'll have the one of the best investments of your life either way,sale
413,0,709.127,729.983,Yeah but if you say to 31 I could also say to 29 because I mean that that frank it doesn't even matter in both need the respect So we could we could start bargaining and getting more and more far from each other But uh please consider that we have two minutes to agree And after that I have to go to the meeting So I won't be able to uh I won't be able to accept your prices I might accept another one So let's just let's just have a date at 2:30 and both of us are going to have a considerably fair deal,sale
413,1,729.983,750.84,All right I mean you're definitely definitely a businessman You're going to pinch all your pennies That's fine I'll agree to 2:30 That's good enough,sale
426,0,0.0,13.731,Hi there by um are you recording,sale
426,1,13.731,27.463,Uh Yes,sale
426,0,27.463,41.194,Great Um beautiful house that you have here Uh I have to tell you I actually have an appointment um to see another house right at 11 30 So I'm hoping that we will be able to chat about this one Um in less than 15 minutes But of course pressure Yeah You know I do love to look over the house Just a few reservations that I think I'll need to invest some money and doing repairs and other things Um So I'm hoping there's some wiggle room on the price Um Kick us off I would um love to offer to Youtube Mhm,sale
426,1,41.194,54.926,Sorry can you repeat that I cut out for a second,sale
426,0,54.926,68.657,No worries I said to start us off I would love to offer to 22,sale
426,1,68.657,82.389,Um Yeah you said you were worried about reparations or Yeah,sale
426,0,82.389,96.12,renovations,sale
426,1,96.12,109.851,Yeah I honestly don't think that there would be very much need for that because a lot of the house comes pre furnished You have a lot of like kitchen applications The backyard is all um hmm the landscaping has been finished and it's been updated with nice clean look So yeah I was wondering what other renovations you might be concerned about,sale
426,0,109.851,123.583,Um Well so I think I would love to um um do you know it's only 2.5 bathrooms and ideally for our family we would love to have um like three working shower So I was thinking about putting in a shower Um also you know just shopping around um in terms of market value Yeah like there are just there are a few options that are available there just a little bit closer to my price range So um I was wondering if we can yeah chat about some chat about some wiggle room What's um what's your counter 2-22,sale
426,1,123.583,137.314,Well ideally it would be to 40 but I understand that there's a lot of room for renovation so that I've been willing to discount roughly 5000 from that price to 30,sale
426,0,137.314,151.046,five 2:35 Okay so I'm starting off at 2:22 Let's uh bit over my ideal budget as well Um How about something closer to Um Okay so 2 35 is what you said uh I can bump my nap 2 - 26 Mhm,sale
426,1,151.046,164.777,Mhm It's 2 32 A little still two out of the question,sale
426,0,164.777,178.509,You know to 32 is a little out of the question Um I can go Up to 2:30 and I think that's my that's my that's my absolute top ceiling,sale
426,1,178.509,192.24,2.3 Sounds Good,sale
429,0,0.0,14.616,have a house which I want to buy,no sale
429,1,14.616,29.232,"Okay Well currently the house is listed at $240,000 Um It's four bedrooms with one rec room in 2.5 bath",no sale
429,0,29.232,43.848,Yeah Yeah I know all that It sounds amazing but your offer price is way too right,no sale
429,1,43.848,58.464,Well actually um it's right in line with some other listings that are in the area Um However our houses has been renovated Um So it is worth a little bit more Um Do you have an offer,no sale
429,0,58.464,73.08,I was looking at about 2 20 actually Uh I think for that kind of property size and the fact that it's quite old built in the 1940s and It should bring the price down to about 220 is quite far from the school So you actually have to drive you can actually walk to the schools So I think 220s A fairer price,no sale
429,1,73.08,87.696,Okay well it's very close to downtown and the and the closer that you get to restaurants and and transportation within walking distance you know the prices of the houses increase Um and although it's it's an older home it has been renovated Um so I'm willing to sell it for around 2 30 eight,no sale
429,0,87.696,102.312,now that that's that's still too high You see you are closer to transportation and to downtown but that just means it's noisier and not as safe for kids So I think bearing all of that in mind I think the price should reflect that safety features So how about if I go up to maybe 2 25 I could do to 25 I think there's a fair offer,no sale
429,1,102.312,116.928,How How about 2:35,no sale
429,0,116.928,131.544,Mm hmm So I'm to 25 - 35 What do you say We shake In the middle at 2:30 I think that would be a fairer option What do you think,no sale
429,1,131.544,146.16,Uh huh Okay I can agree to that,no sale
432,0,0.0,11.972,"Okay now I can record Fantastic OK back to 215,000 Yeah",no sale
432,1,11.972,23.945,Sure Mhm Mhm I think that's too low,no sale
432,0,23.945,35.917,Okay what price for you like to kill her with,no sale
432,1,35.917,47.889,"To around $225,000 It's okay",no sale
432,0,47.889,59.862,Wait you cut out a little bit what price,no sale
432,1,59.862,71.834,I set up $225 It's okay You will like the building is very nice Very very good Everything there is It's okay You would like it to dogs,no sale
432,0,71.834,83.806,"Yeah it is a split level though which I have to say is a little outdated and kind of hard to remodel Um I'll go up to 217,000",no sale
432,1,83.806,95.778,No that's too low Um Actually uh we only have uh almost every part of the building is um it's okay Um even if you will try to win a based on things in the building to be very very just few things so I'm going for I'm putting on so I'm not gonna have dollars,no sale
432,0,95.778,107.751,"So you're not coming down at all from the 235,000 that you last offered",no sale
432,1,107.751,119.723,I'm not coming down I'm not coming down because the building is in good shape,no sale
432,0,119.723,131.695,I just think with a split level that that's Mhm That's hard to get around man that's you can't remodel that and I think you're gonna have a hard time finding a buyer who is super excited about a split level So,no sale
432,1,131.695,143.668,uh even even if you if you're trying to remove the apartment building I think it will cost to monstrous or more morning because everything is in good shape,no sale
432,0,143.668,155.64,Yeah I appreciate that So I'll do Let's go up to 225 because you don't want to move,no sale
434,0,0.0,21.16,Right Hi Okay So we're both recording right,no sale
434,1,21.16,42.32,Yes I'm recording Okay,no sale
434,0,42.32,63.48,Um And I'm the buyer and you're the seller Yes Okay Yeah I just wanted to make sure that was all correct Um So for the house I'm gonna set my starting asking price We'll notice your asking price starting negotiating price Uh I'll say uh 11 99,no sale
434,1,63.48,84.64,"Oh okay Well I don't know if you have some information but I'm selling the house at 240,000 And that that's just a huge difference You know I can't really do anything Thank you Less than 240,000",no sale
434,0,84.64,105.8,Could you do closer to like To 10 - 20,no sale
434,1,105.8,126.96,So the reason why I set it to 240 is because actually the house self if you compare it to like other houses that were sold Other houses were sold at like 2 39 - 33 Um And you know like my house is like I'm good or even better than the winter is cold so I really don't think I can do that price,no sale
434,0,126.96,148.12,But those houses were bigger than this house This house is smaller than the ones that were sold at 239 and 233 So I would argue that at my price of 220-30 somewhere in that range is actually quite fair given the size of the house,no sale
434,1,148.12,169.28,right That's only if you look at on just the size of the house Except you know my house is honestly the only one that's being fold in this centennial park area Um Like it's been months in the last health were sold and probably it's just my house that's you know being sold in this area So you know my asking price on a per square foot basis is actually higher I would say Um Even though those past houses they had like what the 20 Square foot difference or like a 50 square foot difference and My price 2040 is pretty reasonable I would say,no sale
434,0,169.28,190.44,I would disagree with that I mean just like looking at the houses that were recently sold it seems like 240 is higher than that and doesn't seem like this house has anymore amenities or anything like that in those houses,no sale
434,1,190.44,211.6,Yeah So I mean if you wanted to do like a price on a square foot basis you can do some math So Um 233 1600 or what like 18 75 sq ft So fight to that division It is It's $124 like $125 per square foot So um if you really want to like do it by skirt what I can right Well multiply that by mine which is like 1846 Um and that's like 230 So that's honestly very rock bottom I would go you know like not counting for the fact that my house was the only one on the market and will probably be the only one for months,no sale
434,0,211.6,232.76,Okay so how about 2:30 then,no sale
434,1,232.76,253.92,Okay I can do to 30,no sale
441,1,0.0,13.569,I think I have to to Great um Okay,no sale
441,0,13.569,27.138,"okay so um first offer is Uh $2,200",no sale
441,1,27.138,40.706,2200 is your offer,no sale
441,0,40.706,54.275,Mhm,no sale
441,1,54.275,67.844,Um I'm gonna three a counter at 2 37 or middle of that woman One second I wrote it down wrong No no okay uh 2 37 to 50,no sale
441,0,67.844,81.413,Um No I'm gonna need lower than that Uh Two shoot how does it work 2 20,no sale
441,1,81.413,94.982,four 24 Okay,no sale
441,0,94.982,108.551,right hold on my God given this fever yeah Oh,no sale
441,1,108.551,122.119,okay Mhm Mhm You said to 24 Yeah Okay mm I mean that's pretty that's a pretty steep decrease from the asking price Um You know I think that asking price is pretty appropriate is a great place Got a lot of Menotti's got a lot of interior out theory ehrlich outside stuff Good area frankly I think it's the best block on the street How about 2 35,no sale
441,0,122.119,135.688,"Um I came in with a set amount of um with a budget and it's still not within my budget How about because To 25 minutes $10,000 less But I'm on the strict budget",no sale
441,1,135.688,149.257,You're 25 of your hard budget,no sale
441,0,149.257,162.826,Yeah I have a range but um I I want to keep it as close to my budget as possible,no sale
441,1,162.826,176.395,but I understand that Um Okay so let me just recount So you started with 2200 I came in with 2-37-50 You can't over 20-4 Then I said 20 235 Then you said 225 Is that the standing offer,no sale
441,0,176.395,189.964,That's correct Right now we've got I'm offering to 25 Mhm,no sale
441,1,189.964,203.532,Um So I did a couple of calculations with the square footage compared to similar in the area Um And that Kind of giving you a similar square footage rate dropped it to 237 50,no sale
441,0,203.532,217.101,237 15 That's higher than your past offer,no sale
441,1,217.101,230.67,"2.3 My past offer was 2:35 235,000 This one is $230,750",no sale
441,0,230.67,244.239,Okay Okay Sorry you heard wrong I thought you said um to 37 Okay mm let's see You said 230 rates Would you be able to meet me halfway there Um At two twin Yeah 2 27 500,no sale
441,1,244.239,257.808,"I'll meet you part way at just 2 uh 230,000 flat Oh what",no sale
441,0,257.808,271.376,"No $2,500 Less It's just 2500 to 27 50",no sale
441,1,271.376,284.945,I know I know but you started with the with the offer of 220 My initial offer my initial asking price is 2:40 So a meeting in the middle is really 2:30,no sale
441,0,284.945,298.514,Mhm Okay Um Uh huh,no sale
441,1,298.514,312.083,It's a really great property you know four bedroom uh 2.5 baths Got a recreation room two fireplaces Um Two car too,no sale
441,0,312.083,325.652,2 28 50 How does that sound,no sale
441,1,325.652,339.221,2 29 500 I'll be by 1000 Mhm,no sale
441,0,339.221,352.789,Mhm mm Okay Okay Mhm Mhm Mhm 2 29,no sale
441,1,352.789,366.358,Will you meet me at 2:29-50,no sale
441,0,366.358,379.927,Split,no sale
441,1,379.927,393.496,that difference even,no sale
441,0,393.496,407.065,more Yeah Uh Because I've been looking at houses nearby and I found one really similar and I really like it so and it's a little bit less than 2 29 So I really like I really want this house because like you said it's got a really nice location but I can also get it's another house somewhere else at a little less than 2 29 So 2 29 20 final offer,no sale
441,1,407.065,420.634,Do you know what they pay with the square footage price for that house is,no sale
441,0,420.634,434.202,So I only saw it on like a um like one of those websites that just gives you the the price Um and the location I was going to go visit it next after this house actually,no sale
441,1,434.202,447.771,Gotcha So from the cells of the last three houses in the area was really similar characteristics The average square unit price is about 1 24.3 Which when you put that in With what I have brings it to to 29 500 So already I'm giving you a little under the deal the asking deal for that house or for similar houses So I mean you know this is a great house It is It's averagely priced It got a lot of good amenities And if you you know for $250 we can sign a deal right now with the house that you know immediately is good Um at 2 29 - 50,no sale
441,0,447.771,461.34,Okay Okay Okay To 2019 50,no sale
443,1,0.0,15.17,Okay I started recording,no sale
443,0,15.17,30.34,Um um Okay so continue to do it I go as I go ahead and okay well between the two of us we should have recorded okay there Yeah I'm not sure Um Oh okay yeah the screen switched at the bottom Okay All right Um Anyway so where were we you had said uh,no sale
443,1,30.34,45.51,or you can you can pitch your initial offer and then we'll start from there,no sale
443,0,45.51,60.68,Do I need to Oh okay Uh All right I think I said what to 25,no sale
443,1,60.68,75.85,Yeah and I said to 40 because when you look at um the list of amenities inside and outside of the house as well as a location And its space Um this is a great house in a great neighborhood and I think to 40 is a good offer,no sale
443,0,75.85,91.02,Hm Um I'm just thinking uh how much the spacing on that Um,no sale
443,1,91.02,106.19,So,no sale
443,0,106.19,121.36,I'm I'm looking uh the flooring I am wondering if I'm going to meet to go ahead and um get those re polished redone refinished Um Their overall uh they look in pretty good shape but you know I notice like in the entryway and stuff there's stuff going on so that would be uh something I would have to work on Um What about 2:30 Because that's going a couple 1000 to pull that up,no sale
443,1,121.36,136.53,What kind of issues are you noticing the entryway I'm not sure I see that anywhere,no sale
443,0,136.53,151.7,Okay well just uh you know where in terror going through uh into the water That sort,no sale
443,1,151.7,166.87,of thing It was recently decorated which does save um quite a lot on your end Um All appliances are also available and the hardwood floors are finished So those are things that all usually come with a large sum of money when moving into a new home However these are already finished for you um as well as the landscaping outside inside and outside it should look beautiful and Um I still will have to go with maybe about 2:35,no sale
443,0,166.87,182.04,Okay so that's so you've got down so that would compensate for that Yeah Because the other thing I'm thinking of doing uh you know we're going towards the Green the Green Movement whatever uh install some solar and so yes if you bring it down the five that will help contribute towards that Yeah 2 35 sounds good,no sale
444,0,0.0,18.422,Yes I'd love to hear more about your perspective as a salary,sale
444,1,18.422,36.844,Yeah So um thanks for meeting today I think I think both of us just want to kind of like walk away Happy So um I think my perspective is I know that my house is one of the nicer house on the street there's a lack of um inventory on the market right now so I'm okay with like waiting a little bit if the price is not agreeable but this beings that I'm happy to know that you're interested in my property Um I know that um I've without asking over asking price of 2 40 K Um it's a little bit of a premium and the transaction comparables but in my opinion is justified because first of the scarcity of the infantry on the market right now And secondly um as you can see in the house description and in your tour um it's nearly decorated um you know all the appliances etcetera relatively updated with hardwood floors So I think this house can command as like premium to the price But um I my I guess my principal today is to just walk away with a deal being made so happy to hear your thoughts on that,sale
444,0,36.844,55.265,Yeah sure So I guess a couple of questions I have Uh So first off is this a house that you've been living in,sale
444,1,55.265,73.687,Uh,sale
444,0,73.687,92.109,Yes Okay Okay And then I guess so So you're you're moving then this is your primary residence and you're moving into another property,sale
444,1,92.109,110.531,Uh Yes I am Uh and I have that property already so it's not like it's not like I'm in a rush to um sell it I'm not like strapped for cash I'm okay to weigh if prices not agreeable,sale
444,0,110.531,128.953,Where where is your other houses Is it here in town,sale
444,1,128.953,147.375,It's a comparable neighborhood than a centennial work,sale
444,0,147.375,165.796,Gotcha I gotcha So it's close by Okay sure I understand I understand Um what made,sale
444,1,165.796,184.218,You want I mean I also want to hear about your perspective I mean I think I think we have about 12 minutes before we're sure First stop So what what are your thoughts Um what what do you think about the house Um what do you think of the price Is there like any room that you'd like to propose in terms of moving the price I'm happy to kind of discuss that,sale
444,0,184.218,202.64,Yeah for sure For sure So first of all thank you for indulging my questions And I'd certainly like to hear more um to give you a little bit of an idea So so I'm I'm not seeking to buy a home to reside in Um for me this is really going to be an investment property You know My intent at this point is to uh is to buy this to rent it out for a few years and I'm going to be selling it at some point So you know from my perspective I I certainly would like to do this but I I am you know there's no risk of me ending up homeless if I don't manage to Right,sale
444,1,202.64,221.062,so you're more likely to invest in effect,sale
444,0,221.062,239.484,exactly exactly,sale
444,1,239.484,257.905,what your investment horizon because um this neighborhood has been pretty favorable in terms of price appreciation Ah yeah So yeah well what are your thoughts in terms of like how long you want to hold it for while the neighborhoods are you considering,sale
444,0,257.905,276.327,"Uh so I I will confess to not having been provided as much information on Centerville but I'll definitely say you know this is this is a relatively short term investment for me You know I'm not looking to hold this for years and years and years You know my sense is probably you know I would sell maybe in five years or so and you know um so otherwise beyond that I like I said I'm not as familiar with other neighborhoods in Centerville However I'll definitely say you know I've seen um I've seen that uh you know first of all this is a good neighborhood that we're in But I will say that you know my understanding is that in terms of listing price compared to other properties in the area it's you know like I get where you're coming from with your your asking price I think you're right that it's a little bit of a premium for sure Um just as an aside uh you know as a real actual person here not a character I would love to buy this house this looks like an Oscar house Um But you know so I would say you know I hate to put dollars to it too soon But you're right You know we do have you know not as much time I'd say you know being completely candid completely candid in my ideal world really you know I'm really looking to pay something probably in the space around $215,000 So you know we're talking about you know that that's a decent amount lower than you know the amount that you put forward You know I I definitely do have some flexibility there I'd also love if you know if there are other ways that you know we could perhaps come to an agreement beyond just you know the actual price But I understand that the price is the only thing that we have any flexibility on",sale
444,1,276.327,294.749,Um Yeah I think in my perspective price is the only thing that we have flexibility on I don't know if um I mean kind of speaking a little turn I don't know where if we can propose other things so I I'm not not sure how to handle that but um maybe talk a little bit about comparables Um in my information I know that there is no other house on the market right now Um I can see and I'm sure you have access to the same information that in terms of the price comparables um they around 1 24 1 25 price per square feet And I've listed mine at about 1 30 so I think you know just based on being um completely transparent and wanting to get to a deal so we can walk away happy today Um I have some flexibility to move kind of two also won 25 you know price for unit price per square feet I don't know whether that's something that you want to discuss,sale
444,0,294.749,313.171,Sorry So you said towards 125 per square feet That's what,sale
444,1,313.171,331.593,you're so yeah So um based on my comparison when you look at real estate you know that price is really determined by what comparable properties are Um I know that my property is definitely at a premium I know that other price other houses have sold for um Of like similar square feet in the neighborhood has sold for around 124-1 25 um prices purse grafite Um and that implies around a to 30K House prices So I wouldn't go any lower than that because I know that um I can sell to another buyer for this comparable price but today because I like you I want to move towards completing a deal So I have some flexibility to move from um to 42 More like that anywhere between 2 32-40 Yeah I mean completely no facts and actions,sale
444,0,331.593,350.015,To give you an idea of you know the comparable listings that I'm looking at I'm generally looking at a surprise per square foot between 120-125 So I'd say 125 you know as a starting point makes sense But you know I like compared I actually do the other uh neighboring listings Again you know I'm looking at one that's 1 19 I'm looking at two that are 1 24 So yeah I mean can you do a little better than that,sale
444,1,350.015,368.436,You mean lower than what you're doing So that's a no no no no no,sale
444,0,368.436,386.858,A little better than your 1 25 One,sale
444,1,386.858,405.28,25 Um I would I would think that 125 is fair just based on the comparables that I have Um But Like maybe I'll be happy to do 124 but that's really my life floor,sale
444,0,405.28,423.702,Okay,sale
444,1,423.702,442.124,because um the comparables I'm looking at is actually 1 24 0.2214 24.8 So if I'm going to 1 24 that's really not even commanding a premium Um The neighboring houses I can't walk away with us,sale
444,0,442.124,460.545,So,sale
444,1,460.545,478.967,if I'm just crunching the numbers here 1 24 per square feet Um And my property is 1846 in terms of square feet So that gives me a price of 2 28 904 And we call it to 29 K And walk away That's conscious of this time,sale
444,0,478.967,497.389,Yeah Yeah Yeah Yeah Let me let that Let me let me reflect on that for a minute and think um And and and that's your absolute floor There's no flexibility in there for you,sale
444,1,497.389,515.811,I really can't walk away with any lesson,sale
444,0,515.811,534.233,Could you do to 28,sale
444,1,534.233,552.655,I don't think I can Mhm,sale
444,0,552.655,571.076,Mhm Just out of curiosity do do you have any more information about the house that you're moving too I promise I'm not trying to protract this And now we have,sale
444,1,571.076,589.498,yeah I do not but I know that I'm not in a rush to sell at,sale
444,0,589.498,607.92,all Mhm Yeah I suppose I could do to 29,sale
448,0,0.0,7.384,Hi um Do I just give you a price,no sale
448,1,7.384,14.768,I think we can negotiate and talk about it But yeah you can start by giving me a price,no sale
448,0,14.768,22.151,Okay I would say to 24,no sale
448,1,22.151,29.535,Oh that's way too low This is such a good house that can't can't that's way too long,no sale
448,0,29.535,36.919,What is your counter offer,no sale
448,1,36.919,44.303,My counter offer is 2:40,no sale
448,0,44.303,51.686,That's too much for me It's way above my budget What about 2 25,no sale
448,1,51.686,59.07,That's also just No I mean this house is like four bedrooms and the houses in this neighborhood they don't you know you don't get listings very often and so when you do you just gotta latch onto it It was such a great neighborhood No one wants to let go of their house,no sale
448,0,59.07,66.454,Right There are other houses in the community that are similar square footage and 2 40 is a very high price For what what the house would be worth in the neighborhood,no sale
448,1,66.454,73.838,I could offered for 2 38,no sale
448,0,73.838,81.221,Okay um How about 2:30 Um,no sale
448,1,81.221,88.605,Could you come up to to 35,no sale
448,0,88.605,95.989,Could you go down to 232 mm,no sale
448,1,95.989,103.373,2 35-32 How about we do to 34,no sale
448,0,103.373,110.756,mm How about 2:30,no sale
448,1,110.756,118.14,three Okay It's a deal at 2:33,no sale
450,0,0.0,18.791,Hi are you ready,sale
450,1,18.791,37.583,Yeah I am ready,sale
450,0,37.583,56.374,"Okay so I'm looking at this house um it looks very great Uh It has a lot of great appliances I'm willing to pay 215,000 for this house Yeah",sale
450,1,56.374,75.165,Yeah Okay Uh Yeah as you said that house is very nice and uh I appreciate that Uh That's the thing it's like a similar because if you find similar houses and other places uh amount is around 2 39 100 So can you please make me somewhere more Can you increase the price,sale
450,0,75.165,93.956,Mm Well,sale
450,1,93.956,112.748,So yeah I just brought my asking price It's 2:38 people you know,sale
450,0,112.748,131.539,"238,000",sale
450,1,131.539,150.33,Yeah Yeah,sale
450,0,150.33,169.121,"Well one thing I'm looking at is that this house is quite old and I'm afraid that you know something's something's gonna go wrong and I'll need them the extra money to to fix it up so um I can go higher but probably not more than like 223,000",sale
450,1,169.121,187.913,"To 23,000 Uh see this house is very dear to me and it is uh nicest houses in the central park area If you if you uh move our market rate for the similar guy propose you'll find that this is one of the best house in that area Uh 23 seems very list to me Uh use the place for you It's 2 36,000 We'll see if that's uh that's the place that I would like to get for this songs",sale
450,0,187.913,206.704,Okay Um You know I I anticipate that some of of course the amenities seem very nice although I really want a garage that will be able to fit you know both cars And also I expect there will be a lot of Children living in this house so I'm not sure if this garage is gonna kind of cut it So I'm I'm gonna keep my offer at 220 3000,sale
450,1,206.704,225.495,"Okay Uh See I think that this place is too less of other for the amenities that this house is often And uh I think this place to 36 I'm asking is quite reasonable And even if you as you mentioned in the kids and the variation car and uh I think that will uh cover all the expenses for the moment that I'm reducing from what I had I got from my like I've taken a professional help to find out uh price of this house and the schools for around 40,000 years But still I'm uh I'm letting go this 4000 extra Uh as as a as you said that you may need some amount so I'm okay with that But then to 36,000 years just like the price that time if that is uh convenient to you because because even I'm I'm getting like let's less amount than what I should have got and that's what the recommendation I got it from my uh professionals was real estate investor So can you meet me around 236,000 years ago",sale
450,0,225.495,244.286,"Uh do you think you could do 227,000 Mhm Or is that too low for you",sale
450,1,244.286,263.078,"Mm See this uh 27 is like this is even lesser than what other houses are going by this price in the market If you if you uh just uh if you some survey and if you spend sometimes you see that other houses in this same prices are going for 2 33 and 2 39 That is and still my house is the pine location And but okay if you're saying so I'll go for around 2:35,000 U.C",sale
450,0,263.078,281.869,"My final offer would be 234,000 I'm not going any higher than that",sale
450,1,281.869,300.66,Okay I'm kicked off a status I think,sale
452,1,0.0,13.387,Okay You're able to record Okay,sale
452,0,13.387,26.774,I'm not sure So we we changed roles or we are we're doing the same role No,sale
452,1,26.774,40.161,I think we're staying with the same role I think it's the exact same thing as last time Except we're just negotiating Have voice now,sale
452,0,40.161,53.548,Okay then I guess I'll submit a An initial offer and I'm going to start with 2-3 500,sale
452,1,53.548,66.935,Sorry So it's 200,sale
452,0,66.935,80.322,And 3500,sale
452,1,80.322,93.708,"You know you you mean like 235,000",sale
452,0,93.708,107.095,"No no no 2121 200,000 3500",sale
452,1,107.095,120.482,"Oh um you know I I would accept Okay 235,000 wow Yeah I think I guess like if you look at the selling price of previous apartments I think it's pretty comparable",sale
452,0,120.482,133.869,Yeah I'd love to have that information,sale
452,1,133.869,147.256,Oh you don't have comparables,sale
452,0,147.256,160.643,I do But uh I'm basing my maybe we have different ones,sale
452,1,160.643,174.03,"Okay Sure So I guess comparables I have are there's three that sold recently I think the one that's most like my house would be one that was 1,875 sq ft That sold for 200 And $33,600",sale
452,0,174.03,187.417,"Okay Yeah I have that one too But I have other a couple of others that are uh with a with a lower price per square feet Uh So yeah I guess I should increase my offer let's say Mhm 200,000 Mhm Um Okay 215,000",sale
452,1,187.417,200.804,"Mhm 215,000 Okay Um Right I I I think based on the market Okay The lowest I could possibly go is 200 30,000",sale
452,0,200.804,214.191,"Okay Yeah She trouble difficult Mhm Yeah Yeah Would it be possible for us to meet us a little lower A little lower let's say on my end I could go up to 225 227,000 So a little below what we were saying",sale
452,1,214.191,227.578,Uh No I can just because of the market like what I know about the market from talking to my realtor friends I think this is if you look at the comparable for the one I told you this house is 30 square feet less and 3000 And I'm asking for 30 600 square few Sorry 30 600 dollars less,sale
452,0,227.578,240.965,Yeah No I get I get that apartment you and I know it's not all perfect or the same And I have some preferences that dictates I can I cannot go above a certain number Okay uh that's that's why I was offering maybe I could offer 1000 more to 20 228 But I think that's a fair price market price,sale
452,1,240.965,254.352,"Yeah I mean yeah I I think it's not an unreasonable offer But you know like the last fire did offer did agree to 230,000 So I think the market is willing to pay pay that much for it We have",sale
452,0,254.352,267.738,Yeah Your your stuff Yeah Show The Difference 229,sale
452,1,267.738,281.125,Yeah Uh no I think I am going to stick with 230,sale
452,0,281.125,294.512,Right And and there is not not reaching an agreement,sale
452,1,294.512,307.899,Yeah I I was stuck with 230 or walk away from the deal Yeah,sale
452,0,307.899,321.286,Um and that's risky,sale
452,1,321.286,334.673,I like to take risks,sale
452,0,334.673,348.06,apparently Mm hmm Yeah Yeah Yeah Uh huh Okay I think that works,sale
458,1,0.0,22.821,Hi I,sale
458,0,22.821,45.641,"Hi um so I'm gonna start it off I'd like to make an offer of $220,000 Yeah",sale
458,1,45.641,68.462,Hello Well hi can you hear me Yes I can hear you Okay,sale
458,0,68.462,91.282,"So I'd like to make a starting offer of $220,000",sale
458,1,91.282,114.103,"Oh I wish Yeah The properties it's up to standard and I think that well before have you If you just give me $2,50 $2,000 [PERSON]",sale
458,0,114.103,136.923,"$250,000",sale
458,1,136.923,159.744,Yes Um I'll go,sale
458,0,159.744,182.565,Uh I guess,sale
458,1,182.565,205.385,Yes Yes Oh,sale
458,0,205.385,228.206,"yeah So I was looking at the other houses that are Basically have the same characteristics as this house And um there are the other houses that are around um the amount of square feet that this house has is um they're like below $233,000",sale
458,1,228.206,251.026,"Oh Ah You see I believe my my house is the person they are in decider And the way I provide the day seven uh the recreation site And it is near the park And you see this property In fact it has all of the standards crust arresting You can believe that can make you comfortable Maybe you can begin And let's say if you can give me two ft $5,000 I think it would be cool for you and me also What do you see",sale
458,0,251.026,273.847,"Um to 45,000 is still a bit too high Um And the asking price was already to 4002 Uh huh I can do To 29,000 Uh huh",sale
458,1,273.847,296.667,"Yeah Uh The school diverse You're trying I can see the need to You want his property Now let's say let me still to europe Oh I have I'm not telling you everything about this So that's why I'm pressing that's high price sir So maybe the best class terrestrial policy So is that it proximity to the best restaurant Yeah Another one is that the flows are up to standard which are permitted Yeah Would Yeah So I wish if you're cool let's say I've been linear enough and let's say To $40 I see it would be very to $40,000 How can you see that before The does what does some",sale
458,0,296.667,319.488,"um Yeah but the other houses like your neighboring houses there also um they have the same amenities like near like the restaurants and parks and everything because they're in the same neighborhood and they're going for The one that's um 1,875 square feet is going for 2:33,000",sale
458,1,319.488,342.309,"Oh now can you go and see that the books ability to to other things like uh you see maybe data staff restaurant uh but approximately maybe you need to spend and maybe if you want to take somebody out to Very cool if you are the proximity is a working distance Now You see now you're doing business You see the highest in the neighboring is $2,000 3000 You see everything is selling his quality and maybe the comfort ability that you can get from this Holmes So uh I've been really into $3.20 $40,000 But you say let's say Uh huh Let's say 2 39 2:39,000 Don't last How can you see that",sale
458,0,342.309,365.129,"Um I think to 39,000 is still like way too much because the your neighboring home is going for 2 39,000 but it's 1920 square feet Which is like basically 100 square feet more than this house",sale
458,1,365.129,387.95,No How can you can you increase Can you grease your uh your press Can let me hear your press,sale
458,0,387.95,410.77,"Um I'll go for two to 30,000",sale
458,1,410.77,433.591,"You see you are not fine Um 239 year to that Mhm Now Mhm Let's do this I want to maybe list let me take you because it has been very long time in this area Last the last house has been [PERSON] some of them Let me let's have 50 15 The remaining you are in 2 30 I'm in 2 39 So we are in a different of nine Yeah So if I take the average of nine I think if you will see two yeah that five $1,000 you said Cool And you see I have to say to hi I'm only he took the average between me too How can you sit up Um",sale
458,0,433.591,456.411,I think to still I still think to 35 is a little bit too high And,sale
458,1,456.411,479.232,Yes and I've been so let me in Is it This is is he Hey Because certain I love food You have an attorney Yeah Do you meet,sale
458,0,479.232,502.053,I know I'm not sure what you're seeing,sale
458,1,502.053,524.873,or I was saying two that five does And that is we Mhm Uh reasonable price It's,sale
458,0,524.873,547.694,reasonable But compared to your neighboring houses with basically the same characteristics um The house that has more square feet than this house is going for 2 33 So I think That to 35 is still a little bit too hot,sale
458,1,547.694,570.514,"now Let let me still be lenient slightly Two two 34 - 34 You've got $4,000",sale
458,0,570.514,593.335,2 34 I don't know I don't think it's worth it to buy a house for That's less big for more than its neighbor house,sale
458,1,593.335,616.155,"Let's see the moment you occupied is those you will see why I'm selling at this high press You will be sure uh They receive that kind of another which was healing a nation time Yeah That's been improved two It has those sites surrounding us uh the mature mature trees You can take a shit touch parking side And you see the difference between the two is only one $1,000 So I think Yes",sale
458,0,616.155,638.976,Uh But then the other house the other house that's going for 2 33 That's like bigger is also like your neighbor house So like on the same,sale
458,1,638.976,661.797,now tell me oppressed to the oppressed Can you tell me a press,sale
458,0,661.797,684.617,"Yeah Um I'm still going for 2 30,000 But I'll go for if you want I'll go for 2 31,000 Because I mean I calculated it and um since the neighboring your neighbor home is basically the same has all like the same qualities Um It's going for 2 33,000 with more square feet And so I calculated That like between each house like the price differs around like $1 $26 per square feet And so um taking that into account from from the the house that's going for 2:33,000 Um it's 1,885 square feet And this one is a 1,846 And so taking that into account will be 29,000 like $29,800 But I'm willing to do to 30,000 To 31,000",sale
458,1,684.617,707.438,"No I'm interested to the 2 34 Now you see you are going to do that one Uh put at 1000 and do that and do that for 1000 The difference is is America that we can you can feel about this one now Uh huh This negotiation should I think we're going to end In three minister So let's say mm you see 2 to $1,000 Let me pete that Linnean And I want now to let me give you deserve It's $2.32,000 This one is like a check put I can't be received I should be hearing some mrs there for um",sale
458,0,707.438,730.258,"I'm pretty firm out to 31,000",sale
458,1,730.258,753.079,Oh [PERSON] [PERSON] son Uh No we just want to Uh huh Yeah Uh No let's let's do this Do that 1 - 32 A different of our uh averages $500 So no Just add 500 This is Just add 500,sale
458,0,753.079,775.899,"I mean to 31,000 is already kind of a lot because I rounded up from two like the price that is worth of two to 29 to 2 31 So I'm pretty firm on 2 31",sale
458,1,775.899,798.72,Okay let me take your press I've taken your press Uh Let's take your press now I'm happy to transact with you,sale
486,1,0.0,18.593,All right Um Are we both recording Hello Can you hear me Yeah Oh for some reason I can't I can't hear you Are you muted,sale
486,0,18.593,37.186,Mhm Hello,sale
486,1,37.186,55.778,Oh okay cool I can hear you now,sale
486,0,55.778,74.371,Uh I know you are a sailor,sale
486,1,74.371,92.964,Yes,sale
486,0,92.964,111.557,Yeah I like your property and I want to offer you my price I want to buy eurostat oppressive Uh 200 does it Don't laugh,sale
486,1,111.557,130.15,"Mm I'm afraid that's below what I'm what I'm looking for Uh my asking price for the house is 260,000 But maybe we can come we can negotiate as some middle point",sale
486,0,130.15,148.742,"Yeah After I consider all the houses around your property Uh I realized that the one with the highest press for Go to $30 to $30,000 And they have the same characteristics with viewers",sale
486,1,148.742,167.335,Yes So there is the same square footage but the house that I'm selling uh it comes fully furnished so you wouldn't have to buy new furniture and all that when you move in So the reason the houses that somewhat of a higher price point is because it's very close to uh important things in town and uh it comes with all of the furniture and the appliances that come inside of it Which is not TRUE of all the houses in the area,sale
486,0,167.335,185.928,"Also a tie around your places of all the inside are furnished Uh They are also proximity to the restaurant Uh very nice It's very short You can just have a walk in the scandal these places Uh I think I can just because I don't want to lose this opportunity I was I can raise my price to 200 $210,000 How can you see that",sale
486,1,185.928,204.521,"Mm I won't be able to go as low as that I'm afraid now The houses in the area are very similar to mine but none of them have been on the market for a long time This house that I'm selling is the only one in the area that's been on sale for a long time I can go maybe as low as 240,000",sale
486,0,204.521,223.114,"Yeah You still you still present me I was very high You see I just told you that the the highest the Cost of a nose in your area with the same characteristics as she was is going at $2.30 Now let's let's negotiate this Right now I have Raise My Price to $210,000 Mhm You make the reason why you are pressing probably so high I can add my press two 200 $20 $220 Mm",sale
486,1,223.114,241.706,"Here's what I can do I can I can sell the house to you at the selling price of other houses of similar square footage So I can do 235,000",sale
486,0,241.706,260.299,"Uh $235,000 No you still you are probably so exorbitantly high What now Because you are about to buy and you see it has been a long time for such announced to be sold Uh So I wish you can consider my Price and just reduced to $225,000",sale
486,1,260.299,278.892,"Mm 225 He said Yeah Well mm So the there's a house on the market of of similar square footage going for 233,000 Yeah Would you be able to agree to that since it's uh same square footage in the same area Yeah",sale
486,0,278.892,297.485,You see I have seen a nose which have the same person who do us and almost with the same uh assuming do every everything and the orchestra starts inside the house The recreation want Yeah all they come with 200 and $213 $230,sale
486,1,297.485,316.078,"Yes but they don't have the same square footage The my house is uh 1,846 square feet And houses of similar square footage are between 230 and 235,000 So that that's the only price range that I'm able to consider because of the square footage of the house",sale
486,0,316.078,334.67,You see 200 How many square,sale
486,1,334.67,353.263,"So the so the house that I'm selling is 1840 square feet or a little bit more than that Um so I'm selling it based off of the square footage of other houses that are in the area which is between 230 and 235,000",sale
486,0,353.263,371.856,"Oh no let's I can see actually there's a point there but now I can't go beyond Uh $225,000 How can you consider me Is your customer",sale
486,1,371.856,390.449,"Mm Well it's tough because I Are you sure you can do 230,000 We can settle on that It's fair for the square footage and it's still below what the house is supposed to sell for",sale
486,0,390.449,409.042,"Uh Let if uh if I can go if I can go for a loan and maybe I have $2,000 and I'll give you 200 and 227 $1,000",sale
486,1,409.042,427.634,227,sale
486,0,427.634,446.227,"$1,000 So I think that is a nice present This reason they were praised the both of us Mm Yeah",sale
486,1,446.227,464.82,"Okay I can do 227,000",sale
505,0,0.0,31.549,"Oh yeah okay now now we're recording Both are recorded Cool So uh should we get started I am the fire Uh I really liked the tour of this house and I'm willing to make an offer However uh the asking price I believe is a little bit too high So would you be willing to accept something That is more along the lines of uh $220,000 Um",no sale
505,1,31.549,63.098,"Well I'm glad that you found the house enjoyable I think that considering that this house is one of the nicest houses in the centennial park area I would like to offer it at a higher price Um So perhaps sat around like 23 $230,000",no sale
505,0,63.098,94.647,Uh My problem with that is that the house is the other listings in the area have been you know touring a lot of places and a lot of the other equally comparably nice places in the area are listed for lower prices and there are also a lot bigger than this place So I was just wondering why this one in particular has such a high price If the uh square footage is so much less than the other listings,no sale
505,1,94.647,126.196,Um This was because it's been a few months or like several months since um the last house was sold in this area in general And so that's why I'm asking for price that's a bit higher,no sale
505,0,126.196,157.745,"No Oh I see Well uh that um uh look I am interested and willing to buy the house but um in order to in order to do that I need need uh to meet you at a price that's just a little bit lower I'd be willing to up it to um 200 And $25,000 Um uh Maybe uh with something like that then um it can kind of I can take the house off your hands You will sell a house in the area but also um I will be paying for uh something that is a little bit smaller than some of the other places in the area that are cheaper and a lot larger",no sale
505,1,157.745,189.295,"Mhm Um While would 220 maybe like seven I was in work for you then Um I do really believe that considering that I started with an asking price of $240,000 Um And the fact that this house has been uh more favourably priced and in a few months since like any house was sold in this area I don't think I would be able to go under 227",no sale
505,0,189.295,220.844,"I'm just not sure I can because I'm a little bit worried because this house was built in 1947 So that was that was a pretty long time ago And uh and so I'm sure that I'm going to be having to do some renovations when I buy the place And I want to help you out I want to take this house off your hands but I can't I can't really go above uh 225,000 because I'm going to be having to put so much money and work into renovating this place and making sure that it's up to date Uh But I think that 25,000 our Children 25,000 would be a good price And you still would be selling it above some of the other places uh at a price above some of the other places in the area",no sale
505,1,220.844,252.393,"Uh huh considering that it's built um 1947 the house still does have um amenities that are pretty renovated So we have finished hardwood floors um In addition the um the house is newly decorated uh and the outside the house has been updated The brick has been updated as well as the land sleeping So Would perhaps 200 maybe 65,000 were clean",no sale
505,0,252.393,283.942,You mean 226,no sale
505,1,283.942,315.491,Oh yeah Wait Few 100 and 26,no sale
505,0,315.491,347.04,Uh That that works That works great for me That that sounds good,no sale
507,0,0.0,28.288,Hello Well can you um can you say that again I can't hear you Hello Oh hello I can hear you know High Um Are we're being recorded right,no sale
507,1,28.288,56.575,Yes I think both people have,no sale
507,0,56.575,84.863,"Perfect Oh yeah okay now now we're recording Both are recorded Cool So uh should we get started I am the fire Ah I really liked the tour of this house Yeah And I'm willing to make an offer However uh the asking price I believe is a little bit too high So would you be willing to accept something That is more along the lines of uh $220,000",no sale
507,1,84.863,113.151,"Mm wow I'm glad that you found the house enjoyable I think that considering that this house is one of the nice houses in the centennial park area I would like who offer it at a higher price Um So perhaps sat around like 23 $230,000",no sale
507,0,113.151,141.438,Uh My problem with that is that the house is the other listings in the area have been you know touring a lot of places and a lot of the other equally comparably nice places in the area are listed for lower prices and there are also a lot bigger than this place So I was just wondering why this one in particular has such a high price If the uh square footage is so much less than the other listings,no sale
507,1,141.438,169.726,This was because it's been a few months or like several months since um the last house was sold in this area in general And so that's why I'm asking for a price that's a bit higher,no sale
507,0,169.726,198.014,"Oh I see Well uh that um uh look I am interested and willing to buy the house but um in order to in order to do that I need need uh to meet you at a price that's just a little bit lower I'd be willing to up it to um 200 And $25,000 Um uh Maybe uh with something like that then um it can kind of I can take the house off your hands You will sell a house in the area but also um I will be paying for uh something that is a little bit smaller than some of the other places in the area that are cheaper and a lot larger",no sale
507,1,198.014,226.302,"Mhm Um While would 220 maybe like seven I was in work for you then I really really believe that considering that I started with an asking price of $240,000 Um And the fact that this house has been uh more favourably priced and in a few months since like any house was sold in this area I don't think And be able to go under 227",no sale
507,0,226.302,254.589,"I'm just not sure I can because I'm a little bit worried because this house was built in 1947 So that was that was a pretty long time ago And uh and so I'm sure that I'm going to be having to do some renovations when I buy the place and I want to help you out I want to take this house off your hands but I can't I can't really go above uh 225,000 because I'm going to be having to put so much money and work into renovating this place and making sure that it's up to date Uh But I think that 25,000 our Children 25,000 would be a good price and you still would be selling it above some of the other places uh at a price above some of the other places in the area",no sale
507,1,254.589,282.877,"Uh huh Considering that it's built um 1947 the house still does have um amenities that are pretty renovated So we have finished hardwood floors Um In addition the um the house is newly decorated and the outside the house has been updated The brick has been updated as well as the landscaping So Would perhaps 200 maybe 65,000 were clean",no sale
507,0,282.877,311.165,You mean 226,no sale
507,1,311.165,339.452,Oh yeah Wait 226,no sale
507,0,339.452,367.74,Uh That that works That works great for me,no sale
508,1,0.0,16.811,Oh can you hear me,sale
508,0,16.811,33.622,Oh sorry was muted Hello Hi,sale
508,1,33.622,50.433,um So you're looking to buy my house correct,sale
508,0,50.433,67.244,"Yes I am definitely interested in buying your house Um Yeah so uh I wanted to start off by saying that I'm hoping to spend Around $215,000 I think I can spend a little bit more but not too much more Um And I think that's a fair asking price um Compared some of the other houses in the neighborhood",sale
508,1,67.244,84.055,Yeah unfortunately that's going to be a little low for me Um Some of those houses haven't sold super recently so their prices are not completely accurate and I do think that that to 40 is pretty fair but I would be able to budge a little bit anyways mm,sale
508,0,84.055,100.865,Well I'm a little bit concerned about the house being built in 1947 Uh I'm thinking that I should be able to pay a little bit less because of its age because I'm probably going to need to update a lot of the facilities in the house um definitely Uh That's gonna cost a lot of money I'm sure So can you uh bring the price down from 2:40 a little bit uh for that reason,sale
508,1,100.865,117.676,yeah I mean it has been newly decorated um and it's in pretty good condition as well it has a pretty fabulous location Um I could bring it down A couple 1000 for sure but you're at 215 which is pretty far away from that to 40,sale
508,0,117.676,134.487,Okay so uh what if I bump it up 2 25 It's closer to the area of a house in the neighborhood that sold for around 233 and a 1000 Um But I'm really concerned about the plumbing in the house definitely like to cook a lot and I'm afraid of clogging drains uh in the kitchen and things like that,sale
508,1,134.487,151.298,For sure I can totally understand that What about so yeah you went up a bit What about like 2 33 to match that offer that you were just referencing Um And that brings it down from what I'm looking for But does give that extra like 7000 or so that you could use to um remember some of the plumbing and it does have that really nice large eat in kitchen That would be great for your cooking desires,sale
508,0,151.298,168.109,Um How about we split the difference I proposed to 25 You proposed to 33 and we uh stop at 2:30,sale
508,1,168.109,184.92,Sure God sounds great,sale
51,1,0.0,22.195,Sorry Okay I have started recording Um So yeah I guess um since you're the buyer what are your thoughts on the house and what would be your the kind of price range that you're looking for,sale
51,0,22.195,44.391,"Um Well I think that the house has a lot of things that I'm looking for um especially in terms of like the year that it's built and just the neighborhood value itself Uh I'm thinking Range of my first offer is 220 or 220,000 Um What are you thinking of that",sale
51,1,44.391,66.586,Yeah Um So I definitely appreciate the offer Um I think just because of the fact that um the house is you know it's in a really um good neighborhood It was recently renovated and there's a lot of amenities and plus you know there hasn't been very many homes available to be sold in the area because it's such a highly coveted neighborhood Um As a result I think I'm not going to be comfortable accepting any um any price under 2 30 K Um And so I feel like my wood I just it wouldn't I guess if you if it makes sense it does it's I'm indifferent between like 2 30 K And any prices below 2 30 K And uh like regardless like not accepting the offer and like That that wouldn't it wouldn't make a difference to me And so I think I would like to start off with a counter offer of 270 k,sale
51,0,66.586,88.782,Mm I think that is I appreciate the negotiation Yeah But I think that um in comparison to just some of the other areas of the other listings in that same neighborhood um Based off of the square footage and the selling prices for those there are some that offer much more two square feet uh and selling prices that are much less So I'm not based off of a lot of space and just what I'm looking for in terms of uh compare comparing with the other options that I have Um I'm not really willing to go Any higher than 235 k,sale
51,1,88.782,110.977,"Got it That makes sense Um I definitely hear your concern about the comparable houses Um I think part of the reason why um my initial asking price was higher than the other um selling prices of the list in neighboring homes is because those are all you know sold a while ago And so there because the neighborhood has gotten you know only increasingly popular There's definitely just like an increase in property value in just the general area Um I'm willing to go down to 245,000 if that works for you",sale
51,0,110.977,133.172,Mm it's still a little too,sale
51,1,133.172,155.368,high,sale
51,0,155.368,177.563,Um It's mostly I think the information that I've been given is that there some with their still very few listings but there are other options Um They're currently um and one that I have my eye on that is it has a lot very very similar characteristics to this listing Um But it has a bit more square footage more space Um And the selling price is actually only 233 k Um And I mean I'm willing to go Slightly more just to 35 but not I don't think I'm able to go higher than that,sale
51,1,177.563,199.758,Got it Um Let's see 2 35 Um would you be willing to do to 36,sale
51,0,199.758,221.954,Um mm No,sale
51,1,221.954,244.149,Um so to 35 is your final offer,sale
51,0,244.149,266.345,Yeah Yeah I think so,sale
51,1,266.345,288.54,Okay I will accept to 35,sale
512,1,0.0,11.232,Hello,no sale
512,0,11.232,22.464,Hello how are you,no sale
512,1,22.464,33.696,I'm good how are you,no sale
512,0,33.696,44.928,I am very well thank you,no sale
512,1,44.928,56.16,Okay,no sale
512,0,56.16,67.392,So I'm looking to buy your house Uh I really like it But I think the asking price of 214 is very very high So can you maybe bring your price down [PERSON],no sale
512,1,67.392,78.624,I'm sorry to hear that But compared to all the other houses in the neighborhood I think my house really has a lot of newly decorated new appliances available that are worth the extra money,no sale
512,0,78.624,89.856,"I I understand this between $240,000 is very high So I am proposing maybe 220,000 I think this is a much better price",no sale
512,1,89.856,101.088,"I'm sorry $220,000 It's just not the house I spent my time building or creating And really it's a comparative to all the other houses in the neighborhood for the square footage and for as much amenities that there is provided I think it's really worth $240,000 $220,000 Way too low and completely off the table",no sale
512,0,101.088,112.32,Okay Okay But then make me a better offer I mean the 240 is way too high to 20 is too low So just to make me a better offer because this house is uh it's quite old is built in the 1940s So it means it's uh it's not gonna be a very warm during the winter Uh It's quite far from the school So there's a few reasons why I think the price should come down So And your let's service to some business,no sale
512,1,112.32,123.552,"Okay So although it is built in 1947 I still think that adds class to it You get that nice old architectural style and although it may be called you won't feel it with the two fireplaces that are provided However just for you maybe I can do 237,000",no sale
512,0,123.552,134.784,"No $3,003,000 You've come down You know this is not enough I mean I understand it's got character but this also means it's more maintenance on an old house like this It also means that if I want to heat it up like you said with a fireplace if there is gas I'm going to have to pay for the gas So it's it's all extra costs Uh so I'm leaning I'm leaning to maybe 225,000 I can go But I think this is much better",no sale
512,1,134.784,146.016,"I am sorry 225,000 Still too low I don't know I can't do that for the again you're getting a built in 1947 that old architecture So it is 1800 and 46 sq ft of space But with that comes the four bedrooms the one recreation room and the 2.5 bathrooms I still think 25,000 is still to know Not only that this neighborhood not many houses have been bought It's a good neighborhood There's not much on the art market right now If anything I can go 231,000",no sale
512,0,146.016,157.248,"2 31 wow You you're you're very tempting Your offer is very tempting I tell you what if I put on the table 230,000 I will come up to 230,000 right now And that means you can have a deal and we can go enjoy our friday",no sale
512,1,157.248,168.48,"I'm sorry but 231,000 It's the lowest I can go",no sale
512,0,168.48,179.712,"Really You're going to you're going to cut this deal for $1,000 I treated to 30 I think it's much fairer",no sale
512,1,179.712,190.944,I've spent my time my joy in this house I,no sale
512,0,190.944,202.176,need I can imagine I can imagine So I think to 30 is a much better price for all of us I think we go away smiling and then we uh we we continue with our day Yeah,no sale
512,1,202.176,213.408,230 1000,no sale
512,0,213.408,224.64,"Tell You What 230,500 How about this",no sale
512,1,224.64,235.872,I'm sorry I just 230 1000,no sale
512,0,235.872,247.104,You're really going to stick on this 1008 No I don't think I'm gonna go up I think I'm going to stick with 213,no sale
512,1,247.104,258.336,Okay No problem,no sale
512,0,258.336,269.568,Yeah You have a,no sale
512,1,269.568,280.8,deal okay,no sale
519,0,0.0,4.806,Mhm,sale
519,1,4.806,9.611,mm,sale
519,0,9.611,14.417,Okay I'm gonna,sale
519,1,14.417,19.223,And,sale
519,0,19.223,24.029,record,sale
519,1,24.029,28.834,uh oh,sale
519,0,28.834,33.64,Mhm,sale
519,1,33.64,38.446,and hear me alone,sale
519,0,38.446,43.251,Hi Yes I can hear you Can you hear me,sale
519,1,43.251,48.057,Your men,sale
519,0,48.057,52.863,I'm just trying to make sure I'm recording correctly Okay shall we get started,sale
519,1,52.863,57.669,Yeah You the bias So you gotta make enough,sale
519,0,57.669,62.474,"All right Um So I've I've really enjoyed this property Um It looks really beautiful Um It seems like it's in a it's in a great area All the homes here around here are great Um I've been looking at some other comparable properties Um I think I want my initial offer to be um 220,000 I think",sale
519,1,62.474,67.28,Mm,sale
519,0,67.28,72.086,it,sale
519,1,72.086,76.891,hmm,sale
519,0,76.891,81.697,I know it's a little bit under the asking price I've looked around Um Some of the surrounding properties are our decent size bigger Um But this one is really um it's got all the amenities I want I think,sale
519,1,81.697,86.503,Yeah but I think,sale
519,0,86.503,91.309,wow,sale
519,1,91.309,96.114,I think 220s way too low Mm I mean it's an offer for 2:40 You know I'm willing to maybe move on the price a little bit But you've got to do better than to 20 I understand your life to property Um,sale
519,0,96.114,100.92,Mhm,sale
519,1,100.92,105.726,but there's no way I'll be letting you go for that price,sale
519,0,105.726,110.531,Okay,sale
519,1,110.531,115.337,correct,sale
519,0,115.337,120.143,Um Yeah I think we can work something out Um Yeah,sale
519,1,120.143,124.949,So what are you what are you feeling What does your gut say to you,sale
519,0,124.949,129.754,yeah Um Yeah I mean so there's there's a neighboring home listed around 2:33 that's a little bit bigger So I'm thinking I could I could probably manage to bump it up to maybe 2 30,sale
519,1,129.754,134.56,Mm That's only 10 grand off the,sale
519,0,134.56,139.366,Yeah,sale
519,1,139.366,144.171,asking,sale
519,0,144.171,148.977,I,sale
519,1,148.977,153.783,price,sale
519,0,153.783,158.589,know it's it's still a little under but I think given the the market on the neighborhood maybe that would be a little closer hopefully will be a little closer to what you're wanting,sale
519,1,158.589,163.394,I mean I was I was I was going to come down to 235 Um well I was gonna suggest 2 35 Um just because I've spent so much money on the house doing it up Bring it up to the standards that has got at the moment Um How About 2 3 3,sale
519,0,163.394,168.2,233 Um Do you think we can meet in the middle 23,sale
519,1,168.2,173.006,Okay,sale
519,0,173.006,177.811,1,sale
519,1,177.811,182.617,And,sale
519,0,182.617,187.423,1/2,sale
519,1,187.423,192.229,uh,sale
519,0,192.229,197.034,Mhm,sale
519,1,197.034,201.84,sure sure And I'll I'll throw in the case of beers as well,sale
521,0,0.0,4.993,So,sale
521,1,4.993,9.987,Hello,sale
521,0,9.987,14.98,hi Can you hear me,sale
521,1,14.98,19.973,I can hear you,sale
521,0,19.973,24.967,Yeah Hi Good afternoon How are you doing,sale
521,1,24.967,29.96,I'm well how are you,sale
521,0,29.96,34.953,"I'm good Thank you Yeah So thank buyer So the court hotel us 200,000",sale
521,1,34.953,39.947,Can you repeat that I'm sorry,sale
521,0,39.947,44.94,"200,000",sale
521,1,44.94,49.933,is that what you're offering me today,sale
521,0,49.933,54.927,Yeah,sale
521,1,54.927,59.92,"So unfortunately I can't accept that offer Um the list price is 240,000 There is a little bit of flexibility Um but it",sale
521,0,59.92,64.913,Mhm,sale
521,1,64.913,69.907,"would have to come up pretty significantly from 200,000",sale
521,0,69.907,74.9,"Okay What about 200 10,000",sale
521,1,74.9,79.893,So again I think you know I'd probably counter at 2:35 I'm willing to shave a little bit of money off of the price I'm also open,sale
521,0,79.893,84.887,Mhm,sale
521,1,84.887,89.88,to negotiating closing costs Um The timeline when you would need the home but the price is really the sticking point,sale
521,0,89.88,94.873,"Okay I can come up to 20,000",sale
521,1,94.873,99.867,Mhm,sale
521,0,99.867,104.86,I will not defined,sale
521,1,104.86,109.853,No I think that's that's still that's still significantly below what I would be willing to part with the property for,sale
521,0,109.853,114.847,Okay To where the maximum that they are willing to come down the best price,sale
521,1,114.847,119.84,So let me see here So I have 1840 square feet,sale
521,0,119.84,124.833,Mhm,sale
521,1,124.833,129.827,So I could counter at 2:35 I mean looking at the price per square foot versus some of the comparables that I've sold in the past Um You know to 20 is still significantly below what properties have sold for many months ago So it would have to come up significantly And this is a really nice property,sale
521,0,129.827,134.82,Mhm Mhm,sale
521,1,134.82,139.813,2 35 is my counter,sale
521,0,139.813,144.807,And Whatever to 25 Think he got the best,sale
521,1,144.807,149.8,2 25,sale
521,0,149.8,154.793,Yeah,sale
521,1,154.793,159.787,Mm I could do,sale
521,0,159.787,164.78,Mhm,sale
521,1,164.78,169.773,2 32 500,sale
521,0,169.773,174.767,Whatever to 26,sale
521,1,174.767,179.76,You're going to have to come up a little bit more than that Unfortunately I think you,sale
521,0,179.76,184.753,Mm,sale
521,1,184.753,189.747,know this is really a special,sale
521,0,189.747,194.74,Yeah,sale
521,1,194.74,199.733,property to me Um I've enjoyed my time here and I'm you know I don't you don't need to sell at this,sale
521,0,199.733,204.727,And go on to 2 28,sale
521,1,204.727,209.72,I could do to 30 last and final,sale
521,0,209.72,214.713,2 30,sale
521,1,214.713,219.707,U 30 last and final offer,sale
521,0,219.707,224.7,Yeah Let's do that,sale
523,1,0.0,13.577,Hello Sure,no sale
523,0,13.577,27.154,Hello,no sale
523,1,27.154,40.73,Hi I've pressed records so I'm ready to start,no sale
523,0,40.73,54.307,Okay I I pressed to record as well,no sale
523,1,54.307,67.884,Awesome,no sale
523,0,67.884,81.461,"Okay I mm the buyer So I will start off um looking at the prices of houses with similar characteristics in the area I would like to get the price down to I think like 220,000 would be a good in between when looking at the square feet of the houses",no sale
523,1,81.461,95.038,"Okay Um Yeah so I've lived in this house for a while and based on the area I can attest that it's relatively nicer than the ones nearby which is why the square or the price per square foot is relatively higher Um And uh so for that reason I would like to offer a price of To 40,000 which is I know a lot higher than what you had initially requested But I think we can maybe find um a happy medium In between our two proposed prices",no sale
523,0,95.038,108.614,Okay Yeah Um Let's see,no sale
523,1,108.614,122.191,Mhm,no sale
523,0,122.191,135.768,Hi I'm I know that you said that it was nicer I am still concerned with the square feet though because I want a lot of room so I'm willing to Go up to you said to 40,no sale
523,1,135.768,149.345,Yes to 40,no sale
523,0,149.345,162.922,Um,no sale
523,1,162.922,176.498,would be the best,no sale
523,0,176.498,190.075,Mhm How about still looking You know in in square feet um 2 25,no sale
523,1,190.075,203.652,Um I think so that's better but I think because um as someone who has been here for a long time and can really attest to the quality of this house I would prefer to hold on to the house rather than Uh sell if it would be around 225 Um I think that Ideally maybe to 35 that would be a good um bargain for me to drop the price a bit but um still keep it such that like the price per square foot makes sense for the quality of the house Um,no sale
523,0,203.652,217.229,Um Yeah I I understand where you're coming from It's hard to um sell a house that you're connected to and that has um you know how valuable it is Um I think though just looking at the square feet again,no sale
523,1,217.229,230.806,Uh huh,no sale
523,0,230.806,244.382,"um The There's a house nearby that's priced at 233,600 and is 1,875 sq ft Um So that's a little bit bigger for a little bit less than 2 35 So is there any way we could get it to like 2 30",no sale
523,1,244.382,257.959,"Um Yeah that's a lot better uh than the initial proposition Um I do think that even though it is um slightly cheaper for more space I feel like the quality of this house is just far superior to the neighboring places And um and I also understand that the amenities are pretty similar between the houses Um But I think maybe 2 30 four would be optimal Um Just bring it down from the initial 2 40 offer Um or maybe to 33,000 if that would be better to match the selling price of the nearby house that is slightly bigger",no sale
523,0,257.959,271.536,prison Um How about we get a good in between for the 2:34 and the 2:30 and due to 32,no sale
523,1,271.536,285.113,Um Sorry I'm just reading the instructions again,no sale
523,0,285.113,298.69,You're,no sale
523,1,298.69,312.266,Uh,no sale
523,0,312.266,325.843,good,no sale
523,1,325.843,339.42,No Uh I think that sounds good I would be happy with 2:32,no sale
525,0,0.0,2.217,Hello I I think we're meant to record our negotiations maybe Uh Hello Hi Uh How are you,no sale
525,1,2.217,4.433,Hi,no sale
525,0,4.433,6.65,I'm doing okay Um I,no sale
525,1,6.65,8.867,I'm fine,no sale
525,0,8.867,11.083,think,no sale
525,1,11.083,13.3,Are,no sale
525,0,13.3,15.517,we,no sale
525,1,15.517,17.733,you,no sale
525,0,17.733,19.95,need to record what we're doing,no sale
525,1,19.95,22.166,okay,no sale
525,0,22.166,24.383,Uh,no sale
525,1,24.383,26.6,Yeah,no sale
525,0,26.6,28.816,At least on my Yeah,no sale
525,1,28.816,31.033,I'm recording,no sale
525,0,31.033,33.25,I,no sale
525,1,33.25,35.466,We,no sale
525,0,35.466,37.683,think,no sale
525,1,37.683,39.9,love you,no sale
525,0,39.9,42.116,um there should be a button that just says record at least on my screen It only indicates that I'm recording but I could be wrong I'm not super sure Right Right,no sale
525,1,42.116,44.333,I think,no sale
525,0,44.333,46.55,Right,no sale
525,1,46.55,48.766,we just,no sale
525,0,48.766,50.983,Um,no sale
525,1,50.983,53.2,have to,no sale
525,0,53.2,55.416,So,no sale
525,1,55.416,57.633,click,no sale
525,0,57.633,59.849,on,no sale
525,1,59.849,62.066,on the,no sale
525,0,62.066,64.283,your,no sale
525,1,64.283,66.499,record,no sale
525,0,66.499,68.716,screen,no sale
525,1,68.716,70.933,you know,no sale
525,0,70.933,73.149,next,no sale
525,1,73.149,75.366,their,no sale
525,0,75.366,77.583,to,no sale
525,1,77.583,79.799,into,no sale
525,0,79.799,82.016,your,no sale
525,1,82.016,84.233,the court,no sale
525,0,84.233,86.449,name then is there like a red button That's flash Okay,no sale
525,1,86.449,88.666,Yes,no sale
525,0,88.666,90.882,Sounds good Ah,no sale
525,1,90.882,93.099,Yeah,no sale
525,0,93.099,95.316,Okay I I think I'm supposed to,no sale
525,1,95.316,97.532,Yeah,no sale
525,0,97.532,99.749,start the negotiation Ah Yeah,no sale
525,1,99.749,101.966,Yeah,no sale
525,0,101.966,104.182,I think just given the house and the space and everything Um I'm asking for I think to be fair,no sale
525,1,104.182,106.399,Mhm,no sale
525,0,106.399,108.616,"like 218,000",no sale
525,1,108.616,110.832,Well,no sale
525,0,110.832,113.049,if we,no sale
525,1,113.049,115.266,does it would be too low if you compare into the value and standard,no sale
525,0,115.266,117.482,Ah,no sale
525,1,117.482,119.699,of the house That would be too low What can you just Give,no sale
525,0,119.699,121.916,Sorry,no sale
525,1,121.916,124.132,it give,no sale
525,0,124.132,126.349,what was,no sale
525,1,126.349,128.565,it,no sale
525,0,128.565,130.782,that,no sale
525,1,130.782,132.999,them to on 145,no sale
525,0,132.999,135.215,Uh huh,no sale
525,1,135.215,137.432,I said the price you you mentioned is too low I think you just speak,no sale
525,0,137.432,139.649,Of,no sale
525,1,139.649,141.865,to,no sale
525,0,141.865,144.082,"245,000",no sale
525,1,144.082,146.299,"$145,000 years",no sale
525,0,146.299,148.515,is a lot higher than like the selling prices of much larger houses in the area Ah I,no sale
525,1,148.515,150.732,Uh It's not uh when you compare,no sale
525,0,150.732,152.949,TRUE,no sale
525,1,152.949,155.165,being communicated to the value and the standard of the of the house is very very good Um very variable And even even spend much,no sale
525,0,155.165,157.382,Um,no sale
525,1,157.382,159.599,on,no sale
525,0,159.599,161.815,I,no sale
525,1,161.815,164.032,on,no sale
525,0,164.032,166.248,think just like,no sale
525,1,166.248,168.465,the innovation,no sale
525,0,168.465,170.682,In Appendix,no sale
525,1,170.682,172.898,if it,no sale
525,0,172.898,175.115,two,no sale
525,1,175.115,177.332,is,no sale
525,0,177.332,179.548,it says of neighboring houses with similar characteristics I mean that's almost what like 100 more square feet like that's like more money than a house with 100 more square,no sale
525,1,179.548,181.765,Mhm,no sale
525,0,181.765,183.982,"feet of space Like a significant about I don't I don't think I can really uh Deal with 245,000 Sorry",no sale
525,1,183.982,186.198,So how much are you willing to do after that,no sale
525,0,186.198,188.415,"to add to 218,000",no sale
525,1,188.415,190.632,How much are you willing to add more on it Mm,no sale
525,0,190.632,192.848,oh,no sale
525,1,192.848,195.065,Oh that is still too low Why can't I just make it Um,no sale
525,0,195.065,197.281,235,no sale
525,1,197.281,199.498,235,no sale
525,0,199.498,201.715,is still a higher price than larger houses in the area I don't really have a reason to I could like very well by just the house that has 18,no sale
525,1,201.715,203.931,Oh,no sale
525,0,203.931,206.148,1875 sq ft,no sale
525,1,206.148,208.365,oh you know you know uh I just did some you know innovation I did do some interior design uh and I think became in the morning,no sale
525,0,208.365,210.581,Yeah,no sale
525,1,210.581,212.798,so I think you won't have,no sale
525,0,212.798,215.015,But,no sale
525,1,215.015,217.231,to spend more,no sale
525,0,217.231,219.448,again,no sale
525,1,219.448,221.665,money,no sale
525,0,221.665,223.881,like,no sale
525,1,223.881,226.098,when you,no sale
525,0,226.098,228.315,given,no sale
525,1,228.315,230.531,move in,no sale
525,0,230.531,232.748,Appendix two I could just buy a different house that's larger and still has those renovations Because I guess just based on the hypothetical scenario right Like these houses are similar and in the same neighborhood and larger,no sale
525,1,232.748,234.964,Uh,no sale
525,0,234.964,237.181,To,no sale
525,1,237.181,239.398,huh,no sale
525,0,239.398,241.614,be honest,no sale
525,1,241.614,243.831,Mhm So,no sale
525,0,243.831,246.048,I,no sale
525,1,246.048,248.264,how much are you willing to add more to it,no sale
525,0,248.264,250.481,not much higher than maybe 2 21 I mean But,no sale
525,1,250.481,252.698,That is too low Mhm Why can't you make it,no sale
525,0,252.698,254.914,no,no sale
525,1,254.914,257.131,just make it out,no sale
525,0,257.131,259.348,because,no sale
525,1,259.348,261.564,to around 30,no sale
525,0,261.564,263.781,again,no sale
525,1,263.781,265.998,That's,no sale
525,0,265.998,268.214,like why,no sale
525,1,268.214,270.431,okay,no sale
525,0,270.431,272.647,would I,no sale
525,1,272.647,274.864,to,no sale
525,0,274.864,277.081,go,no sale
525,1,277.081,279.297,around,no sale
525,0,279.297,281.514,for,no sale
525,1,281.514,283.731,30,no sale
525,0,283.731,285.947,"uh I guess like from a buyer's perspective right Like I wouldn't have much reason to go for a house That's 230,000",no sale
525,1,285.947,288.164,Mm,no sale
525,0,288.164,290.381,When there are larger houses that are more I guess like value,no sale
525,1,290.381,292.597,Okay Okay,no sale
525,0,292.597,294.814,2,no sale
525,1,294.814,297.031,So how,no sale
525,0,297.031,299.247,21,no sale
525,1,299.247,301.464,much are,no sale
525,0,301.464,303.68,is,no sale
525,1,303.68,305.897,you willing to after,no sale
525,0,305.897,308.114,pushing,no sale
525,1,308.114,310.33,that,no sale
525,0,310.33,312.547,on my upper limit,no sale
525,1,312.547,314.764,Yeah,no sale
525,0,314.764,316.98,What was,no sale
525,1,316.98,319.197,Let's,no sale
525,0,319.197,321.414,that,no sale
525,1,321.414,323.63,try and make it two on 23 So let's try and make it,no sale
525,0,323.63,325.847,"230,000",no sale
525,1,325.847,328.064,to online to only 23,no sale
525,0,328.064,330.28,230,no sale
525,1,330.28,332.497,"You are 223,000",no sale
525,0,332.497,334.714,Again like what I mean by that is that like that's so,no sale
525,1,334.714,336.93,I mean I mean,no sale
525,0,336.93,339.147,Oh,no sale
525,1,339.147,341.363,I mean I mean 2-3,no sale
525,0,341.363,343.58,"223,000 Um 223",no sale
525,1,343.58,345.797,Yeah,no sale
525,0,345.797,348.013,So just to clarify uh 2-3000 Um,no sale
525,1,348.013,350.23,Yeah yeah,no sale
525,0,350.23,352.447,Yeah,no sale
525,1,352.447,354.663,yeah,no sale
525,0,354.663,356.88,"I can I can work with 223 1,100,000 Yeah",no sale
532,0,0.0,5.946,Hi,no sale
532,1,5.946,11.891,Hi how are you,no sale
532,0,11.891,17.837,Fine And you,no sale
532,1,17.837,23.782,Good good thanks for asking,no sale
532,0,23.782,29.728,Yeah,no sale
532,1,29.728,35.674,How's your day been,no sale
532,0,35.674,41.619,Nice having been outside but but at least it looks nice and new,no sale
532,1,41.619,47.565,Yeah I went outside for a bit I actually went hiking this morning which was very nice but now it's getting a little gray and kind of gloomy I think it's going to rain in an hour or two,no sale
532,0,47.565,53.51,Oh no hope not I was,no sale
532,1,53.51,59.456,Yeah,no sale
532,0,59.456,65.402,planning to go for a walk after this Well,no sale
532,1,65.402,71.347,Oh no well I think it starts at five so hopefully this you know if,no sale
532,0,71.347,77.293,there's,no sale
532,1,77.293,83.238,it's,no sale
532,0,83.238,89.184,a,no sale
532,1,89.184,95.13,done,no sale
532,0,95.13,101.075,little bit,no sale
532,1,101.075,107.021,for,no sale
532,0,107.021,112.966,of time,no sale
532,1,112.966,118.912,Yeah Uh,no sale
532,0,118.912,124.858,Perfect,no sale
532,1,124.858,130.803,huh,no sale
532,0,130.803,136.749,So shall we get into this,no sale
532,1,136.749,142.694,Yeah Um,no sale
532,0,142.694,148.64,Yeah on,no sale
532,1,148.64,154.586,So,no sale
532,0,154.586,160.531,cassette,no sale
532,1,160.531,166.477,I'm telling this house um you know I've owned it for a while I think um it's really great property really amazing location uh and just wonderful like amenities So the the asking price that I'm asking for is to 40,no sale
532,0,166.477,172.422,Perfect Great I I really like your house is really nice and I like the area I'm looking for the houses and as an investment not especially for for myself but,no sale
532,1,172.422,178.368,Mhm,no sale
532,0,178.368,184.314,I I think your house meet the criteria I'm looking for But I I have some questions,no sale
532,1,184.314,190.259,Yeah,no sale
532,0,190.259,196.205,Why are you selling the house is like it's so pretty Why are you moving,no sale
532,1,196.205,202.15,Yeah You know I've decided to move,no sale
532,0,202.15,208.096,Mhm,no sale
532,1,208.096,214.042,um just to be closer to my family actually and really sad to be moving because this was like you said it's a beautiful house wonderful area Um And you know I've worked on it myself to like build it up to the state that it's at right now so if it was up to me I wouldn't be moving but I just want to be closer to family,no sale
532,0,214.042,219.987,That's amazing Yeah I will do the same as you Okay great And what was like the last time this house was remodeled,no sale
532,1,219.987,225.933,Um So I got a few some work done around last year so if you look at the hardwood floors they're finished hardwood floors Um And the master bedroom now has like an entire wall of closets So this was all stuff that I had done last year it's also pretty newly decorated Um And you know some of these decorations come with the house as well,no sale
532,0,225.933,231.878,Okay perfect Thank you for for all the information I think I'm I'm ready to give my my offer I am,no sale
532,1,231.878,237.824,Mhm,no sale
532,0,237.824,243.77,willing to go to 210 K for this house I I did a research of what it's available and on sale right now in the area And I think that is what is fair because we can find the house is almost in that price range And I guess we can negotiate the price too So,no sale
532,1,243.77,249.715,Yes,no sale
532,0,249.715,255.661,you can go way under that,no sale
532,1,255.661,261.606,Unfortunately I don't think I can sell at that price You look at the prices in your of the houses nearby that have similar characteristic They are all you know more expensive than that and my house is actually one of the biggest houses in this area Um and just given how new the amenities are literally last year have them updated Um you know I think I would be asking for closer to 2:40,no sale
532,0,261.606,267.552,Mm Well to 40 is definitely outside of my range and it's also the highest asking price I guess it you may know it is usual that that we can negotiate when we're buying houses I've I've done this for a long time and and get a discount Also since we are treating directly you're not paying any any fees external fees for a broker So I guess we can try to take that in consideration Uh like if I'm I'm struggling here but I can take it to to 20 Like it's almost a meal between between,no sale
532,1,267.552,273.498,Um,no sale
532,0,273.498,279.443,you and me,no sale
532,1,279.443,285.389,So,no sale
532,0,285.389,291.334,diagnose,no sale
532,1,291.334,297.28,I I,no sale
532,0,297.28,303.226,aeration,no sale
532,1,303.226,309.171,don't think,no sale
532,0,309.171,315.117,these Um,no sale
532,1,315.117,321.062,Yeah,no sale
532,0,321.062,327.008,I know your house is very pretty but it's also an and investment,no sale
532,1,327.008,332.954,and I completely understand um you know if you look at the houses nearby there like of my size they're all at more than 2 30 I'd be willing to settle for 2 30 which is cheaper than the most of the houses nearby that have similar characteristics Unfortunately I don't think I can go lower than that Like I said I'm moving to be with family and like I do need the money that's why I'm not using a broker It's a lot easier to use a broker rather than have me do it directly But the reason I'm not is because I need this money Um So I mean comparing so if you look at the size of my house right 18 46 square feet you'll see the houses nearby 18 75 square feet It's 2 33 So I'd be willing to sell for 2 30 I think that's a really great price and if this is an investment um you know you'll be able to sell it for much higher in the future Like I've just remodeled addressing all these new things Um when you're two huge parks Um so I'm willing to go down to 2:30 but unfortunately I don't think I can go lower than that,no sale
532,0,332.954,338.899,if well thank you thank you for compromising some if we look at the other houses that are in the market right now the,no sale
532,1,338.899,344.845,Mhm,no sale
532,0,344.845,350.79,second one is 1875 sq ft it's a little bigger than yours and it's at 233 starting price So so I guess we can push this to to 20 But like given that you are being very nice I can try to push it to 25 It's like the middle ground between me and you,no sale
532,1,350.79,356.736,Yeah I think that's you know that's doable if we're able to do um You know like I said I just I'm not sure if I can sell below 2 30 I'm just looking here and,no sale
532,0,356.736,362.682,Okay,no sale
532,1,362.682,368.627,like given the houses near buying me given um I don't know just just,no sale
532,0,368.627,374.573,But,no sale
532,1,374.573,380.518,comparing,no sale
532,0,380.518,386.464,what,no sale
532,1,386.464,392.41,it,no sale
532,0,392.41,398.355,you see like,no sale
532,1,398.355,404.301,to the neighborhood,no sale
532,0,404.301,410.246,For the 233 like,no sale
532,1,410.246,416.192,Mhm,no sale
532,0,416.192,422.138,I'm also I'm also going to negotiate and they can lower it down so like most I can do is well the meal between what I just offer I'm trying to Going between between the 225 and the 23 will be to 27.5 And I think that's it because I think I can buy the second house for lower than that definitely But I'm really like in your house,no sale
532,1,422.138,428.083,I I really appreciate that offer and I really appreciate that you're willing to compromise with me Um I'm just you know like I said I'm really just not sure if I can sell blow Below 2 30 Um I understand that other houses you know you feel like you can negotiate with them as well Um And to 27 15 I mean that is a good offer and I do appreciate that Is there any way we can push it a little bit higher I'm just not sure if I'm able to sell Mhm,no sale
532,0,428.083,434.029,What are you proposing,no sale
532,1,434.029,439.974,I mean if we can 28-29 even I'd be willing to settle for that,no sale
532,0,439.974,445.92,Okay I can do to 28,no sale
533,0,0.0,6.425,are you recording Can you hear me,no sale
533,1,6.425,12.85,I can hear you can hear me,no sale
533,0,12.85,19.275,Yeah so you,no sale
533,1,19.275,25.7,okay,no sale
533,0,25.7,32.125,are you recording,no sale
533,1,32.125,38.55,I'm recording Yes,no sale
533,0,38.55,44.975,Okay so I really like your house I want to buy I'd love to buy your house Um So what is the best price you can do on the house,no sale
533,1,44.975,51.4,Yeah Okay so the best price I can do is uh 2:35 My preferable The listing price is of course to 50,no sale
533,0,51.4,57.825,Yeah I mean 235 it's still a bit high for me I really like the house I've had a look it looks uh you know pretty pretty good condition I know you've had a reefer but recently um I was thinking more of 2-5 if I'm honest,no sale
533,1,57.825,64.25,Yeah,no sale
533,0,64.25,70.675,Yeah,no sale
533,1,70.675,77.1,so,no sale
533,0,77.1,83.525,Mhm,no sale
533,1,83.525,89.95,Um as I said 2-50,no sale
533,0,89.95,96.375,Yeah,no sale
533,1,96.375,102.8,is,no sale
533,0,102.8,109.225,Mhm,no sale
533,1,109.225,115.65,the listing price um,no sale
533,0,115.65,122.075,mm,no sale
533,1,122.075,128.5,and,no sale
533,0,128.5,134.925,Okay,no sale
533,1,134.925,141.35,235 is the lowest price And I can afford um If I go below 235 then I will be making a loss,no sale
533,0,141.35,147.775,I understand I mean I know that this market is quite volatile at the moment so everybody's losing people are trying to sell it It's a bias market at the moment actually Um So I mean there must be some room for negotiation to bring the price a little bit down If we maybe bring it more towards the middle ground somewhere What do you what do you think if you can come down by a few 1000 I mean I'm happy to go maybe up 2-8 or something like this This could maybe work for me,no sale
533,1,147.775,154.2,Oh uh 2-8 would be a pretty big loss for me Um,no sale
533,0,154.2,160.625,Uh huh,no sale
533,1,160.625,167.05,I think,no sale
533,0,167.05,173.475,Yeah,no sale
533,1,173.475,179.9,I could come down to maybe 233,no sale
533,0,179.9,186.325,Uh You see this is still a bit out of my price range because I am uh at the end of my financial you know everything I've got is into the house so unfortunately I can't go more then You know I can always borrow some money I can ask maybe ask my parents I can I can go for 230 but this would be the maximum that ah that,no sale
533,1,186.325,192.75,Thanks,no sale
533,0,192.75,199.175,I'll be able to go to But even this is gonna be very difficult for me,no sale
533,1,199.175,205.6,Um Okay 230 is pretty hard for me I'll be making a substantial loss already How about we settle on 231,no sale
533,0,205.6,212.025,No I think I have to consider borrowing all the money that I'm going to stick it to 30 I think we can have a deal at 230 We can both walk away quite happy,no sale
533,1,212.025,218.45,Yeah Unfortunately 230 is really not possible for me Um Could you could you try talking to your bank a little bit Maybe we can we can stretch to 31 because 230 will really not be possible,no sale
533,0,218.45,224.875,I understand But uh this is the thing I had to borrow already so much to get to this point and I'm really going over my budget by by 5000 already So um we'll tell you what we can make it a 230 500 How about this,no sale
533,1,224.875,231.3,Okay let's do 230 500,no sale
535,1,0.0,5.871,Hello,no sale
535,0,5.871,11.742,Hi,no sale
535,1,11.742,17.613,how are you doing Mhm Mhm Yeah,no sale
535,0,17.613,23.484,Fine thanks So let me press record Yeah,no sale
535,1,23.484,29.355,yep,no sale
535,0,29.355,35.226,did you start recording Right okay So we are here to discuss the,no sale
535,1,35.226,41.098,yep,no sale
535,0,41.098,46.969,purchase of the house Right okay And may I know,no sale
535,1,46.969,52.84,Uh,no sale
535,0,52.84,58.711,why are,no sale
535,1,58.711,64.582,Well,no sale
535,0,64.582,70.453,you selling,no sale
535,1,70.453,76.324,you know,no sale
535,0,76.324,82.195,it,no sale
535,1,82.195,88.066,been here a while um and it's time to move Uh Nothing wrong with the house or anything it's just need a change of venue,no sale
535,0,88.066,93.937,Okay So you knew,no sale
535,1,93.937,99.808,Mhm,no sale
535,0,99.808,105.679,you would move Soon So that's why you didn't renovate,no sale
535,1,105.679,111.551,Yeah,no sale
535,0,111.551,117.422,it because,no sale
535,1,117.422,123.293,Yeah,no sale
535,0,123.293,129.164,the house is beautiful and everything you but you know it was built in 1947 that's,no sale
535,1,129.164,135.035,This,no sale
535,0,135.035,140.906,70 years ago,no sale
535,1,140.906,146.777,okay,no sale
535,0,146.777,152.648,and it's in a desperate need of,no sale
535,1,152.648,158.519,Um,no sale
535,0,158.519,164.39,renovation,no sale
535,1,164.39,170.261,I don't believe it's in desperate need of renovation actually I've done a lot of work to it over the over the years I've lived here um You know we we put in all new we re finished all the floors uh you know put in nice appliances the interior is completely redecorated we've uh updated all the brick on the outside which was extremely expensive Um And you know the landscaping has been done um So like I think yes it is somewhat old um but it's in really great condition and uh I don't think it'll need too much done to it in the future uh since so much has already been done Yeah,no sale
535,0,170.261,176.132,Okay Okay Got it Yeah I mean I really appreciate it is to be appreciated all the work that you've done in the house It's definitely um,no sale
535,1,176.132,182.004,Yeah,no sale
535,0,182.004,187.875,I saw I realized that uh you the owners put a lot of effort into it But you know I've seen some other houses,no sale
535,1,187.875,193.746,yeah,no sale
535,0,193.746,199.617,in the neighborhood which are selling for a lower price and simply they are less than a need of renovation,no sale
535,1,199.617,205.488,Mhm Well,no sale
535,0,205.488,211.359,Hope,no sale
535,1,211.359,217.23,you know,no sale
535,0,217.23,223.101,you can,no sale
535,1,223.101,228.972,I,no sale
535,0,228.972,234.843,understand,no sale
535,1,234.843,240.714,think um,no sale
535,0,240.714,246.585,Mhm,no sale
535,1,246.585,252.456,yes there have been other houses in the area that have sold for less,no sale
535,0,252.456,258.328,Yeah,no sale
535,1,258.328,264.199,um But then you know they don't think they have the same attributes You know they they don't they don't have that updated interior or that resurfacing on the bricks Um And I think you know they're similar but honestly like you know it being my home that I've lived in for several years I really have a fondness for and I think it really stands out as a as a good choice in the neighborhood especially since there's not very much else being sold in the neighborhood currently Uh My house is the only one on the market uh And I was the only one that's been on the market for for a little while Um The other houses were sold you know a bit longer ago So I think um you know if if you're interested it's definitely time you know to to buy now uh as opposed to later just because you know you've seen these houses in the area have been going uh they have been selling um so you know definitely want to get on that uh if you can Mhm,no sale
535,0,264.199,270.07,Yeah,no sale
535,1,270.07,275.941,Right,no sale
535,0,275.941,281.812,I mean I totally agree and I'm definitely very interested in buying your home I am just doubting the price that you initially stated,no sale
535,1,281.812,287.683,Yes,no sale
535,0,287.683,293.554,Could you please repeat,no sale
535,1,293.554,299.425,so,no sale
535,0,299.425,305.296,your,no sale
535,1,305.296,311.167,I'm,no sale
535,0,311.167,317.038,initial,no sale
535,1,317.038,322.909,"asking 240,000",no sale
535,0,322.909,328.781,"price Okay So my proposal is if we could go with 220,000 I would participate immediately And trust me you'll you'll have a great trouble finding another buyer",no sale
535,1,328.781,334.652,Well,no sale
535,0,334.652,340.523,asking that high price for a house It was Built 70,no sale
535,1,340.523,346.394,Well you know so,no sale
535,0,346.394,352.265,years,no sale
535,1,352.265,358.136,I,no sale
535,0,358.136,364.007,ago,no sale
535,1,364.007,369.878,"can't do 220,000 I think You know it's not really the age of the building that that you know commands the price I think it's it's the complete picture you know um there's buildings all over the country that are you know hundreds of years older and they they're still they're still working just fine so I don't think you know you should really get hung up on on the age of the house Um more of you know what the the style is you know how how it's been how it's been maintained over those years That's really important because you know good maintenance can have a structure last for hundreds of years you know um if it's just like a car even you know if you if you don't maintain it well it's not gonna last very long but if you do maintain it well uh it'll it'll keep running for forever And I think you can see that you know we've we've we've been maintaining it pretty well It's also got a really great location it's right in your restaurants and an easy public transportation It's near the parks Uh It's also got a really nice backyard fully fenced You know if you have pets that be great it's got it's got old trees and you know a lot of places in new developed areas they come in and either they clear cut everything and make the development Or they just cut off all the trees and they plant new ones Well you know you can't you can't get an 80 year old tree um Many places in the backyards of many houses So that's really a TRUE attribute to have",no sale
535,0,369.878,375.749,Yeah,no sale
535,1,375.749,381.62,if you can have old growth um plant and plant growth you know in your residence Uh It really adds to the value in a way that you can't really replicate um with like a quick fix Um I you know I've been thinking about it and um I would I could definitely go uh to 235 1000 Um if you could meet me there there's definitely there's definitely a little wiggle room,no sale
535,0,381.62,387.491,I see I see So it all makes perfect sense to me what you are saying Uh The reason why I'm concerned about the age of the building is because there was a significant technical technological development in the construction materials mean in the meantime so um and I'm coming I'm moving from um neighborhood or a place of the earth that was heavily affected by the earthquake So I'm really I have a terrible fear of earthquakes and I have witnessed that,no sale
535,1,387.491,393.362,Yeah,no sale
535,0,393.362,399.234,breaks are not good Do not do well in earthquakes because they do even more damage than cement or some other material would So and I know that this environment it's also susceptible to earthquakes and hurricanes So for me it's more uh I care a great deal about the construction materials and the technology used rather than the style when it comes to oak trees I agree And I really love seeing and having eight year old oak trees in my garden but you know that leaves me with less space to plant new plants Um And it's part of a having a home that you personalize it and make it comfortable for yourself And also another great concern that I have is that your garage can stand only two cars and we would need,no sale
535,1,399.234,405.105,Uh huh,no sale
535,0,405.105,410.976,a garage for four cars So basically it means that we would have to um enlarge it like widen it Also could you say something about the part of the centennial park Because I've heard it was quite dangerous in the evenings and nights I've heard it um it's a place,no sale
535,1,410.976,416.847,Yeah,no sale
535,0,416.847,422.718,where gangs hang out so I'm that's another concern that I have that it's not that that's safe,no sale
535,1,422.718,428.589,Okay,no sale
535,0,428.589,434.46,neighborhood,no sale
535,1,434.46,440.331,Well yeah I think you know I've I've been here for several years now and really there hasn't been any problem with crime um In in the nearby area I've I've never had any issues and talking to my neighbors Uh We haven't really seen much um Now I don't I don't really go to the park,no sale
535,0,440.331,446.202,Mhm,no sale
535,1,446.202,452.073,late at night Um I don't I don't think many people do uh just because it's on the lit um And so there's not really much you could do there Um But you know if you're concerned about walking around the neighborhood at night maybe walking your dog it's it's completely safe Um The roads are well it it's just the park that's not because no one really goes to the park at night Um But you know you can also look at the town council to possibly put in lighting uh if you're concerned once you've moved here Um And I think you know to your point of like natural disasters and that such I think you know having all of these houses in the area that are old there are older ah and seeing that they've been here for so long I think it's a testament to how safe the area is Um If if there were lots of earthquakes and hurricanes or even uh tornadoes in this area I don't think they'd still be standing here if if the building quality wasn't wasn't superb and I think really you know back then they built things they built things to last Um And you know if you're really I don't think any house even modern day houses can really withstand earthquakes and tornadoes I I've seen you know tornadoes like completely destroyed modern houses Um So if you're worried about that I would I would be hesitant for you to to buy any house um simply simply on that point Um But but I really think this area is very very safe and the house I mean it's it's been standing for a while and it it has a lot longer to go It's got it's got good bones Uh As people often say uh and it looks it looks great you know from from the outside and the inside,no sale
535,0,452.073,457.944,Okay let's let's switch to talking figures because it's in our both best interest to to save as much effort and time,no sale
535,1,457.944,463.815,Of course,no sale
535,0,463.815,469.686,as possible in the process,no sale
535,1,469.686,475.558,Yeah Yeah,no sale
535,0,475.558,481.429,"So uh The I can really appreciate your your offer of 235 but unfortunately I can offer you only as much as 227,000 because that's uh that's the maximum that I can get from a bank at the moment and I can close a deal for the bank loan tomorrow and you would have a cash",no sale
535,1,481.429,487.3,Okay,no sale
535,0,487.3,493.171,in two days,no sale
535,1,493.171,499.042,so,no sale
535,0,499.042,504.913,on your account,no sale
535,1,504.913,510.784,you know I've had it on the market for a little bit Um so you know I'm prepared to wait a little bit longer But could you could you meet me in the middle at 230 with that work for you and and you can have you can have a few extra weeks if you need that I'll,no sale
535,0,510.784,516.655,Yes,no sale
535,1,516.655,522.526,make sure that you have it,no sale
535,0,522.526,528.397,"Oh Okay Yeah we we can make such a deal So 230,000 and uh let's say I would have a 3",no sale
535,1,528.397,534.268,sure,no sale
535,0,534.268,540.139,- four,no sale
535,1,540.139,546.011,Yeah,no sale
535,0,546.011,551.882,weeks,no sale
535,1,551.882,557.753,that works,no sale
535,0,557.753,563.624,to pay you out,no sale
535,1,563.624,569.495,Yeah Yeah,no sale
535,0,569.495,575.366,Okay I'm,no sale
535,1,575.366,581.237,Yes,no sale
535,0,581.237,587.108,glad we reached,no sale
535,1,587.108,592.979,Congratulations,no sale
535,0,592.979,598.85,a deal here,no sale
535,1,598.85,604.721,Uh huh,no sale
535,0,604.721,610.592,That has you to thank you,no sale
535,1,610.592,616.464,Yeah,no sale
535,0,616.464,622.335,Okay Can we,no sale
535,1,622.335,628.206,I,no sale
535,0,628.206,634.077,stop recording,no sale
535,1,634.077,639.948,think we should probably,no sale
535,0,639.948,645.819,do,no sale
535,1,645.819,651.69,keep,no sale
535,0,651.69,657.561,you think,no sale
535,1,657.561,663.432,it going until we return It looks like it looks like we have,no sale
535,0,663.432,669.303,Not,no sale
535,1,669.303,675.174,two,no sale
535,0,675.174,681.045,sure,no sale
535,1,681.045,686.916,minutes left,no sale
535,0,686.916,692.788,Okay,no sale
535,1,692.788,698.659,No,no sale
535,0,698.659,704.53,Yeah I think we're really considered a lot of details and,no sale
535,1,704.53,710.401,Yeah,no sale
535,0,710.401,716.272,through it thoroughly,no sale
535,1,716.272,722.143,Channeling my inner like H G T V House hunter Okay Yeah,no sale
535,0,722.143,728.014,Mm Do you know what it means Split level style,no sale
535,1,728.014,733.885,Yes,no sale
535,0,733.885,739.756,like under,no sale
535,1,739.756,745.627,so,no sale
535,0,745.627,751.498,the description,no sale
535,1,751.498,757.369,it's um it's a,no sale
535,0,757.369,763.241,in,no sale
535,1,763.241,769.112,house,no sale
535,0,769.112,774.983,appendix,no sale
535,1,774.983,780.854,type that instead of having like 14 that's the ground floor and then like 14 that's the second story Uh It's kind of more like it changes a little bit more so um there's there's like different like the one level instead of just being all flat and might have like two or three different levels in its like maybe the entryway is like a little bit above the den or like the living room or the kitchen might be raised a little It just kind of breaks up the space a little bit Uh And it's just a different style Um I think I lived in a split level of in this scenario I live in a split level But in real life I lived in a split level at my last house So Indeed,no sale
535,0,780.854,786.725,Okay God God I I just have never heard,no sale
535,1,786.725,792.596,yeah,no sale
535,0,792.596,798.467,this,no sale
535,1,798.467,804.338,Yeah,no sale
535,0,804.338,810.209,term,no sale
535,1,810.209,816.08,it's it's just another type of house I guess Four plan Mhm,no sale
535,0,816.08,821.951,Okay,no sale
535,1,821.951,827.822,Yeah,no sale
535,0,827.822,833.694,Okay I will be pressing leave the room and messaging,no sale
535,1,833.694,839.565,Okay,no sale
535,0,839.565,845.436,the,no sale
535,1,845.436,851.307,Yeah,no sale
535,0,851.307,857.178,hosts,no sale
535,1,857.178,863.049,I'll leave too,no sale
535,0,863.049,868.92,that were done So,no sale
541,1,0.0,3.148,Hi,sale
541,0,3.148,6.295,Hello,sale
541,1,6.295,9.443,Well hello,sale
541,0,9.443,12.591,Uh huh,sale
541,1,12.591,15.738,Yo,sale
541,0,15.738,18.886,Yes I can hear you,sale
541,1,18.886,22.034,Yeah,sale
541,0,22.034,25.182,Great Um,sale
541,1,25.182,28.329,Yeah,sale
541,0,28.329,31.477,So this is a nice house but it's unfortunately within,sale
541,1,31.477,34.625,Mhm,sale
541,0,34.625,37.772,not within my price range So I was wondering if you'd be willing to maybe lower,sale
541,1,37.772,40.92,Okay,sale
541,0,40.92,44.068,the price,sale
541,1,44.068,47.215,I can't lower the price I can lower the price because the house is a beautiful house is well structured It has all things you need I believe when you eventually for she said um you won't have more to spin when we're moving is very close to the park,sale
541,0,47.215,50.363,Yeah,sale
541,1,50.363,53.511,very closely to the store What's clearly very close to um Well my store so I think you really integrate,sale
541,0,53.511,56.658,Yeah I don't doubt that But there are neighboring homes with very similar characteristics like being near the park and having very similar features Um And some of them are even like have less square footage but are have around the same square footage sorry but,sale
541,1,56.658,59.806,Mhm,sale
541,0,59.806,62.954,"um are actually cheaper Um So I was considering possibly going to um find those houses instead one of those houses instead of this one But I do have a keen interest on this one Um Just because I think it is nicely decorated and such but uh I do think 240,000 a bit too much for our desired",sale
541,1,62.954,66.102,So,sale
541,0,66.102,69.249,price range,sale
541,1,69.249,72.397,how much are you willing to pay,sale
541,0,72.397,75.545,mm Maybe 2 2 30 To 30K,sale
541,1,75.545,78.692,Mhm,sale
541,0,78.692,81.84,I think would be a reasonable price range But again I am willing to talk um and see if there's other prices like what you're willing to except um I do think to 40 is very,sale
541,1,81.84,84.988,Yeah,sale
541,0,84.988,88.135,um it's too much um,sale
541,1,88.135,91.283,Why,sale
541,0,91.283,94.431,for,sale
541,1,94.431,97.578,can't you just,sale
541,0,97.578,100.726,the,sale
541,1,100.726,103.874,make,sale
541,0,103.874,107.022,price,sale
541,1,107.022,110.169,it to 35,sale
541,0,110.169,113.317,"I could probably do 235 but I do think it would be better to do it lower just because again I'm looking at the neighboring houses Since the square footage is 1846 I'm looking at the one that square footage 1875 and it's 2:33,000 So just because the square footage is a bit less um for this house I would want it the pricing range to be a bit less",sale
541,1,113.317,116.465,country,sale
541,0,116.465,119.612,as well,sale
541,1,119.612,122.76,add more to eat,sale
541,0,122.76,125.908,Mm I am pretty comfortable with 2 30 Um ideally I would even want it to to 20 but I I don't know he'd,sale
541,1,125.908,129.055,Mm,sale
541,0,129.055,132.203,be willing to go that low but I I think I'm I'm,sale
541,1,132.203,135.351,I'm,sale
541,0,135.351,138.498,more,sale
541,1,138.498,141.646,willing I'm willing,sale
541,0,141.646,144.794,I,sale
541,1,144.794,147.942,to go,sale
541,0,147.942,151.089,prefer,sale
541,1,151.089,154.237,I'm,sale
541,0,154.237,157.385,to,sale
541,1,157.385,160.532,really allow,sale
541,0,160.532,163.68,Jody,sale
541,1,163.68,166.828,it to go I'm willing to offer it um for you Uh the rate of 200 and solitary Yeah,sale
541,0,166.828,169.975,2 33,sale
541,1,169.975,173.123,Yeah,sale
541,0,173.123,176.271,mm I think I would want to just a bit less just because the square footage is a bit Time is a bit less than that 1875 Um so that's why I'm a bit more hard,sale
541,1,176.271,179.418,Yeah,sale
541,0,179.418,182.566,set on the 230,sale
541,1,182.566,185.714,Yeah Okay I'll give it to you at 2:30 PM Yo,sale
541,0,185.714,188.862,Yes 2 30 Okay I think I'm fine with that Um I'm not sure you'd be,sale
541,1,188.862,192.009,I'm,sale
541,0,192.009,195.157,willing to go any,sale
541,1,195.157,198.305,not,sale
541,0,198.305,201.452,lower,sale
541,1,201.452,204.6,I'm,sale
541,0,204.6,207.748,Right,sale
541,1,207.748,210.895,not going to go lower than that But yeah 2 30,sale
541,0,210.895,214.043,You're not,sale
541,1,214.043,217.191,is,sale
541,0,217.191,220.338,okay,sale
541,1,220.338,223.486,good for me Uh huh,sale
541,0,223.486,226.634,Okay,sale
541,1,226.634,229.782,Good,sale
541,0,229.782,232.929,then,sale
541,1,232.929,236.077,and,sale
541,0,236.077,239.225,I'm fine,sale
541,1,239.225,242.372,I believe,sale
541,0,242.372,245.52,of 2:30,sale
545,1,0.0,8.24,Okay I'm good to go,sale
545,0,8.24,16.48,ready,sale
545,1,16.48,24.72,Mhm,sale
545,0,24.72,32.96,All right Hello seller How are,sale
545,1,32.96,41.2,Bye,sale
545,0,41.2,49.44,you,sale
545,1,49.44,57.68,bye Oh,sale
545,0,57.68,65.92,Hello how are you today,sale
545,1,65.92,74.16,I'm good I'm excited to meet with you,sale
545,0,74.16,82.4,I'm excited to meet with you as well So my family and I have been looking around the area and this is basically our last stop This is the last house that we have seen We've checked the entire area And this is the house that we love the most But,sale
545,1,82.4,90.64,Yeah,sale
545,0,90.64,98.88,there are a few things that I wanted to talk to you about,sale
545,1,98.88,107.12,Sure,sale
545,0,107.12,115.36,"just doing research on the area I did see that a similar house which actually has more square feet Um 1,875 square feet Is selling for $233,000",sale
545,1,115.36,123.6,Mhm,sale
545,0,123.6,131.84,"So the 240,000 is a little bit above what we think would be acceptable for this area given the square footage um is a little bit smaller than that It's about a difference of about 30 square feet with this house that you're asking Um",sale
545,1,131.84,140.08,What,sale
545,0,140.08,148.32,so what is the difference that that you know houses what's the difference between this house and other houses in the area,sale
545,1,148.32,156.56,Right I mean that's a really good question I've always so I've lived here for several years and this house has a lot of history being in centennial Park Um But I've always just felt like the house I've lived in is one of the nicest in the area I totally understand where you're coming from I also saw that there was a house with more square feet priced for a little less than what I'm asking for But I think less reflected in the actual square feet of the space is are all of the amenities happening inside the space that make it so much so much of what it needs to feel like a home at least that's what it's been for me these past um these past several years So inside I don't know if you know this already but I just want to remind you of some of my favorite things at least about it Um There are finished hardwood floors two fireplaces I mean and yes there are four bedrooms but in the master bedroom um it has its own master bathroom so that adds to that 2.5 bathrooms um characteristic but inside the master bedroom itself there's also an entire wall of closets Now I don't actually live in the master bedroom my mom does but she has such a large collection of clothes she's brought over with her um from overseas and it's just it's it's been one of the ways she's able to make a home in this new space um since having come to America uh in the first place and also inside um you know part of part of making it a home like we have this beautiful Eden kitchen and it's already filled with appliances Um You guys are definitely welcome to bring in your own but it's pretty well stocked with what you'll need to cook almost anything you really want to and its newly decorated so that furniture will be staying within this space So I know the price of asking for is high but it comes with so many things inside of it already um that I think adds to the value,sale
545,0,156.56,164.8,"Sure And I see all of these amenities and I think they're great and that's one of the reasons why my family and I really like this house but at the same time um that similar house of 2300 um $233,000 actually have more amenities And My concern is here's my concern And I'm going to say I'm gonna explain to you what my thought processes and then I'll try to talk to you about a price that we feel comfortable with and see if we would be able to negotiate on that",sale
545,1,164.8,173.04,Okay,sale
545,0,173.04,181.28,But because the house was built in 1947 and I do see that the inside amenities were newly decorated but I do see that the house needs a new paint job Um I see that there's chips all over the walls on the outside especially in the crevices So that would um be something that we would have to pay for purchasing the house So it needs a little bit of remodeling And then also,sale
545,1,181.28,189.52,Mhm,sale
545,0,189.52,197.76,"um I see that the floors there's also some chips in the cracks between the floors in the kitchen Um And so we would need to polish the floor and possibly fill in those cracks Also we would have to replace the air conditioning because it is newly decorated on the inside but because it's old and it was built um More than 50 years ago we would have to do that and then also replacing all the lights So based on my calculation here that would total about $5,000 in repairs and just little touch ups which isn't much Um And then on top of that so that would take us down to let's say from From a to 40 that would take us down to 2:35",sale
545,1,197.76,206.0,To live right,sale
545,0,206.0,214.24,And,sale
545,1,214.24,222.48,Right,sale
545,0,222.48,230.72,"then a new floor um inside the kitchen because I do see all of these cracks and crevices so we'd have to basically replace the whole floor and then polish it And uh the lowest quote I could get from a floor [PERSON] was $3,000 to do that So",sale
545,1,230.72,238.96,mm,sale
545,0,238.96,247.2,that,sale
545,1,247.2,255.44,hmm,sale
545,0,255.44,263.68,would then take us down to 2 32,sale
545,1,263.68,271.92,Mhm,sale
545,0,271.92,280.16,"Um And so let's say that I feel comfortable going with A 2 32 um But at the same time here's my here's my worry is that that similar house that we were looking at that $233,000 1 that has 1875 square feet has",sale
545,1,280.16,288.4,Mhm,sale
545,0,288.4,296.64,three fireplaces It has um it has the same bedrooms it has three bathrooms Um and that's where they make up that square feet in that,sale
545,1,296.64,304.88,Yeah,sale
545,0,304.88,313.12,"bathroom Um and it's only $1,000 more So you know I want to buy this house I like this house better I like the location better Um but now you know I would offer my starting price of $225,000",sale
545,1,313.12,321.36,Okay,sale
545,0,321.36,329.6,Right,sale
545,1,329.6,337.84,225 And I you know I'm hearing everything you're saying and it makes a lot of sense You know I've actually had this house listed for about a month and we haven't had really any solid,sale
545,0,337.84,346.08,mm,sale
545,1,346.08,354.32,firm offers,sale
545,0,354.32,362.56,Mhm,sale
545,1,362.56,370.8,So it's really excited um that you guys were so interested in reach out to me in the first place and you know it's been a couple of weeks um so I totally understand how difficult this housing search process can be like Um And,sale
545,0,370.8,379.04,Sure,sale
545,1,379.04,387.28,so I hear especially like the comparisons with the other house listing Um and so while I'm definitely flexible on the 240 um I'm wondering if you would be open if I were to make the price to 30,sale
545,0,387.28,395.52,Okay So,sale
545,1,395.52,403.76,25 is just a little too low for comfort for me to be able to sell it,sale
545,0,403.76,412.0,Sure What about 2:27 Let's go halfway here,sale
545,1,412.0,420.24,Who to 27 Mm Because like you know in making this move I'm also sort of trying to prepare for other housing with my family Well hearing on what you say with the more square feet um three fireplaces and the three bathrooms,sale
545,0,420.24,428.48,Yeah,sale
545,1,428.48,436.72,"Um One thing I also really appreciate Um I'm not quite sure what your family dynamic is like but I mean for us I'm still rather young and then my parents um slightly like of an earlier the whole split level style has been really interesting Um where a family of four And so I really like that dynamic of privacy and that Not all the bathrooms I'm sorry not all the bedrooms are upstairs we have my brother's bedroom is downstairs and then the master bedroom and the other two are upstairs But there's been something about this split level Also still within being a smaller space where it feels like despite the lack of square feet there's enough room in the house for people to really carve out their own spaces And so despite yeah I guess like the differences are more bathrooms and like the three fireplaces of like being more recreational and adding to the atmosphere I think there's there's something special you can find in the corner of this house for everyone and for sure it's a fixer upper I won't deny any of that And I'm really sorry you couldn't find a lower quota for the flooring because that's super important to you know sort of building those like concrete structures and like feelings of stability Um All of this is to say would I be able to push you for a little higher maybe Let's say what was the last thing he said to 27 let's say like 200 85,000",sale
545,0,436.72,444.96,285,sale
545,1,444.96,453.2,Mhm,sale
545,0,453.2,461.44,But you're asking price was 2:40,sale
545,1,461.44,469.68,Oh my God wait hold on let me,sale
545,0,469.68,477.92,Oh,sale
545,1,477.92,486.16,do math when we do math Wait so sorry you said to 27 sorry 200,sale
545,0,486.16,494.4,"yes $287,000",sale
545,1,494.4,502.64,20 Yes Yes Oh my God Okay 228 500 I think that's what I meant to say So Very sorry,sale
545,0,502.64,510.88,"Okay You know what how about how about we just do a flat to 28,000",sale
545,1,510.88,519.12,"2 28,000",sale
545,0,519.12,527.36,"228,000 And honestly",sale
545,1,527.36,535.6,Yeah,sale
545,0,535.6,543.84,"I think that's fair given the other one selling at 233,000 more square feet more amenities less of a fixer upper And that's just a difference of 5000 And I'm willing to take you know a little bit of loss on the cost comparison with that house just because I love this one so much more We my I have two daughters Um And then I have my my parents that are also we're also looking because we like the split level as well because it's me and my husband my two daughters and then my my in laws So my husband's um mother and his father as well We're looking to also house them because they are getting older Um So the split level for us it's just it's perfect because we have the you know in laws on one level we have the kids and then we have us So",sale
545,1,543.84,552.08,Mhm,sale
545,0,552.08,560.32,we really liked that split level style Um But you know 2 to 28 is pushing it but we can do it it's within our budget Um It's just you know going up going up a little bit more it's just a little bit difficult you know we're in tough times right now to um so to 28 is Probably my final offer and I'm hoping that you can bring it down from that 500 so that we can get this deal done,sale
545,1,560.32,568.56,Yeah You know what I'm very comfortable with,sale
545,0,568.56,576.8,Uh,sale
545,1,576.8,585.04,the 2,sale
545,0,585.04,593.28,huh,sale
545,1,593.28,601.52,28 taking,sale
545,0,601.52,609.76,Right,sale
545,1,609.76,618.0,into account sort of all the other expenses your family will be needing at the end of the day,sale
546,1,0.0,5.28,So I guess that could he send us So Hello Yeah,no sale
546,0,5.28,10.559,Hi,no sale
546,1,10.559,15.839,Um Get to negotiate about part of the houses,no sale
546,0,15.839,21.119,Yes,no sale
546,1,21.119,26.398,Do you want to go first I'm not really sure,no sale
546,0,26.398,31.678,Um Sure Yeah Okay so I see That the asking price is 2:40,no sale
546,1,31.678,36.957,Mhm,no sale
546,0,36.957,42.237,Um And I was actually wondering if there would be a way we can lower it just a little bit Um,no sale
546,1,42.237,47.517,Mhm,no sale
546,0,47.517,52.796,My ballpark is generally in that range but I have some things you know I have a lot of student loan debt I'm trying to start a family and with that being said I was hoping we could potentially lower the price of the house,no sale
546,1,52.796,58.076,Yeah,no sale
546,0,58.076,63.356,What would there be another offer that you would be okay with,no sale
546,1,63.356,68.635,Um To me I don't really really really know Um Okay I don't think there will be another half of me It's like um I think it was like a for better or whatever I don't remember,no sale
546,0,68.635,73.915,Um,no sale
546,1,73.915,79.195,I don't know I believe pop up my laptop I,no sale
546,0,79.195,84.474,Yep,no sale
546,1,84.474,89.754,lost him,no sale
546,0,89.754,95.033,It's four bedrooms,no sale
546,1,95.033,100.313,Okay For them Yeah But I don't think it would need to be lower because for me it's like a nice and plus it's got a big master of the room and a large a large standing room It's like basically like a big space,no sale
546,0,100.313,105.593,Okay Um The fact that it's what level style does that have any factor to play into it,no sale
546,1,105.593,110.872,Um I don't know,no sale
546,0,110.872,116.152,Um,no sale
546,1,116.152,121.432,I don't really have a thing to look at so I can like you know,no sale
546,0,121.432,126.711,Mhm,no sale
546,1,126.711,131.991,But all I remember is that it's basically a big species With like like a few sort of four bedroom right,no sale
546,0,131.991,137.271,Mhm,no sale
546,1,137.271,142.55,Like a four bedroom I mean it seems like it's like a nice place to stay in like a big house if you want to have a big family and stuff,no sale
546,0,142.55,147.83,Yeah I did notice,no sale
546,1,147.83,153.109,Thank,no sale
546,0,153.109,158.389,that,no sale
546,1,158.389,163.669,you,no sale
546,0,163.669,168.948,there is a detached garage I know um,no sale
546,1,168.948,174.228,Yeah,no sale
546,0,174.228,179.508,In my situation I was looking for a house where the garage is directly attached,no sale
546,1,179.508,184.787,Yeah,no sale
546,0,184.787,190.067,Um So,no sale
546,1,190.067,195.347,I,no sale
546,0,195.347,200.626,that's,no sale
546,1,200.626,205.906,mean,no sale
546,0,205.906,211.185,kind of like I'm a little leery about it,no sale
546,1,211.185,216.465,yeah it's like it's like a reasonable like house to buy like if someone wants a garage to put her car in inside to put it like you know like and like on the road or something,no sale
546,0,216.465,221.745,Yeah I just figured it would be more convenient for the garage to be attached So when I have Children they'll have a place to play and I,no sale
546,1,221.745,227.024,Yeah,no sale
546,0,227.024,232.304,won't have to worry about them you know staring off or not knowing where they are,no sale
546,1,232.304,237.584,Yeah Sorry um What,no sale
546,0,237.584,242.863,That's,no sale
546,1,242.863,248.143,are you,no sale
546,0,248.143,253.423,okay,no sale
546,1,253.423,258.702,saying Um,no sale
546,0,258.702,263.982,Yeah,no sale
546,1,263.982,269.261,Yeah I think it'll be a reasonable house because the price is good and plus if you went plus if you have cars and like you have a lot of like a big family and stuff,no sale
546,0,269.261,274.541,absolutely,no sale
546,1,274.541,279.821,and don't Yeah it's kind of like a like a mansion kind of,no sale
546,0,279.821,285.1,you're not wrong,no sale
546,1,285.1,290.38,Yeah,no sale
546,0,290.38,295.66,Uh huh The house does seem a little older though since it was made in 1947,no sale
546,1,295.66,300.939,Yeah I mean it's still price all,no sale
546,0,300.939,306.219,so because it is an older house and the garage isn't attached there would be no way to lower the price of of what you're offering,no sale
546,1,306.219,311.499,Yeah Mhm Yes,no sale
546,0,311.499,316.778,Mhm,no sale
546,1,316.778,322.058,Yeah Yeah exactly In night did it say anything about a backyard,no sale
546,0,322.058,327.337,Uh huh,no sale
546,1,327.337,332.617,Okay so basically yeah if someone has like kids like that and they have a big backyard with a pool or playground set Okay,no sale
546,0,332.617,337.897,That is TRUE,no sale
546,1,337.897,343.176,that is always good to her too I've,no sale
546,0,343.176,348.456,mm,no sale
546,1,348.456,353.736,also like more well more or less the same,no sale
546,0,353.736,359.015,Yeah,no sale
546,1,359.015,364.295,It is I just lost the thing I don't know But yeah,no sale
546,0,364.295,369.575,Okay,no sale
546,1,369.575,374.854,I think it would be a reasonable house for like someone a pie But you know it's my point of view It takes like months in like months of them buy a house that they really want a house because like it depends on their budget and almost they want to spend,no sale
546,0,374.854,380.134,that is TRUE,no sale
546,1,380.134,385.413,It's like yeah it's kind of like hard you know,no sale
546,0,385.413,390.693,Yeah so I did see The last time someone bought the house they bought it for 2:39,no sale
546,1,390.693,395.973,Yeah,no sale
546,0,395.973,401.252,Um Yeah yeah and the square feet is actually smaller now than it was then So the square feet was um 1920 and now it's 1846,no sale
546,1,401.252,406.532,Yeah Well it's kind of like smaller but Yeah Well I mean yeah I mean it's kind of about responsibly probably a little bigger They probably wanted to arrange you,no sale
546,0,406.532,411.812,mm Well given that the square the square feet is smaller um,no sale
546,1,411.812,417.091,Yeah,no sale
546,0,417.091,422.371,that would seem like a reason to maybe bump down the price just a little bit because in this case,no sale
546,1,422.371,427.651,Mhm,no sale
546,0,427.651,432.93,you would be overcharging since the person paid just a little bit lower for more square footage,no sale
546,1,432.93,438.21,Yeah and it's like easy early there's like two fireplaces in the house and like they says in it there's like um run restaurants and transportation from walking is um walking distance,no sale
546,0,438.21,443.489,Mhm,no sale
546,1,443.489,448.769,So that's always good because people do like that People like to be closed by two things like you know restaurants stores and so that,no sale
546,0,448.769,454.049,It is TRUE,no sale
546,1,454.049,459.328,and like newly decorating like you know like new stuff like new floor and the walls That's always good to do for people,no sale
546,0,459.328,464.608,"Absolutely Yeah I was hoping to use the original space um The 1220 square feet to build an in law apartment but now because it's 1,846 sq ft I don't know if I'd be able to do that now",no sale
546,1,464.608,469.888,Yeah,no sale
546,0,469.888,475.167,so maybe if we did agree to lower the price a little bit I can you know use that extra money to actually build that in law apartment um,no sale
546,1,475.167,480.447,Um,no sale
546,0,480.447,485.727,for my mom so she can move in with me so I can take care of her,no sale
546,1,485.727,491.006,Yeah usually when the prices down it's always better and cheaper for the person because it depends on what our budget they need for in our budget,no sale
546,0,491.006,496.286,Mhm,no sale
546,1,496.286,501.565,I created with the same thing though because it's like that probably you're like all those prices too high,no sale
546,0,501.565,506.845,Yeah Not by much,no sale
546,1,506.845,512.125,Oh,no sale
546,0,512.125,517.404,it's a little over my budget,no sale
546,1,517.404,522.684,yeah I mean some people don't like small places like it's too small I can't move around or like you have too much stuff,no sale
546,0,522.684,527.964,No Absolutely yeah I was just hoping to find something with a little more square feet Um,no sale
546,1,527.964,533.243,Yeah,no sale
546,0,533.243,538.523,I mean this house is perfect it's everything that I want it's just a little smaller than I was expecting Um,no sale
546,1,538.523,543.803,I mean,no sale
546,0,543.803,549.082,And I really want to build that in law apartment so,no sale
546,1,549.082,554.362,four Grand Room four bedrooms in the law But like you need like a big family for that like you know,no sale
546,0,554.362,559.641,Yeah Yeah definitely And I have I have a lot of family out of state so I would be using those extra bedrooms to house them when they come and visit,no sale
546,1,559.641,564.921,Yeah,no sale
546,0,564.921,570.201,Um So the bedrooms,no sale
546,1,570.201,575.48,Cool,no sale
546,0,575.48,580.76,will definitely be used,no sale
546,1,580.76,586.04,Mhm,no sale
546,0,586.04,591.319,It's not like I wouldn't be utilizing any,no sale
546,1,591.319,596.599,Just,no sale
546,0,596.599,601.879,of those,no sale
546,1,601.879,607.158,usually like as a guest room or something,no sale
546,0,607.158,612.438,Mhm,no sale
546,1,612.438,617.717,it's always a guest room and then like it says a large eat in kitchen That's always good because large and gets you when you have a big family coming over Mm,no sale
546,0,617.717,622.997,Absolutely,no sale
546,1,622.997,628.277,they got a beautiful lenses keeping That's always good,no sale
546,0,628.277,633.556,Mhm,no sale
546,1,633.556,638.836,You know So you relax and you know,no sale
546,0,638.836,644.116,Absolutely,no sale
546,1,644.116,649.395,fenced backyard Always good to and plus when you have like dogs they always like to roam around,no sale
546,0,649.395,654.675,Yeah,no sale
546,1,654.675,659.955,There's like a I statistic different listening on the bottom,no sale
546,0,659.955,665.234,and I would definitely be interested in getting um a bigger vehicle for,no sale
546,1,665.234,670.514,Oh yeah,no sale
546,0,670.514,675.793,you know my kids and my extended family So,no sale
546,1,675.793,681.073,Yeah,no sale
546,0,681.073,686.353,if we did bump down the price a little bit I can use that towards getting you know a new suv or a new car for everybody,no sale
546,1,686.353,691.632,Yeah Yeah Always good to have a break of car must really have a family like that because then you don't have to worry about it,no sale
546,0,691.632,696.912,So putting into the factors of you know it's the square feet isn't as big as I was expecting and,no sale
546,1,696.912,702.192,Mhm,no sale
546,0,702.192,707.471,you know I could use the other funds to build an in law apartment or get a new car I mean would there be any wiggle room to move to lower the price Just a little bit,no sale
546,1,707.471,712.751,Yeah I mean to me I think well one thing I went right to have issues with is like why is there going to have two fireplaces,no sale
546,0,712.751,718.031,Yeah,no sale
546,1,718.031,723.31,Doesn't look really two fireplaces Is there like one in the master bedroom,no sale
546,0,723.31,728.59,or in the basement or I'm not sure,no sale
546,1,728.59,733.869,Yeah I mean one fire place is good enough for like a living room and stuff but,no sale
546,0,733.869,739.149,Yeah,no sale
546,1,739.149,744.429,no no I just don't look right,no sale
546,0,744.429,749.708,Maybe one of them isn't working,no sale
546,1,749.708,754.988,Yeah,no sale
546,0,754.988,760.268,it's just there for decoration,no sale
546,1,760.268,765.547,Yeah Yeah And to 2.5 bathrooms so I'm guessing there's a bathroom probably downstairs and it's probably,no sale
546,0,765.547,770.827,Yeah,no sale
546,1,770.827,776.107,one bathroom,no sale
546,0,776.107,781.386,Yeah So seeing as it sold for 2 39 with more square feet knowing that there's,no sale
546,1,781.386,786.666,Mhm,no sale
546,0,786.666,791.945,less square feet it would probably be logical to sell it for a little lower than even to 39 knowing that there's,no sale
546,1,791.945,797.225,Mhm,no sale
546,0,797.225,802.505,less square feet available,no sale
546,1,802.505,807.784,Oh yeah,no sale
546,0,807.784,813.064,So what,no sale
546,1,813.064,818.344,Yeah,no sale
546,0,818.344,823.623,other offers would you like to bring to the table,no sale
546,1,823.623,828.903,Um I'd rather keep the price lower,no sale
546,0,828.903,834.183,Lower than 2 40,no sale
546,1,834.183,839.462,Yeah because if you keep the first lower somebody will buy it Probably,no sale
546,0,839.462,844.742,Yeah So what what would you be willing to offer for a price,no sale
546,1,844.742,850.021,"mm I don't really know Um Probably like 21,300",no sale
546,0,850.021,855.301,"200,000",no sale
546,1,855.301,860.581,Yeah,no sale
546,0,860.581,865.86,Okay How about 2 20,no sale
546,1,865.86,871.14,Yeah I go go do that too,no sale
548,0,0.0,9.891,Uh huh,no sale
548,1,9.891,19.782,Hi how are you doing today,no sale
548,0,19.782,29.673,I'm doing well how,no sale
548,1,29.673,39.564,I'm,no sale
548,0,39.564,49.455,are you,no sale
548,1,49.455,59.346,good Could you remind me of your name,no sale
548,0,59.346,69.237,Um I don't think we're giving you,no sale
548,1,69.237,79.128,Oh Oh the fake never mind a fake name for me to refer to you by I suppose,no sale
548,0,79.128,89.019,um Murphy,no sale
548,1,89.019,98.91,Norby You said Murray,no sale
548,0,98.91,108.801,Murray,no sale
548,1,108.801,118.692,Nice to meet you Murray I'm I'm Morrison,no sale
548,0,118.692,128.582,hardware,no sale
548,1,128.582,138.473,Yeah,no sale
548,0,138.473,148.364,store,no sale
548,1,148.364,158.255,How how have you been enjoying your time in the area How any fun plans for the weekend,no sale
548,0,158.255,168.146,Um You know just uh Scouting around Centerville looking at like restaurants getting a little bit more familiar with the area I'm trying to imagine what it might look like to live here,no sale
548,1,168.146,178.037,That's awesome Marie I'm I'm so glad to have you been liking the area I mean the restaurants and stuff What's your favorite place to go,no sale
548,0,178.037,187.928,Um I actually have not eaten anywhere yet Where would you recommend,no sale
548,1,187.928,197.819,You know there's this great Indian place called Chula not too far from here It's like 10 minutes from the house Um I highly encourage they have like this amazing premier and I don't know I honestly like I can't handle spicy foods but like that It's worth it It's worth,no sale
548,0,197.819,207.71,Uh,no sale
548,1,207.71,217.601,it,no sale
548,0,217.601,227.492,huh,no sale
548,1,227.492,237.383,Are you moving your,no sale
548,0,237.383,247.274,Crew,no sale
548,1,247.274,257.165,family,no sale
548,0,257.165,267.056,Cool Cool definitely,no sale
548,1,267.056,276.947,Oh,no sale
548,0,276.947,286.838,point,no sale
548,1,286.838,296.729,I'm,no sale
548,0,296.729,306.62,the,no sale
548,1,306.62,316.511,sorry,no sale
548,0,316.511,326.402,list I said definitely will put on the list of things to,no sale
548,1,326.402,336.293,Yes,no sale
548,0,336.293,346.184,try,no sale
548,1,346.184,356.075,yes Um are you moving here with family You can bring them there too,no sale
548,0,356.075,365.965,Um So I have a couple of different um ideas of of what I might do with the property not sure if I want to live here part time Um Or maybe uh flip ville apartment Um And uh maybe rent it out Um Because I have previous experience with turning beautiful locations like these into affordable housing units,no sale
548,1,365.965,375.856,Okay,no sale
548,0,375.856,385.747,And so I thought maybe something cool to try to do in this area,no sale
548,1,385.747,395.638,Yeah I'm you know that's really exciting I think that would be a great way to beautify the area um as you know I um I'm looking to sell um what what kind of range are you looking for in terms of purchasing this house You can you know tell me a little bit about what you're thinking and what you want,no sale
548,0,395.638,405.529,Um So I mentioned about uh potentially making a rental unit especially because it has so much space um And uh it's a split level style which,no sale
548,1,405.529,415.42,Yeah,no sale
548,0,415.42,425.311,"I think uh lends itself to easily being um separate spaces with all the bedrooms and the bathrooms Um And it's really like has a lot of character Um I feel like for something that wasn't built all that long ago Um And yeah so I think I think the price that you have here is somewhat reasonable um But also and looking at other um prices and other homes in the area um that are similar Um It is a little bit on the high end and I was wondering if you would consider um maybe settling for something a little bit lower closer to about 230,000",no sale
548,1,425.311,435.202,"Oh I totally understand You know I'm going to be completely honest with you I've raised a family in this home and um you know I I I purchased it for a pretty high price and I think you know I've had discussions with my friends were real estate investors Um so I have set an asking price of 240,000 just because you know I'm planning on moving to a smaller a smaller place just because you know I'm not really in need um since my kids have gone off to college of this massive this massive house but",no sale
548,0,435.202,445.093,Um,no sale
548,1,445.093,454.984,"I will say that you know this this is one of the nicest houses in the centennial park area And I personally think that it's favorably priced in comparison to comparable homes in Centerville because um as you probably know it's been several months since the last house was sold in this area so therefore like the asking price on a per square foot basis is going to be hired just because of the fact that you know this is a very desirable area to live I'm sure that people who are looking to you know When you're renting out the home people are going to want to stay here There are not a lot of places in centennial park to rent home So um I'm really hoping to get that 240,000 I don't know Um if if that might be something you could agree to What are your thoughts",no sale
548,0,454.984,464.875,"um Like I mentioned earlier uh Well actually thank you for sharing all that with me I really appreciate that Um I'm thinking about turning these into affordable housing units because um the as much as this area is totally like beautiful um It's also like becoming less accessible and I would love for low income families um to have access to space like this And so I'm working in a little bit of a budget um because I went to keep the price the location like like actually affordable for potential families that I want to rent it out to Um And um any like higher upstart costs for me would be like higher costs to future tenant which I wouldn't want to do Um And I think a middling price of 230,000 does not anyway The track from the value of the self like I said it has a lot of character it's immensely beautiful the area is beautiful um and I would really love to see a lot more diversity um in the in the families that are living here Um So that's just kind of where I'm coming from Um and and and asking for 230,000",no sale
548,1,464.875,474.766,"Yeah Thank you Thank you for sharing that with me And like I think it is so such a beautiful idea to want to you know enable people who are lower income to move into this area Um It's a really nice area I think that's going to be hard but you know I love I love all of our neighbors and I think that anyone would really be able to enjoy this space Um As you probably know it's it's really a gorgeous home Um I I honestly I'm not gonna be able to do 230,000 I'm sorry Um I'm really hoping to get the 240,000 Um I think you know I mean I'm sure you know this um I think this information is available to you but you know the inside everything is newly decorated um 1846 sq ft of space Um four bedrooms I think it's a really gorgeous place You can rent it out to multiple people Um and get a lot of money for that I'm sure And there's so many restaurants and transportation that's within walking distance Um It's a really gorgeous place one of the nicest and centennial park I would say my lowest that I could do I really was Are you are you sure you couldn't do for you 240,000",no sale
548,0,474.766,484.657,Yeah I'm sorry like I said like I um I really want to turn this into affordable housing and um I know you like I like your certainly 100 correct I could rent this out It's a premium location beautiful building um in a beautiful area and get a lot of money of it but money isn't really about driving factor here Um I'm really passionate about affordable housing and I think like people regardless of income should be able to live and comfortable and safe and beautiful areas Um And so because of that I am operating on on a very um Like little budget um are not very little budget but things are a little bit tight Um and anything above 230 um isn't uh really all of that possible But is there if you were to lower the price some level what would be um reasonable for me And,no sale
548,1,484.657,494.548,I'm really I'm so so I like really was not expecting to offer anything lower than 240 on Yeah You know if I really Sorry,no sale
548,0,494.548,504.439,how does Fine No sorry could continue,no sale
548,1,504.439,514.33,No I'm just I'm not I like I don't know I I really like I have a family Like it's we need we need the money You,no sale
548,0,514.33,524.221,Mm,no sale
548,1,524.221,534.112,know I,no sale
548,0,534.112,544.003,hmm,no sale
548,1,544.003,553.894,said I'm moving to a smaller place but also like this is a really beautiful area and you clearly see that um I could do like I don't even know like maybe I could do 237 Yeah I can do 237 Yeah,no sale
548,0,553.894,563.785,How does 2 34 sounds,no sale
548,1,563.785,573.676,Um I don't I don't think I could do that Uh Yeah I can't do that I'm sorry,no sale
548,0,573.676,583.567,No I'd really hate to walk away without some sort of agreement Um because I think both of us have like a an affinity for the space and um definitely want to see it going into um it's a good hand right And everyone to uh like definitely find um and definitely find a new owner who um well chairs to place as much as you will And I can promise you that um I will definitely keep up keep up the space as much as you and your family have endured it for your time here Um And I'd be willing to do to 35 because my max I'm so sorry,no sale
548,1,583.567,593.458,Mm hmm If you I I really appreciate what you want 10ants who really care about cherishing this property And I want to just you know we'll add something to the centennial park area I think that if you if you were to if you decide you know if you're not renting and you decide that you want to sell this house to a family Um if you sell it to a family with kids I could do to 35 Would that be something that you might be able to do,no sale
548,0,593.458,603.348,so you'd rather um I I'm not keep it are transforming into um an affordable housing units but um purchase it and then resell it,no sale
548,1,603.348,613.239,You,no sale
548,0,613.239,623.13,to,no sale
548,1,623.13,633.021,know if you,no sale
548,0,633.021,642.912,um,no sale
548,1,642.912,652.803,sorry if if you if you choose to um if you choose to allow people to rent it that's totally fine because I think you know it's great to have new people in the city but if you,no sale
548,0,652.803,662.694,Mhm,no sale
548,1,662.694,672.585,choose to um if you choose to sell the house to a family to choose someone instead of just renting it out if you can sell it sell it to a family with kids that would be great If you could just promise me that,no sale
548,0,672.585,682.476,Oh definitely Um when when I am ready to sell it um I can definitely intentionally make sure that uh it goes to a family with,no sale
548,1,682.476,692.367,Okay,no sale
548,0,692.367,702.258,kids,no sale
548,1,702.258,712.149,"so do we have an agreement then The $235,000",no sale
548,0,712.149,722.04,I think we're there,no sale
550,0,0.0,5.751,I'm I'm really interested in in your house it looks really lovely,sale
550,1,5.751,11.502,that's good to you,sale
550,0,11.502,17.253,Yeah,sale
550,1,17.253,23.004,So what do you like about the house,sale
550,0,23.004,28.755,You know I think it's in a it's in a great location I like that it's got a good um backyard it's it's the right um it's the right size for what I'm looking for Um Yeah and so I've been doing some research on on similar,sale
550,1,28.755,34.505,Of course here,sale
550,0,34.505,40.256,similar homes in the area,sale
550,1,40.256,46.007,Uh huh,sale
550,0,46.007,51.758,"Um and I am willing to pay 20 Uh 22 why can't I say words $220,000",sale
550,1,51.758,57.509,Yeah,sale
550,0,57.509,63.26,for it,sale
550,1,63.26,69.011,I mean as funny as that,sale
550,0,69.011,74.762,Mhm,sale
550,1,74.762,80.513,is I can't like that's way too low you know I was looking at the high 240s,sale
550,0,80.513,86.264,Mhm,sale
550,1,86.264,92.015,for this house I mean you got to do better than 220,sale
550,0,92.015,97.765,mm Yeah I guess I'm curious what is having you price that that point so,sale
550,1,97.765,103.516,Okay,sale
550,0,103.516,109.267,high I'm looking at another property that's a little bit larger and it's in the low to thirties so I'm curious what you feel makes it worth a to 40 80,sale
550,1,109.267,115.018,well it's had a new refurb recently Um It's got good central heating is close to schools close to all amenities which you will need,sale
550,0,115.018,120.769,Mhm,sale
550,1,120.769,126.52,Um So it's to a very high standard It's got an amazing backyard,sale
550,0,126.52,132.271,Mhm,sale
550,1,132.271,138.022,um and front yard obviously as well Um So I mean I couldn't move on the price a little bit but You need to come up from your to 20 as well,sale
550,0,138.022,143.773,I see,sale
550,1,143.773,149.524,Yeah,sale
550,0,149.524,155.275,Yeah No I I definitely appreciate the renovations that have been done I just I'm also working with the budget here myself this is my first investment and it's taken me a lot of work to get to this point So to 40 is going to be a little too high for me Um and I want to make sure that I'm considering my other options in the area Uh so I'd I'd definitely be able to come up to um probably I could I could do to 25,sale
550,1,155.275,161.025,Yeah that's only five K You know uh I've put so much work and effort into this house my own blood sweat and tears you know doing up this property to to the stand that it has at the moment I mean I'd be happy to maybe come down to like two 235 possibly you know um if that's something that you might consider,sale
550,0,161.025,166.776,I think 235 is going to going to still be a little bit too high for me Um I was really you know stretching it My my top,sale
550,1,166.776,172.527,Well,sale
550,0,172.527,178.278,end was going to be around 2:30 PM,sale
550,1,178.278,184.029,no I was really looking at 235 but it sounds like you are sort of ready to buy Um So I could I could let it go for 2:30 if we could shake on that and walk away Both both of us sort of happy,sale
550,0,184.029,189.78,Yeah 2:30 I'm ready to put down that deposit today,sale
556,0,0.0,8.246,Okay Okay I'm recording as well Okay,no sale
556,1,8.246,16.492,Oh,no sale
556,0,16.492,24.739,Um I I'm interested in this house,no sale
556,1,24.739,32.985,yeah Good to hear,no sale
556,0,32.985,41.231,"Um Yeah What I yeah I think I would be willing to offer um 20 220,000 for the home",no sale
556,1,41.231,49.477,"Um so I'm looking To sell like as you can see like my asking price is 240,000",no sale
556,0,49.477,57.724,right,no sale
556,1,57.724,65.97,"Um and that is larger than like the selling prices of similar houses with like similar square footage But um those were sold several months ago So I don't think those prices are like completely and um completely accurate So I was like thinking maybe I'd be willing to sell 235,000 Are you willing to go up a little bit more",no sale
556,0,65.97,74.216,Um,no sale
556,1,74.216,82.463,but you can be in the middle,no sale
556,0,82.463,90.709,Yeah maybe we can meet in the middle I think I think even if the I think even if the homes are sold like a few months ago the housing market hasn't changed that much um in the houses of R R S Similar square footage And I think yeah I would be Willing to pay 200 30 1000 for the home,no sale
556,1,90.709,98.955,Would you be willing to be like 230 2000,no sale
556,0,98.955,107.201,Um No,no sale
556,1,107.201,115.447,So 230 and your max,no sale
556,0,115.447,123.694,Yes Yeah,no sale
556,1,123.694,131.94,Okay That works for me,no sale
557,0,0.0,7.184,"um Okay So I guess I'll start since I'm the buyer after looking at the prices of the neighboring homes I just don't think that I'm willing to purchase for the asking price So Just like 220,000 sound Okay Since that's kind of between the two homes that are in but have the most similar square footage",no sale
557,1,7.184,14.367,mm,no sale
557,0,14.367,21.551,Okay,no sale
557,1,21.551,28.735,"I think I think I don't like to ask for a little bit more Does 230,000 Uh sound all right",no sale
557,0,28.735,35.918,Um,no sale
557,1,35.918,43.102,You have to keep in mind that though these houses are in the same neighborhood and have similar characteristics um you're really getting more value with this housing,no sale
557,0,43.102,50.285,Yeah Mhm,no sale
557,1,50.285,57.469,Listen this is my house I'm not uh,no sale
557,0,57.469,64.653,Yeah,no sale
557,1,64.653,71.836,mm last,no sale
557,0,71.836,79.02,"I think I think I can do 230,000",no sale
570,1,0.0,8.617,when did that happen with you or,sale
570,0,8.617,17.233,um so I I just hit record just to make sure it was working and it looks like it is Um,sale
570,1,17.233,25.85,Okay,sale
570,0,25.85,34.466,I'll hit pause,sale
570,1,34.466,43.083,uh,sale
570,0,43.083,51.7,for a second but Okay yeah I just started my recording as well,sale
570,1,51.7,60.316,yep it's in here,sale
570,0,60.316,68.933,Okay so I guess I am the buyer So I will,sale
570,1,68.933,77.549,Yeah,sale
570,0,77.549,86.166,start off Um,sale
570,1,86.166,94.782,Okay,sale
570,0,94.782,103.399,Yeah so you know listen really like the house Um It kind of checks all the boxes for me I'll be kind of pretty straightforward here You know I really like to take an analytical approach to buying houses So you know I know if we both have those uh those camps um for those three of the houses which as far as I can tell her about pretty pretty comparable Um you know obviously square footage wise you know one below one above the condition of the house on and so forth You know those three other houses each have sold At a price of $124 per square foot Um,sale
570,1,103.399,112.016,Okay,sale
570,0,112.016,120.632,you know so so looking at looking at your house you know I'd be really comfortable You know you take it just straight up on price per square foot it comes out just about um you know to 29 um you know even for uh you know what the house is worth for for price per square foot So you could be uh I'd be really comfortable and you know making an offer at that point Uh You know I know listen I I appreciate right you're not You're you're not using a real estate agent right So you're saving yourself the five or 6 I guess depending on what markets you're in the um you know saving that five for you helps you it helps me right I can Save a little bit of money You can certainly save some money on your end but not having to pay that real safety So I'd like to stick to uh to that to 29 offer,sale
570,1,120.632,129.249,Yeah I mean we said sounds uh sounds pretty reasonable but uh you know the reason why I placed my house uh for square footage a little bit higher I think it was around around I think $130 per square footage like that if I'm not mistaken Yeah Under 30 Uh Because I think my house is a little bit better than these other houses You know we just finished nearly decorating it Um And so you know it's kind of like I need to cover,sale
570,0,129.249,137.865,Yeah,sale
570,1,137.865,146.482,that cost as well But also,sale
570,0,146.482,155.099,Oh,sale
570,1,155.099,163.715,you know we got,sale
570,0,163.715,172.332,oh,sale
570,1,172.332,180.948,"lots of we got a rec room and it's pretty cool we can like boss sports or play video games and the uh we got the cash garage for 2.5 cars Ah You know it's near Hastings and centennial Park You know you want to these other houses weren't as close I guess I'm not sure but you know firehouses really closely and if you want that fresh air it's pretty easy to go outside And so I'm not going to ask for a super super high price of course but I'm wondering if you can do a little bit higher than what you gave me into Around like More than 35,000 there's some reasonable",sale
570,0,180.948,189.565,you know listen I I definitely appreciate um you know the emotional attachments you know I I definitely recognize some of those you know those improvements that that you had made Um And you know listen I I I,sale
570,1,189.565,198.181,okay,sale
570,0,198.181,206.798,really would like to and prefer to stick,sale
570,1,206.798,215.415,Mhm,sale
570,0,215.415,224.031,to to my price there I mean I'm certainly willing to come up Uh you know but we make it a nice a nice even to 30 Um And uh that's that's where I look where I'd like to be,sale
570,1,224.031,232.648,So you say you you go to 2:30,sale
570,0,232.648,241.264,Yes,sale
570,1,241.264,249.881,mm what would there be anything that would change that or is that like a hard like limit or what are you looking for in a house I guess Yeah,sale
570,0,249.881,258.498,Yes I mean so you know so for me it's uh you know I know that the housing market has has risen substantially over these last couple of years I mean frankly you know one of one of my slight worries is you know am I buying at the top of the market Um,sale
570,1,258.498,267.114,Right,sale
570,0,267.114,275.731,you know you know should things you know even out or you know God forbid for me should they you know kind of pull back a little bit of over the near future Uh you know for me this is this is a house that um you know I'm looking to rent out for a little while you know might I be able to to to flip it and sell it and you're another five,sale
570,1,275.731,284.347,Right,sale
570,0,284.347,292.964,years or so Um So you know that's that's something that you know this is not my home to personally live in so I'm looking at this really more from an investment property standpoint Um,sale
570,1,292.964,301.58,right,sale
570,0,301.58,310.197,So I just want to make sure that I'm that I'm covered you know obviously be paying fair market value today but then also covering myself on the back end as well,sale
570,1,310.197,318.814,right I mean you and everything you said is fair and appreciate it Uh because you know also for me uh I didn't buy this house you know back then obviously housing because the reason but it was still obviously house is not uh it's not a cheap thing to buy any time point any point So you know for me I also want to be able to get,sale
570,0,318.814,327.43,Yeah,sale
570,1,327.43,336.047,back some money that yeah hopefully as much money as I can you know compared to how much I bought with it And I'm just thinking you know I think this house is really great and compared to these other houses you know which may have been sold for cheaper per square footage And I think it's because they quite frankly we're not as great as my house Um Just in terms of inside and outside amenities and you know I appreciate you You know your candidate saying you want to 35 is too much for you Um to lower it Um 3000 more houses to 32 Sound,sale
570,0,336.047,344.663,Uh You know I can you know I I I definitely appreciate you coming down a little bit Um you know can we split the difference there I mean if I'm if I'm if I'm a to 30 year to 32 do you want to split the difference there and do 2 31,sale
570,1,344.663,353.28,everyone sounds like a journey,sale
571,0,0.0,14.836,um I'm just a bit concerned for the asking price It seems a lot it seems higher compared to some of the neighboring homes that are very similar characteristics Um And about the same size Um Would you be willing to negotiate the price of it,sale
571,1,14.836,29.671,sure Um So what how much are you asking Uh Thinking of,sale
571,0,29.671,44.507,"I was like Uh 233,000",sale
571,1,44.507,59.343,230,sale
571,0,59.343,74.178,Um,sale
571,1,74.178,89.014,3000 Did I get that right,sale
571,0,89.014,103.85,um Yes Yeah,sale
571,1,103.85,118.685,2 33,sale
571,0,118.685,133.521,Well yeah,sale
571,1,133.521,148.357,Okay Um Yeah I guess ah we can kind of work around that Um Okay I mean to be honest if it's 2 33 Yeah I think uh there's really not much of a reason for me to say no to that but I hope that you understand how this is all newly decorated right Um The other houses that you're seeing like especially in the neighboring areas they have their like priced at a lower square footage uh for a reason And I think that's mainly because like you also have to consider the maintenance costs for like re furniture costs right Um Whereas like this house we nearly decorated the place meaning that you actually don't have to spend anything on your own Um It's all embedded in the price Uh So I think that's a consideration that you actually should be thinking of Um Yeah so I was thinking we can like maybe meet in the middle um Because I was actually thinking of 2:40 So yeah I mean if there's a little bit more wiggle room than that would be great,sale
571,0,148.357,163.192,Yeah just because I'm I'm thinking of also adding some stuff to the home Um I mean what you have this beautiful um all the newly decorations but also for um for myself and um for my family we also want to add some stuff Um Which is which is why I'm asking for you would consider I I think just like looking at our own like renovation prices it should come to about like Like 10 grand So I think That's why I'm asking like 233 seems a little bit I think I feel is reasonable Um Also I guess because there are the house that I'm like looking at um of the neighborhood homes they still have a large like it's close but it's the largest square feet compared um to to your scare to your house is um square feet Um and there is a bit higher than 2:33,sale
571,1,163.192,178.028,Right Um So if if you don't mind me asking like what like how is your how big is your family like um you just mentioned that the other houses that you're looking at are kind of uh bigger in terms of size Right So would this listing me more of your interests or would you be more interested in the larger house,sale
571,0,178.028,192.863,Well the it's their sizes are slightly larger and their prices are hired um Which is what I mean But the number of rooms with this house works well,sale
571,1,192.863,207.699,Right,sale
571,0,207.699,222.535,Um It's just we also have our own renovations and other um parts We would need What we could also perhaps negotiate on um the inspections that have to be done on the housing Because sometimes um I know some sellers require some some buyers will require this inspection to be done and I'm willing to waive that portion Um,sale
571,1,222.535,237.37,Yeah I mean for the inspection part because uh when we were nearly decorating stuff we actually did a little bit of an inspection of our home So I don't think there will be much trouble um coming from that end which means that that's really not much of a worry from our end Um I guess my only concern is that I'm pretty sure you will be aware but uh the renovation like the new decoration or renovation price that we actually put in is like um you know embedded in the price And I just want to make sure that that is also appreciated uh in terms of the price that we actually vote for So I don't expect you to to like pay a full amount of the 240 Um given that you actually have to do some like you're thinking of doing a little bit of renovation yourself Um So when I say like meet in the middle um I guess like the exact middle that be uh and Around two,sale
571,0,237.37,252.206,Yeah,sale
571,1,252.206,267.042,I guess to 70K Right Um But I think that's kind of a stretch for us like to meet in the middle Uh Not to 70 sorry not to 70,sale
571,0,267.042,281.877,Yeah,sale
571,1,281.877,296.713,K 2 to 37,sale
571,0,296.713,311.549,Yeah,sale
571,1,311.549,326.384,K in the middle Um Yeah so I was thinking maybe like uh considering your cost and also the cost that I already like invested in this house Like I'm thinking I could go down to 2:35,sale
571,0,326.384,341.22,Yeah I can I can work with two very fast,sale
573,1,0.0,11.248,Hello How are you,sale
573,0,11.248,22.496,good How are you,sale
573,1,22.496,33.744,I'm really good I'm so excited that you're about to see the house again,sale
573,0,33.744,44.992,Yeah I'm really interested in it Um I'd be happy to to talk christ,sale
573,1,44.992,56.24,Sure thing,sale
573,0,56.24,67.488,"about mine Yeah So you know just based on some of the houses I'm seeing that are comparable to this listing I and not really comfortable With $240,000 asking price I was actually looking to to see if you'd be willing to come down",sale
573,1,67.488,78.736,Okay Um I guess that depends on how much lower you would like me to go because I think it's a really beautiful house You know built in 1947 And so I really um I'm trying to make sure that I saw the house to someone who's going to appreciate it and truly value it for its work,sale
573,0,78.736,89.984,Yeah Absolutely You know I'm really I think it's a beautiful home and really um interested in the landscaping and and the the older nature of the home I,sale
573,1,89.984,101.232,Mhm,sale
573,0,101.232,112.48,"was Thinking is somewhere in the ballpark of 29-$30,000",sale
573,1,112.48,123.728,"Oh I think that that's a little lower than than I would be willing to go Um What would you by any chance be able to do Maybe Maybe $37,000 maybe we just grab the 3000 that would have gone to text",sale
573,0,123.728,134.976,"Yeah thirties Uh 37,000 is going to be hard for me Um you know looking at the other homes in the area given the square footage of this home I am kind of looking I'd be willing to to come up to um 31 32,000 Um How does that sound",sale
573,1,134.976,146.224,I I think that definitely sounds a little better Um So so we do have a really wonderful neighborhood I'm sure you really like look at the rest of the the houses in the neighborhood and Well while I think like 31 32 does sound like a really fair price Um I still think that maybe it's a little lower than I was expecting Would you be willing to add an additional 1005 100 to that Maybe make it 33.5,sale
573,0,146.224,157.472,I could do 33,sale
573,1,157.472,168.72,Okay Okay Um Yeah I guess Yeah Okay Um 2 33 works,sale
574,1,0.0,9.701,thing Are you icing,sale
574,0,9.701,19.401,Okay,sale
574,1,19.401,29.102,on top left,sale
574,0,29.102,38.803,Yeah I think I'm recording as well Perfect,sale
574,1,38.803,48.504,"All right sounds good Okay So yeah my house is on sale for 240,000 I'm curious what your initial offer is",sale
574,0,48.504,58.204,Well I'd love to talk a bit about the house before before we start negotiating,sale
574,1,58.204,67.905,Sure,sale
574,0,67.905,77.606,Um Could you tell me like what are the what makes the house different from the other ones in the neighborhood and why Why do you think that Um that value is where it should be,sale
574,1,77.606,87.306,"Yeah So I think a lot of the comparable houses in the area have sold for around $230,000 I think that my",sale
574,0,87.306,97.007,Yeah,sale
574,1,97.007,106.708,house has you know a lot better amenities and more recently upgraded So,sale
574,0,106.708,116.409,Yeah,sale
574,1,116.409,126.109,for example we have nice hardwood floors we have two different fireplaces within the house Um we have some new decorations new renovations in the place Uh And we have a nice backyard as well And so I think that those sort of extra benefits justify the price being a little higher than comparable properties in the area,sale
574,0,126.109,135.81,"Okay That's good to know because I had a few concerns about the house and especially as the confessed to the other ones um namely I noticed that It was built in 191947 And so I'm worried that first of the house might need renovation soon and that will come out of my budget after I purchase it And then similarly I noticed that there were trees in the backyard that are described as mature And so I've had experience in my other houses with trees falling and all kinds of wonderful surprises Um So I'm a bit worried about that as well And finally I noticed that the square footage is actually less than some of the other houses in the neighborhood that have cheaper prices Um So that's why I'm hoping that we can negotiate something closer to my opening price which is at 210,000",sale
574,1,135.81,145.511,Okay So I definitely can't go 2 to 10 that would be far cheaper than the cheapest property in the area that's also sold Um But just to sort of address a few of the issues you brought up in terms of square footage Um Yes it is not the biggest property but also the difference between this and the most high value comparable,sale
574,0,145.511,155.211,Right,sale
574,1,155.211,164.912,"property that sold us about 80 square feet which I think is a pretty negligible amount for almost 2000 square foot house Um Additionally since my house does come with a separate two car garage that also sort of additional square footage that would be included in the initial no house amount Um And so just in terms of your general concerns about you know kind of being outdated and all that Um I think for the area has built in you know 1947 is not that outdated I think also I've sort of renovated kept it up So in terms of the house exterior that brick walls have all been re updated um which I think means pretty good structural integrity there in terms of the trees in the backyard I actually don't think that them being old really is any indication of you know them being more likely collapse or damage anything I think you know the longer they grow the more they kind of root themselves in the ground and all that I think the whole thing is also something that appeals a lot of people it's a lot harder to get those kind of old trees and stuff going and you know newer houses So I think that actually something that also adds to the value there So I really Really think I'd have to stick you know right around my $240,000 asking price",sale
574,0,164.912,174.613,Yeah Unfortunately that's outside of my budget Um Thank you for for addressing the rest of my concerns Um I gotta say the last house I had that you actually did fall so I,sale
574,1,174.613,184.314,Mhm,sale
574,0,184.314,194.014,don't know about that,sale
574,1,194.014,203.715,Uh huh,sale
574,0,203.715,213.416,but I'm glad to hear the rest has been renovated However I think the rest of house is also a very detached garage so that doesn't factor into the square footage and it's just outside american price range So if if we could find something closer to the middle um then I would be able to consider this Uh yes,sale
574,1,213.416,223.116,Okay,sale
574,0,223.116,232.817,Investment,sale
574,1,232.817,242.518,So you actually asked to 10 I I could like maybe to save 232 if that's a number that might work for you,sale
574,0,242.518,252.219,Um Give me one second is,sale
574,1,252.219,261.919,because that would put it as being one of the more affordable houses that is sold res simply which I think you know definitely would be a good value on your end I think the prices in the area have definitely gone up,sale
574,0,261.919,271.62,yeah I like how that sounds If we could go a little bit lower just because I really like the other house that I saw that was a to 13 and I understand that has a little bit less square footage but I feel like it's overall aesthetic and mr quality of the house is very nice Um I have also to convince my husband that this is the one that we should spend more money on So if we could go closer to 2 20 that would be the ideal,sale
574,1,271.62,281.321,So I definitely cannot go to to 20 You know I've had other offers already which would make it so that wouldn't really make sense on my end Um I think 232 was originally as low as I was feeling comfortable going I can I can do 2 29 if that's a number that might work for you,sale
574,0,281.321,291.021,Okay what about if we are able to put,sale
574,1,291.021,300.722,Mhm,sale
574,0,300.722,310.423,the money up front Because um in past experiences I know that it makes quite a big difference for the buyer if we're able to pay you well at once or over several years etcetera Um we could take out alone and pay you the value upfront Um but I think At most around 220 two,sale
574,1,310.423,320.124,Okay Yeah so I I there's no way I can do the 2 22 price You know I've I've had other people express interest in the home Um So if you were to put an offer like that there'd be no way that I could accept that Um I think I think the reasons why this house deserves like hi evaluation and the others you know I think it's been you know a bit of time since the last few houses have sold in the area Um,sale
574,0,320.124,329.824,mm,sale
574,1,329.824,339.525,And I think just over time I think you know the properties in the area have definitely gone up in value I think this home is a great investment you know it's gone up substantially something from when I first got and I think it's likely to continue going up And I think,sale
574,0,339.525,349.226,Mhm,sale
574,1,349.226,358.926,we start to see that same trend among the houses of previously sold in the area So I think for me I don't think I can go below the 2 29 but I just gave you I think that would have to be the lowest I could possibly sell for which I think already is you know 5% discount from the the original asking price,sale
574,0,358.926,368.627,Right right now I think what you're saying is I mean I very much agree and that's why I'm trying to convince my husband this is the right investment Um It's just that I do have to convince him The money is not all mine so,sale
574,1,368.627,378.328,Yeah,sale
574,0,378.328,388.029,I'm not sure what to say mm,sale
574,1,388.029,397.729,Uh huh How else can we make this work You say your absolute highest is 222,sale
574,0,397.729,407.43,I could maybe convince him to put in another 1000 or two perhaps to to,sale
574,1,407.43,417.131,Mhm,sale
574,0,417.131,426.831,25,sale
574,1,426.831,436.532,Can you make it to 26,sale
574,0,436.532,446.233,2 25.5,sale
574,1,446.233,455.934,Um Okay,sale
574,0,455.934,465.634,And,sale
574,1,465.634,475.335,Two,sale
574,0,475.335,485.036,I know he's gonna complain about the traces literally traumatized,sale
574,1,485.036,494.736,Um hmm I mhm I I really think to 26 as low as I can go,sale
574,0,494.736,504.437,Let me let me run my numbers from one seconds,sale
574,1,504.437,514.138,Okay Mhm,sale
574,0,514.138,523.839,Are you sure that you can't do 2:25.5,sale
574,1,523.839,533.539,Uh I'm pretty sure about that one You already have other offers in the place Um And so I think even with your deal of paying up front I think to 26 is the lowest I can do,sale
574,0,533.539,543.24,Okay well let's go with that,sale
580,0,0.0,7.417,Hello,sale
580,1,7.417,14.834,Hello,sale
580,0,14.834,22.251,Oh hi are you recording Are you ready to start,sale
580,1,22.251,29.668,Yes I'm ready to start,sale
580,0,29.668,37.085,All right give how you doing,sale
580,1,37.085,44.502,I'm good how are you,sale
580,0,44.502,51.919,Get it Uh So I'm a buyer and I'm looking to buy a house,sale
580,1,51.919,59.336,Yes Okay Um,sale
580,0,59.336,66.753,"And I was my target prices I'm trying to get a house for 205,000",sale
580,1,66.753,74.17,"25,000",sale
580,0,74.17,81.587,"No 205,000",sale
580,1,81.587,89.004,"205,000 Okay",sale
580,0,89.004,96.421,Mhm,sale
580,1,96.421,103.838,"Um well the asking price currently on the house is um 240,000 Um And it hasn't been on the market very long so I'm willing to go slightly below that Um I don't know if I can meet 205 1000",sale
580,0,103.838,111.255,mm I see I see,sale
580,1,111.255,118.672,Mhm,sale
580,0,118.672,126.089,Uh huh Yeah I don't know Um It it looks like a very good house and um the asking price I feel like there's a bit too much Um She,sale
580,1,126.089,133.506,I mean,sale
580,0,133.506,140.923,was because of what I was thinking uh,sale
580,1,140.923,148.34,compared to other houses on the market and uh you know neighbor and proximity it is slightly higher But Again it has only been on the market for about four weeks And um you know if I start to receive offers that can't meet that I'm willing to go slightly below So what is um yes what is your maximum allowance for uh what you'd like to buy for,sale
580,0,148.34,155.757,"uh 205 is my ideal price Um But maybe 215 I feel like that's that's reasonable for me Like I I don't want to go about 215,000",sale
580,1,155.757,163.174,Okay Um I can't settle for an offer that is below 225 Um I wanna remind you that it's in a great location Um I mean four bedrooms 2.5 bathrooms Um It's in a great neighborhood It has it's going to come newly decorated Um 215 is honestly a little low for a house of this quality and I've owned it for for several years so And I'm hoping not to go below 2-25,sale
580,0,163.174,170.591,Okay let's see Uh Mm Okay Uh you said you're hoping not to go below 225,sale
580,1,170.591,178.009,Yes Especially because it hasn't been on the market for very long Um And you know I'm still willing to hear like other offers that may be able to Be closer to the asking price or a little bit above that minimum of 2:25,sale
580,0,178.009,185.426,"mm Okay Uh It's got 18 1,846 sq ft of space I'm looking at the neighboring home prices and I see one with 1875 or Square feast It's going at 2:33 Uh Let me just do some quick Uh [PERSON]",sale
580,1,185.426,192.843,Sure,sale
580,0,192.843,200.26,Okay So you're saying you can't do 215 at all,sale
580,1,200.26,207.677,No not not at this time I,sale
580,0,207.677,215.094,Uh huh,sale
580,1,215.094,222.511,can't upload that Um If you uh If your maximum is 2-15 you said it's like,sale
580,0,222.511,229.928,Yeah,sale
580,1,229.928,237.345,that the highest you want to go,sale
580,0,237.345,244.762,Yeah 2 15,sale
580,1,244.762,252.179,Mhm Um Okay so looking at neighbouring house on the market I I can move it down a bit Um I moved to to 20,sale
580,0,252.179,259.596,Uh huh Mhm 2 20 That's TRUE Mm hmm,sale
580,1,259.596,267.013,and you know that's that is even it's a little bit below average,sale
580,0,267.013,274.43,Do,sale
580,1,274.43,281.847,of,sale
580,0,281.847,289.264,you,sale
580,1,289.264,296.681,the neighboring,sale
580,0,296.681,304.098,need anything,sale
580,1,304.098,311.515,houses that are in the area Again like it has a fully landscaped backyard It's coming newly decorated um fireplaces master bedroom master bathroom new appliances Mhm,sale
580,0,311.515,318.932,Yeah,sale
580,1,318.932,326.349,Pretty,sale
580,0,326.349,333.766,Yeah,sale
580,1,333.766,341.183,fair price comparing it with with other neighboring homes,sale
580,0,341.183,348.6,Ah Okay Uh Okay Let's let's do two trains so that we reach an agreement I guess it's fair since we meet each other halfway,sale
583,0,0.0,10.34,Hi there how are you doing today,no sale
583,1,10.34,20.681,I'm good how are you,no sale
583,0,20.681,31.021,Oh not too bad You know just going through life in a pandemic It's all,no sale
583,1,31.021,41.362,Mhm,no sale
583,0,41.362,51.702,good Um,no sale
583,1,51.702,62.042,Yeah,no sale
583,0,62.042,72.383,um Well I'm excited to chat with you today about the possibility of um buying your house actually Um,no sale
583,1,72.383,82.723,Mhm,no sale
583,0,82.723,93.064,I you know I had the chance to tour it and I was really excited by a lot of the aspects of it Um And I'm yeah I was looking around at comparable houses in the neighborhood and so I'm really excited to talk to you more about sort of your bottom line price and where where we might find some agreement in that,no sale
583,1,93.064,103.404,Yeah of course So um what are you thinking right now based off of what you've seen,no sale
583,0,103.404,113.744,"Yeah so I um again really love the amenities and love you know the just the curb appeal in general of the house Um It's definitely something I'm highly interested in Um For me one of the tricky parts is that I found some comparable houses in the neighborhood that have um either you know less square footage in a lower price point or comparable square footage and a bit lower price point Um So I'd love to um Learn if you're interested in um selling for anything less than your asking You know I'm looking at more in the $220,000 range um to be most comfortable",no sale
583,1,113.744,124.085,"Yeah So I am course willing to Discuss and try to get to a price point that works better for you But what I will let you know if the bat is about $220,000 Absoluteal not doable Um So what else are you possibly thinking",no sale
583,0,124.085,134.425,Well I guess if if my you know my comfort level isn't where you're at I love to hear what you might be comfortable with,no sale
583,1,134.425,144.766,"So I right now um Compive to not really go below 235,000",no sale
583,0,144.766,155.106,Okay that's um that's going to be a not possible price for me to make work Um But I'm hoping we can close the gap between these numbers to some extent Um I'm not sure how much wiggle room you have but I Again I'd be interested in staying more in the 220 is um and I I certainly can't go up to to 35 or beyond Um so that's sort of where I'm that's kind of unfortunately it's just circumstantial my walk away point at that point,no sale
583,1,155.106,165.446,Right so um let's see You can't do 235 You're sure that you can't go anywhere close to that,no sale
583,0,165.446,175.787,"I I can't I mean I'm you know we're talking of $15,000 difference here right I can't um I can't be that much higher than to 20th sort of again my comfort level not like my I have all the money in the world to throw after this project but my like this is sort of the most I can spend And so even going above that A small amount is going to be tricky I don't know if you'd be more comfortable at like 225 or something Yeah",no sale
583,1,175.787,186.127,Yeah but 220s I just cannot do like I actually cannot do to 20 So To you saying can't do 35 maybe 233 I could make happen But to 35 is already a compromise So Every looking maybe like 233 I think I can make that work,no sale
583,0,186.127,196.468,I certainly like to 33 is still too much of a stretch for me I'm not ready to commit to that right now Um if you have 225 is like not even kind of remotely possible for you I'm curious what sort of your your lowest number you're willing to make work is because I'm I'm really trying to work with you and I'm I'm you know I'm having a hard time and he would sit with my budget,no sale
583,1,196.468,206.808,Yeah So I mean the 2:35 is already pretty much like a snack That compromise And so that's what I'm saying to 33 were just really on the very low end of things I think I can make work Yeah,no sale
583,0,206.808,217.148,Yeah,no sale
583,1,217.148,227.489,So what,no sale
583,0,227.489,237.829,I I get that It's coming down from the asking price for you but it's coming quite up from my sort of where I need to stay in this range price Um And so I can't certainly go I I can't go above I can't go up to 2 33 Could we perhaps discuss that like Like if 225 is not okay how bout 26-27 Like I'm really trying to get close to you here but I'm not I'm not you know finding a lot of um kind of cooperation on the other end here,no sale
583,1,237.829,248.17,Yeah so Right now like to 35 already a pretty major compromise based on my end Um what I'm saying I can maybe do 233 but anything in 220s is really right now Pretty much I know Yes,no sale
583,0,248.17,258.51,Okay I'm basically the same way though about the 2 30 is right That like I I've been saying I can't go that high and so I'm not sure if there's a number that we can meet in the middle and at that point if you're unwilling or unable to go Um at all below 2:30 and I can't go above it Like I don't know where that leaves us,no sale
583,1,258.51,268.85,Um What is the absolute highest you feel that you could go like,no sale
583,0,268.85,279.191,Yeah The absolute,no sale
583,1,279.191,289.531,best,no sale
583,0,289.531,299.872,highest,no sale
583,1,299.872,310.212,block,no sale
583,0,310.212,320.552,is like,no sale
583,1,320.552,330.893,for,no sale
583,0,330.893,341.233,220 Like I said like 2:27 - 28 Like I I really can't go much about that,no sale
583,1,341.233,351.574,I just I I cannot do two twenties Um Like what it's like really like just absolutely best and final offer,no sale
583,0,351.574,361.914,I mean I just named mine What's yours,no sale
583,1,361.914,372.254,like I feel like absolutely best and final It's really like I guess like 2:32 Yeah,no sale
583,0,372.254,382.595,Yeah And I can't I you know at most I can get up to 2:30 and I cannot go anymore above that Right,no sale
583,1,382.595,392.935,Yeah,no sale
583,0,392.935,403.276,I I that that's that I guess is my walk away,no sale
583,1,403.276,413.616,2 30,no sale
583,0,413.616,423.956,Mhm,no sale
583,1,423.956,434.297,I feel like 2 30 It's just really are you sure you cannot go 2 32 That's like a really big compromise You can't do 23 Do not at all,no sale
583,0,434.297,444.637,I mean where I'm at is I'm starting to 20 and you're starting at 2 42 30 feels like we're meeting in the middle and 2 32 is is I'm telling you I can't go higher,no sale
583,1,444.637,454.978,Yeah Okay Mhm,no sale
583,0,454.978,465.318,Like is there no way we could even split the difference 2-31,no sale
583,1,465.318,475.658,2 31 There's no way you can just hit 32 That was already like lower than I even planned on going,no sale
583,0,475.658,485.999,Right And this is already much higher than I was,no sale
583,1,485.999,496.339,Yeah,no sale
583,0,496.339,506.68,hoping this day,no sale
583,1,506.68,517.02,Okay I mean I guess 2 31 I can I guess I can do like yeah that's the absolute highest you can go Yeah,no sale
584,0,0.0,14.138,Hello Um I nice to meet you I've actually been looking for a house in this neighborhood and I've been favorably impressed by um you know what you've presented Um Despite the fact that there are a couple of things,sale
584,1,14.138,28.276,Yeah,sale
584,0,28.276,42.415,that I would prefer,sale
584,1,42.415,56.553,Yeah,sale
584,0,56.553,70.691,"to have differently You can't have everything you want But there are a couple things that I think Um But potentially call for a decrease in price if I would you know if I were to be fully interested in purchasing this house I've been looking at some of the other purchases in recent times and some of the neighboring homes And it seems that an asking price of 240,000 is a little bit too high considering the square footage as well as some of the amenities a detached garage um and lack of extra recreational space I was wondering How would you feel about settling on a slightly lower price potentially in the area of $220,000 And of course I'm very interested in buying this house and if we can come to some sort of agreement I would love to purchase this house Um Thank you",sale
584,1,70.691,84.829,Well thanks for thanks for coming up today visiting the house I've been living in this house for close to 10 years and honestly it's been one of the most ideal IQ places I've ever been in and um very personally attached to it and I wouldn't just sell it to anyone So if you keep that in mind um myself I would not be happy letting it go for anything less than 2 25 1000 Um but tell me a little bit more about what you're looking for and why this place would be good for you Like why are you the perfect buyer,sale
584,0,84.829,98.967,Well actually this is,sale
584,1,98.967,113.105,Mhm,sale
584,0,113.105,127.244,a type of home that I think is very appealing in our current day and age I think with,sale
584,1,127.244,141.382,Right,sale
584,0,141.382,155.52,the current housing market a lot of families and I'm just the looks,sale
584,1,155.52,169.658,Yeah,sale
584,0,169.658,183.796,of new families into the neighborhood I think that this would be a very ideal place for me to potentially raise Children and settle down So personally I feel very inclined to set up shop here per se I generally I am looking for a place that seems like very homey I really admire how well decorated and renovated this house is at least from what it seems You know at first glance two fireplaces finished hardwood floors Um All these things are just they're very very appealing to me Um And it's just a place that I can really see um family bonds you know continuing to flourish um and thrive as time goes on Also considering the fact that there is just very easy access to restaurants and transportation which I think will be important because my family does not have actually enough cars to take both of my Children to school That's actually something that uh is an investment we're looking into in the near future Um And if that is the case you know I'm trying my best to save as much money as possible when it comes to um you know purchasing a house But of course I do understand how attached you would feel to a house especially after living in it for so long You know seeing how much love that it seems to put into it And it's just that you know as I'm looking at some of the other houses in the neighborhood you know if you look at square footage at least which is probably the most universal ways um to measure um asking price you can tell that you know the house that you are selling Its falls somewhere between um The two houses that were sold with the square footage of 1715 and 1875,sale
584,1,183.796,197.935,Mhm,sale
584,0,197.935,212.073,"Um which is between 213,233,000 Um So given that I think it's important to be sort of mindful of you know",sale
584,1,212.073,226.211,Problem,sale
584,0,226.211,240.349,"how much uh You know the difference between those two um Those those two I guess um sizes And so While I think 225,000 is definitely a very appealing offer I'm wondering if potentially going down to 223,000 would be sort of a nice I guess cut off point between the two houses that I guess have been sold in this neighborhood",sale
584,1,240.349,254.487,Well since you bring those two up I want to point out that the one I'm currently living in is I feel far far superior in terms of just the layout I mean square footage just one thing but I think that the layout how the architecture was molded with the everything renovated the hardwood floors It's hard for me to compare Houses aren't built the same way Um to me personally when I found this house 10 years ago that's what I fell in love with was the layout And if you were simply going by square feet it could have been just any house I think we agree on that And the reason why I'm going for that price is that I think that it's an investment Anyone who's areas about buying a place like mine um I don't,sale
584,0,254.487,268.625,Yes,sale
584,1,268.625,282.764,know if for you you just said that it was an investment for you and your Children when you grow up and for me it was the same thing And the reason why I'm leaving now is because I'm moving on to other pastures But for the time being I think that it deserves to have a seller that's committed to keeping it renovated to keeping it the way that I think it would like two be taken care of and that's why,sale
584,0,282.764,296.902,Mhm,sale
584,1,296.902,311.04,I think that the prices for someone who's serious about it,sale
584,0,311.04,325.178,I see,sale
584,1,325.178,339.316,Okay,sale
584,0,339.316,353.455,"interesting Um well of course they cannot I have to use square footage as I guess my primary form of analysis or assessment when it comes to these properties given that um you know interiors change and it's not very very standardized way of um measuring the value of the house But of course I can definitely see how much care it seems that you put into this house Um and I am very willing to be a serious buyer and the serious resident in this neighborhood And it's just that at this point I'm trying my best to save as much money and as I possibly can so that I actually am able to continue renovating and buy an extra car and you know set aside all of those initial investment so that I can focus more on things like retirement life insurance and and just like college for my Children and things like that But I definitely am still a little bit Taste by an offer of 2,220,000 I think Um I could potentially settle on 224,000 um if that's if that's if that's preferable for you Um and like I'm very grateful for this conversation just being able to And your flexibility as a whole to to go from 240,000 to this point I think that But just considering just the The forms of analysis or assessment of the houses that we do know in the neighborhood 224,000 is probably the highest I can go Um",sale
584,1,353.455,367.593,Why why have you visited the other houses,sale
584,0,367.593,381.731,No I have not I mean they have already been yeah have not actually been to the other houses so and that's sort of information that um it's not available to me,sale
584,1,381.731,395.869,Yeah,sale
584,0,395.869,410.007,I haven't gotten a chance to really look at their layout but,sale
584,1,410.007,424.145,Okay,sale
584,0,424.145,438.284,you know that's just something that is you know that is the information that is unavailable to me currently So,sale
584,1,438.284,452.422,for sure Um I think that if you were actually to go into these houses you would discover why their prices are lower and have been so lower than my actual house It's again just the charm of it The layout um I've renovated over many years I've kept it renovated and I think that by purchasing something at a slightly higher price you might actually save on renovating over the years Um You know what they say sometimes that uh things are more expensive when you don't have money for it meaning,sale
584,0,452.422,466.56,mm,sale
584,1,466.56,480.698,that uh you have to get a down payment for something But rather than down payment for it why not just purchase the whole thing If you have the money you'll save in the long run right you'll save,sale
584,0,480.698,494.836,mm,sale
584,1,494.836,508.975,on interest you'll save on inflation you'll save on many things And this for me is a kind of investment that will save you money in the long run,sale
584,0,508.975,523.113,Mhm,sale
584,1,523.113,537.251,If you think about it you lose houses were maybe solar that price because the person wants to get rid of it quickly But I'm personally very attached to my house,sale
584,0,537.251,551.389,Okay,sale
584,1,551.389,565.527,"and I would not be letting it go for anything lower And 20 Then uh 225,000 Um",sale
584,0,565.527,579.665,Okay,sale
584,1,579.665,593.804,I,sale
584,0,593.804,607.942,Would,sale
584,1,607.942,622.08,can,sale
584,0,622.08,636.218,you,sale
584,1,636.218,650.356,tell,sale
584,0,650.356,664.495,mind telling me would,sale
584,1,664.495,678.633,go on,sale
584,0,678.633,692.771,you mind Sorry about that Would you mind telling me I guess um You know since we are Discussing with under the assumption that square footage is and everything some of the differences in interior between your house and the one selling for 213 Um You know so I can at least get a little bit of a grass between or grasp of what made you feel that your property was take objective measurements that made you feel as though your property was worth so much more,sale
584,1,692.771,706.909,Yeah well I've personally discussed with a friend a very close friend of mine who's a real estate investor and Um he's very adamant that my house is worth something close to 24 um 2040K And I'm going to let it go for lower because I think that it's worth giving a chance to another family to enjoy this place Um I think that uh the other places I've been to have looked only at their front And I think that there are different few differences that perhaps uh uh would make a difference Such as uh the fact that mine is newly decorated and it's got mature trees around it I cannot say that the other houses have mature trees around it Those are things that take years and years to grow You can't replace those things Minor walking distance to restaurants and transportation There's my not necessarily being walking distance And I think that my landscaping has been beautiful over many many years I've had everything newly decorated and the place has a press two fireplaces I don't think that the two other ones have two fireplaces And what else Yeah I really think that four bedrooms for you Your family your two Children would be perfect It's got a recreation room it's got 2.5 2.5 bathrooms So in case you know one gets clogged up because a child is playing there for like hours You have another one 1.5 more that you can go to I think,sale
584,0,706.909,721.047,Mhm,sale
584,1,721.047,735.185,to me it's ideal for a small family that just wants to grow and eventually you might sell the house later on and make a profit on it I don't know this is up to you but,sale
584,0,735.185,749.324,Mhm,sale
584,1,749.324,763.462,my feeling is that this is an investment that's worth making,sale
584,0,763.462,777.6,Yeah So you bring a very good point You definitely enticed me I think you've convinced me Um I think yeah I think I'm definitely willing to go in on 225 and if that's agreeable it seems like that is something that you are fine with as well Um so it's 225 fine for you,sale
588,0,0.0,8.327,Hello,sale
588,1,8.327,16.653,Hi,sale
588,0,16.653,24.98,Okay Um So for the house Sorry me I'm thinking because of like the price of houses nearby um and just because of the amenities that are offered Um I think that we should start at like yeah I'm trying to pay at least like or at most like $215,sale
588,1,24.98,33.307,Yeah that simply isn't,sale
588,0,33.307,41.633,Richmond,sale
588,1,41.633,49.96,going,sale
588,0,49.96,58.287,involving,sale
588,1,58.287,66.613,to be possible That,sale
588,0,66.613,74.94,Yeah,sale
588,1,74.94,83.267,isn't really possible Um The average price in the region um is a little bit closer to our 2 40 asking price,sale
588,0,83.267,91.593,mm,sale
588,1,91.593,99.92,Um with the same roughly the same square footage Um and,sale
588,0,99.92,108.247,Mhm Uh,sale
588,1,108.247,116.573,uh,sale
588,0,116.573,124.9,huh,sale
588,1,124.9,133.227,you know it was recently decorated it has that amazing walking distance Um really like the lowest like like the 2 15 numbers just out of the question I'd be willing to accept Yeah um to 35 This is that is Our 2 40 asking price is very reasonable for the for the surroundings especially with all of the work we've done on it Mm,sale
588,0,133.227,141.553,Okay Um So yeah I'm just like I did my own research to on like the houses and everything Um And I think for the square footage like you're right this is a pretty good house and you know I do love like the amenities and the distance it is for everything but for the square footage it is on the smaller side Um And so because of that like a bunch of the other I guess another house that I've seen with this like similar square footage and similar description um was like 2 13 I'm assuming that maybe it's like the the outside of many so it's like closeness to restaurants and transportation in which case I would be willing to go up to like Maybe,sale
588,1,141.553,149.88,Oh,sale
588,0,149.88,158.207,2 22 21 Um but to 40 and 235 just seem like like I'm seeing houses that are like Um almost 100 or more than 100 square footage like more than this Um and they're not even at that to 40 price so that just seems like unreasonable,sale
588,1,158.207,166.533,well,sale
588,0,166.533,174.86,What,sale
588,1,174.86,183.187,I I definitely I I understand that but I would also like to point out that your 2 13 price is for more than 100 square feet less So that simply just isn't um isn't comparable I'm so glad you like the place and we really want to make this work Um,sale
588,0,183.187,191.513,Mhm,sale
588,1,191.513,199.84,I would like to highlight our all of our lands all of our landscaping um are amazing amazing fenced in backyard So really is more re selling more than just the sheer square footage of the house And because of not only the work that we've done in the house but also outside of the house we really feel comfortable asking for um That that to at least breaking 2 30 Anything lower than that and I would just it would not work for us We've put in too much work and we are too much of a competitive house in this area Um For anything less than 2 30,sale
588,0,199.84,208.167,Okay Um So yeah you're making really good points and I do I do see like the work that you've done it is very nice,sale
588,1,208.167,216.493,Yes,sale
588,0,216.493,224.82,Um the 230 price does sound a little bit more reasonable Um Yeah I can go with 2.3,sale
590,0,0.0,24.406,Hello Yeah,sale
590,1,24.406,48.812,Hello,sale
590,0,48.812,73.218,Mhm,sale
590,1,73.218,97.624,How are you,sale
590,0,97.624,122.029,And good,sale
590,1,122.029,146.435,I am good as well Um think I think you begin right,sale
590,0,146.435,170.841,Yeah So um I wanted to follow up about the house you have here for sale or listing Um Number 91 3878 Looks like a great house Um And I would love to be able to proceed forward with this process and getting the house Um But I'm looking um considering its built in 1947 and some local listings have been below market I'm wondering if we can negotiate a bit on the price,sale
590,1,170.841,195.247,Yes of course I'm always open for negotiation for the price um with the past seller with the past homebuyers that I've spoken with Um I've managed to consider of course where they're coming from and also from the potential price of the house considering all of the facilities that it offers along with the distances to certain local spots as well So I am all for negotiation What would,sale
590,0,195.247,219.653,Yeah,sale
590,1,219.653,244.059,you like to what are you thinking right now,sale
590,0,244.059,268.465,Um So right now I'm really have a max,sale
590,1,268.465,292.871,Okay,sale
590,0,292.871,317.276,"budget at about um 225,000 Um and I know that you have the asking price for 240 But Um I would be willing to help in with the closing cost as well as maybe put down a larger down payment for the house to be able to achieve that goal But I really have it capped at 225,000",sale
590,1,317.276,341.682,"2,025,000 That's great Honestly Um while I do think 225,000 is a solid price I do think the house in itself is worth just a bit more um despite the time and era that it was built in which is as you said 1947 I think the house has a lot to offer for one as you may or may not know the house has or offers four bedrooms or recreational room and 2.5 bathrooms So that's two full bathrooms for you and your family members or you in the close friends who are going to occupy the space and a half bathroom for any guests that you might have for for example dinner who you may want you may not want to send to the one of the two actual bathrooms but instead of safe small spot where they can just wash up real quick before getting back to the getting back to the fun activities that you're having for that night On top of those on on top of the plethora of rooms that you're offered There's also this split level style which creates a sense of distance between those who may want to feel for a bit isolated and those who also want to actually join them So there's always so there's always a way to So so so there's always a connection between those who might want to live kind of split off or separate from the rest of the house and still managed to have daily communication with them without feeling bothered or without feeling constrained to a single spot um On top of that as you said or as you already know the square feet of square feet of space of the house is 80 around 1846 which compared to the other local listings falls around the medium And compared to the compared to those other listings as well not only is the house already at a lower price comparatively Lower two listings but also occupied but also offers a great deal of space considering the very first listening So I think the house can personally sell for just a bit more than 225,000 just because of everything that it offers and that's not even the full scope of it all",sale
590,0,341.682,366.088,"Um yes I think I understand where you're coming from Um I will say you mentioned about the neighboring homes and um there's a neighboring home that has larger square foot and it's still selling underneath that 239,000 Um or selling under that 240,000",sale
590,1,366.088,390.494,Yeah,sale
590,0,390.494,414.9,with almost 100 plus square feet added um To that house And uh one of my concerns I would say before like moving forward is considering this house was built in 191947 I do think it's something that we should consider in terms of negotiation because yeah there might be inspection costs that I might need to do um Considering I don't know what is actually underneath the foundation of the house and ultimately in the long term you know that that those costs can can truly add up if it if I need to do a full um foundation um renovation as well as um things that you can't really account for in this Um And problems that might arise as a result of this being an older house Um And I would love to truly invest in this and I know that once again I'm restating I can help with closing costs and put down a larger down payment Um Do you know what would be your your best offer on this house Because I would really love to work with you and I'm curious why are you deciding to sell,sale
590,1,414.9,439.306,"Well to answer a lot of questions I'm actually deciding to sell the house just because me and my family found a new home across the country actually Um just because of a job change that I had recently and I didn't wanna I didn't I for one I don't think I can actually make the commute all the way there every day So instead I just decided to sell this house since I've had it for such a long time and find a new space to settle down And so that's the answer The latter question to answer The former question though around the price that I would like to sell the house would have to be around 230,000 at least just because as you said the house was built in 1947 However a lot of the outside amenities include comfortable and updated Brooke so kind of in the fact that the actual brickwork of the house is more modern it's more up to date I think that automatically fixes a lot of the grand issues that you would have experienced if the house was still As old as it was considering it was built in 1947 But since it has the more updated book style I do think that clears off a lot of the problems that you would have considering if you have if you have to renovate for example um on top of that it's all in terms of the inside amenities it's also newly decorated and so even though the house like despite its age the house was actually ornamented and cleaned up and spruced up in order to make it as viable and welcoming to any and all buyers And so we we kind of took this into consideration when we were selling the house which is why we actually decided to newly decorated and also update the brickwork So that's kind of two things that we did too help ease the stress of renovation Of course when you're buying because we know how that's like So I'm considering we're buying a house in the in the the other side of the country as well So I do think at least 230,000 would be a fair price just because we kind of thought about how to make this house as viable and as welcoming as we can including lowering the price of renovations through our updated brickwork and new decorations What do you think",sale
590,0,439.306,463.712,Um I definitely that's like I I know,sale
590,1,463.712,488.118,Yeah,sale
590,0,488.118,512.524,you're trying to work with me but,sale
590,1,512.524,536.929,Yes,sale
590,0,536.929,561.335,I haven't even told you my motive for buying but I'm um having a family now and I'm trying to settle in and I know as you said before you offered many great amenities and being in a great neighborhood and it would be great for the kids Um But I really do have that budget and like I think that the most I could do like to be able to like probably have and support my family as well as um as well as be able to keep up with mortgage and I wouldn't want that to be a problem And as I said again I would be willing to put more down more because we have been able to save quite a bit Um and I know that you have these houses that have these renovations but I do know um after the tour that there still might need to be um like costs to like paint and all that and things like that And also I would love to be able to get an inspection of the house I'm just for considering all have kids in the house So I don't know if the best you could do if you could do 2 28 to 27 if that's possible And I've really stretched my budget at this point um and I'm working above budget at this point so I was wondering if that would be a possibility and I can help with closing class as well,sale
590,1,561.335,585.741,"of course I think that's a great possibility Um I do think though that's considering that there's only like it's only the four houses currently is on my house and the other three listings and that Um Considering the space and also the plethora of rooms and interior designs and also outward decorations and updates that we've made alongside the prices of the lot of the latter to list things I do think and I am hearing you out about the budget like already stretching that out considering that the other two houses that are above the price that we're currently Negotiating for this house not only offer only a little bit amount of spit I'll only offer a little bit more space That is the $233,600 house but also are much more price but also are just much have just a much higher price And so I think I think a price of around 228,000 potentially 229,000",sale
590,0,585.741,610.147,Yeah,sale
590,1,610.147,634.553,"would be a great way We'll just would suffice just because I do know that there are other listings out there for the surrounding area that are a bit more on the pricey side despite not having that many more renovations and that many more updates as the one that we're currently discussing So considers all with all that in consideration I do think The price of around 228,000 would be great That is if of course you're willing as well",sale
590,0,634.553,658.959,"Yeah I think that I think that we can go with 2 28 And I know that's really still like I've really stretched above about my budget and soda and I know I mentioned like it's like I could really like keep it under that I know the 225 is probably not possible Um but like if we could go like more between 27 and 28 that would be really helpful And I know like it's only $1,000 difference but it would really be uh in terms of like moving costs and like traveling from Cross country to",sale
590,1,658.959,683.365,Okay,sale
590,0,683.365,707.771,come here now as just as you are doing and I know you can finally relate to those costs as well um to 27 really be great Um If not we can really I can try and stretch but I'd have to really talk to my partner and I wouldn't want a property like this to get away from us,sale
590,1,707.771,732.176,"mm definitely hear you about the property getting away and also dealing with that in my travel to the other side of the country Um I do think though that a price of 228,000 would be just better overall just because as I said before we kind of took into consideration already the types of renovations and expand and and inspections that most buyers would want to have after purchasing their home And in doing so we made sure to as I said before decorate the interior of it and also update the brickwork just to kill any of the potential issues or no and or high prices that the buyers would have to deal with even after Purchasing their home So I am hearing you about the about having to stretch the budget already from 225,000 to the possibility of 228,000 Um but I do think though that we have your best your best interest in mind since we know that the house was built pretty was built a long time in the past and we still but we still would like to Keep it alive You still want to make it as welcoming and amenable as possible to you and your family And so I do think a price of 228,000 would would just would suffice better just because of all the consideration we put into it and also all of the money that we already placed into updating everything about the house to make it as modern as possible So",sale
590,0,732.176,756.582,Uh huh,sale
590,1,756.582,780.988,I don't think I don't think um And the inspection would cost as much nor would the inspector tell you I would give you a higher price than they would if we hadn't updated the house,sale
590,0,780.988,805.394,Okay I understand and I appreciate you working with me Um And I know this is probably going to be a shutter a budget Um But I think we can go with uh With the 28 Um It might be I don't know if even like an extra $500 would be helpful in the Sense 27 500 Um If you would consider that but it's not Well we can know the 28,sale
590,1,805.394,829.8,27 500 I think we can I think we can Yeah I think 27 500,sale
595,1,0.0,6.697,mm,no sale
595,0,6.697,13.394,"um Okay so I'm the buyer um and I would like to purchase this house Um But um The maximum that I'm willing to go is 235,000",no sale
595,1,13.394,20.09,"Oh I'm the seller and boy you know I'm I know that there's a lot of property for sale out there but this house if you could just come and take a look at it I think you're going to see I've probably under priced at 200 and 40,000 Um you know all the detail all the upgrades the bathrooms are upgraded Um I just think that we maybe should talk a little bit about the pricing",no sale
595,0,20.09,26.787,Um,no sale
595,1,26.787,33.484,I've got,no sale
595,0,33.484,40.181,Yeah so like I see all the features It has four bedrooms um to enough bathrooms Um 1846 sq ft Um,no sale
595,1,40.181,46.877,it's that's a big house it really,no sale
595,0,46.877,53.574,Yeah,no sale
595,1,53.574,60.271,is So if,no sale
595,0,60.271,66.968,Uh,no sale
595,1,66.968,73.665,you've,no sale
595,0,73.665,80.361,huh,no sale
595,1,80.361,87.058,got a lot of family or people that like to visit it would be perfect,no sale
595,0,87.058,93.755,Mhm But just comparing based on some of the other um sizes of the other homes like Um there's one home that is 1000 in 875 square feet Um But,no sale
595,1,93.755,100.452,Yeah,no sale
595,0,100.452,107.148,that's cheaper than the current house,no sale
595,1,107.148,113.845,Yeah Yeah it is and I think I know which house this was because it's sold not too long ago and if I remember correctly um it needed some work on it I think you know with this house you're really going to be moving ready um That particular house how I'm trying to think I think it was an older couple that had initially and I don't know that they put much money into it Um I don't know if there's any more information we could get on that sale but I do think that this one um Navy was actually a little overpriced for what they for what they were able to offer Now Are you moving in from out of town Is this something that you're looking to move right into or is it more of an investment for you,no sale
595,0,113.845,120.542,Um This is more of an investment for me,no sale
595,1,120.542,127.239,I see Okay So you would be maybe looking to either flip it or or perhaps rent It is,no sale
595,0,127.239,133.935,Yeah,no sale
595,1,133.935,140.632,Okay Okay Well you know as I said there's a lot of space here It was built in 1947 but you know everything has been upgraded the bathrooms the kitchens and those are,no sale
595,0,140.632,147.329,Uh huh,no sale
595,1,147.329,154.026,"those are really the important areas in the house Um and it is really close to the park I think would be great for for Children I'm wondering On bill I mean I appreciate you coming in with the 235,000 Would you be willing to split the difference We get 237,500",no sale
595,0,154.026,160.723,"Um No that's not possible I tune in Um 35,000 is the absolute max but um",no sale
595,1,160.723,167.419,Okay,no sale
595,0,167.419,174.116,I would Be willing at 230,no sale
595,1,174.116,180.813,I'm sorry Say that again,no sale
595,0,180.813,187.51,"um 235,000 is the absolute max",no sale
595,1,187.51,194.206,Okay,no sale
595,0,194.206,200.903,I can't,no sale
595,1,200.903,207.6,Okay Okay Well I tell you what um I appreciate I appreciate your time and I I would like to accept that offer if it's a firm offer Um I think that's a fair offer for the house,no sale
597,0,0.0,7.652,Hello,no sale
597,1,7.652,15.305,Hello How are you,no sale
597,0,15.305,22.957,I'm good how are you Yeah,no sale
597,1,22.957,30.609,Good I would just love to sell my house and then I'd be even better,no sale
597,0,30.609,38.262,Yeah yeah So um I,no sale
597,1,38.262,45.914,Yeah,no sale
597,0,45.914,53.566,recently moved into the area and I was looking at different housing options and I thought that um the house that you have might be a good option for me Um Could you tell me a little bit about the house and um yeah any information that you want to give,no sale
597,1,53.566,61.218,of course of course Um Well,no sale
597,0,61.218,68.871,mm,no sale
597,1,68.871,76.523,I think it's one of the nicest houses in the area Um It has a number of amenities both inside and out You know it's newly decorated with finished hardwood floors And then sure you've already seen beautiful landscaping outside and easy access to a number of restaurants and transportation options within walking distance So that should cut down on transportation costs hopefully for you And um I'm aware that the asking price the price per square foot is a little bit higher than some other homes that you might have seen in this area But it's been a number of months since the last purchase was made and I think there's been some appreciation of value since then So that would explain that discrepancy,no sale
597,0,76.523,84.175,Mhm,no sale
597,1,84.175,91.828,Is there any other information you'd like to hear,no sale
597,0,91.828,99.48,Um Could you just clarify a little of what you mean by the last the last part you just said,no sale
597,1,99.48,107.132,Of course So Um if you look in appendix two,no sale
597,0,107.132,114.785,Mhm Yeah,no sale
597,1,114.785,122.437,um you can see,no sale
597,0,122.437,130.089,Yeah,no sale
597,1,130.089,137.742,"the other houses were sold for Well if you do the division It's about $125 Uh per square foot I'm asking for a little bit higher My asking price $240,000 Is about $130 per square foot Um And I want to be completely up front with you about that so that you don't if you see it at all But um I think that takes into account the higher craftsmanship of this home",no sale
597,0,137.742,145.394,Mhm Yeah,no sale
597,1,145.394,153.046,and I think you'll find it's a very reasonable price,no sale
597,0,153.046,160.698,"Yeah I was also looking at the prices of the other homes in the area because I'm hoping to like maybe pay around 220,000 and it seems like one of the other houses in the area is lower than that Um Yeah so I guess I was wondering um if there's any way that you could reduce the price by a little bit um So it would be more affordable for me",no sale
597,1,160.698,168.351,"Well I mean I want us to both walk away happy with the transaction So you know if if there are other options in the area that you think um that are cheaper than you've seen I have a feeling that the houses might not be quite as nice and the location might not be as favorable but it's definitely I mean I do have a little bit of room um in terms of what I've decided I'm willing to except um in terms of the quality of the house I think maybe $235,000 could be more reasonable Um Not sure how low the other options in the area are but I don't want to undersell the house of this quality",no sale
597,0,168.351,176.003,Okay I see Um Yeah I think okay I think I'm looking at the other um selling prices and the house that is like a comparable I think square feet which,no sale
597,1,176.003,183.655,Mhm,no sale
597,0,183.655,191.308,is even a little more is like is cheaper Um,no sale
597,1,191.308,198.96,Really,no sale
597,0,198.96,206.612,Yeah,no sale
597,1,206.612,214.265,Well I mean it's not all about the square footage is also what you do with it you know Yeah,no sale
597,0,214.265,221.917,Yeah Yeah that's TRUE Um But I think having a larger house has has its benefits Yeah,no sale
597,1,221.917,229.569,TRUE Very TRUE,no sale
597,0,229.569,237.222,Yeah So I was wondering what like what around like 2 30 3000 be reasonable Two,no sale
597,1,237.222,244.874,"233,000 Absoluteal",no sale
597,0,244.874,252.526,Okay Yeah Okay Well,no sale
597,1,252.526,260.178,I mean,no sale
597,0,260.178,267.831,what,no sale
597,1,267.831,275.483,if if you're,no sale
597,0,275.483,283.135,Okay,no sale
597,1,283.135,290.788,happy with that I'm happy with that,no sale
597,0,290.788,298.44,Yeah I'm happy with that,no sale
600,0,0.0,3.865,Hello,sale
600,1,3.865,7.73,Hi Yeah,sale
600,0,7.73,11.595,Um so I saw that you were selling a house for 240 Um the bones,sale
600,1,11.595,15.46,Mhm,sale
600,0,15.46,19.325,look for later in this house but it's a little out of my price range is wondering if you could do like around 220,sale
600,1,19.325,23.19,Um Oh yeah I think that's a little bit low Um,sale
600,0,23.19,27.055,Mhm,sale
600,1,27.055,30.92,Is there something that is there anything specific about the house um that other than price that makes you want to go lower than my offer,sale
600,0,30.92,34.785,Yeah,sale
600,1,34.785,38.65,Mhm,sale
600,0,38.65,42.515,Well there's another house near to it that's about like 213 Uh it is slightly less square footage that's why I'm offering a little bit more than 2.13 Uh but it is a little bit closer to some of the amenities any like like schools So I I really like the bones this house and sport footage and it's just them out of rooms,sale
600,1,42.515,46.38,Yeah,sale
600,0,46.38,50.245,I need It is a little bit maybe not as competitive in terms,sale
600,1,50.245,54.11,Mhm,sale
600,0,54.11,57.975,of price That's really the real reason,sale
600,1,57.975,61.84,Mhm Okay Um I see what,sale
600,0,61.84,65.705,you,sale
600,1,65.705,69.57,you're saying but I think that I think that what's given also given kind of aside from what aside from like everything that's inside I think I think all the other conveniences of outside especially um especially just kind of out of the yard and how everything everything is kind of constructed outside like maybe the garage Um And as well as as well as just kind of the general uhh Yeah just help how good this house looks in general compared to some of those other houses I think that I take that consideration,sale
600,0,69.57,73.435,Mhm,sale
600,1,73.435,77.3,as,sale
600,0,77.3,81.165,Yeah,sale
600,1,81.165,85.03,well,sale
600,0,85.03,88.895,There's some fair points What were you hoping to,sale
600,1,88.895,92.76,Yeah,sale
600,0,92.76,96.625,"get for it if I cant do 240,000",sale
600,1,96.625,100.49,Okay,sale
600,0,100.49,104.355,that's too much Is there,sale
600,1,104.355,108.22,I,sale
600,0,108.22,112.085,a,sale
600,1,112.085,115.95,see,sale
600,0,115.95,119.815,price that you,sale
600,1,119.815,123.68,Um,sale
600,0,123.68,127.545,would be happier with,sale
600,1,127.545,131.41,I'm happy to split the difference into a certain degree Um Would you be is somewhere in the mid 230 1000 Okay,sale
600,0,131.41,135.275,Um,sale
600,1,135.275,139.14,loads,sale
600,0,139.14,143.005,I,sale
600,1,143.005,146.87,of bed,sale
600,0,146.87,150.735,could maybe do like,sale
600,1,150.735,154.6,yeah,sale
600,0,154.6,158.465,"230,000 any more than that I I really can't tim google",sale
600,1,158.465,162.33,Yeah Okay Is there anything else that you want to talk about regarding,sale
600,0,162.33,166.195,Um,sale
600,1,166.195,170.06,the house,sale
600,0,170.06,173.925,The,sale
600,1,173.925,177.79,Yeah,sale
600,0,177.79,181.655,house was good It's it's in a good neighborhood and I have seen it on like a google maps and stuff so it looks nice It's really just the price then you know it's got me through control here But,sale
600,1,181.655,185.52,Um,sale
600,0,185.52,189.385,"10 or 30,000 I can do that",sale
600,1,189.385,193.25,ah So so exactly who's going to be living in this house,sale
600,0,193.25,197.115,It's just me and my wife,sale
600,1,197.115,200.98,I,sale
600,0,200.98,204.845,we're,sale
600,1,204.845,208.71,see,sale
600,0,208.71,212.575,hoping to to have some kids and whatnot,sale
600,1,212.575,216.44,Yeah,sale
600,0,216.44,220.305,Hopefully fill,sale
600,1,220.305,224.17,Okay,sale
600,0,224.17,228.035,the other two rooms,sale
600,1,228.035,231.9,I see Okay Do you intend to um make any modifications to the house itself,sale
600,0,231.9,235.765,Um,sale
600,1,235.765,239.63,primitives,sale
600,0,239.63,243.495,Well the skeleton should be good Um It is kind of a cookie cutter house built in 1947 1 month So it's kind of baby boom So the bone should be fine Um You know a lot of the houses,sale
600,1,243.495,247.36,Yeah,sale
600,0,247.36,251.225,in the neighborhood of Good Bones maybe some like a new coat of paint or something But I I think from what,sale
600,1,251.225,255.09,Okay,sale
600,0,255.09,258.955,I've seen from the pictures it looks,sale
600,1,258.955,262.82,Mhm,sale
600,0,262.82,266.685,pretty good,sale
600,1,266.685,270.55,Okay Yeah Yes Yeah I recently fixed up the house a little bit Um So hopefully I don't know I don't know if everything every physical detail might agree with what you're looking for but um hopefully that'll change Hopefully that'll make it more convenient for you when you move in Uh Yes,sale
600,0,270.55,274.415,So 2 30 is probably the most I can offer Does that work for you,sale
600,1,274.415,278.28,Um Okay Yeah 2 30 sounds good,sale
603,0,0.0,4.184,Hello if you start your recording,sale
603,1,4.184,8.367,Hi there,sale
603,0,8.367,12.55,Yeah,sale
603,1,12.55,16.734,Yes I'm recording,sale
603,0,16.734,20.918,"Okay great me too I didn't know so hi thank you so much for your time and really excited to negotiate with you today Um So I see that the asking price for House I'm looking at is around $240,000 Um it's definitely a very beautiful home lots of different amenities Um But",sale
603,1,20.918,25.101,Mhm,sale
603,0,25.101,29.284,despite,sale
603,1,29.284,33.468,Okay,sale
603,0,33.468,37.651,that it does seem,sale
603,1,37.651,41.835,Yeah,sale
603,0,41.835,46.019,that,sale
603,1,46.019,50.202,mm,sale
603,0,50.202,54.386,there's not much that's been updated in the house besides the brick So that being said I was wondering how you would feel about negotiating down to about 2 22,sale
603,1,54.386,58.569,So uh I mean sure I mean not not necessarily everything has been updating the house,sale
603,0,58.569,62.752,Yeah,sale
603,1,62.752,66.936,I mean Relative,sale
603,0,66.936,71.12,Yeah,sale
603,1,71.12,75.303,to everything else in the area that this house is in it's in good shape and it does have a lot of those 90s and other updates that some of the others don't Um So I mean I can budge from from 240 I'm willing to but uh looking at I mean just some of the other houses in the area that were,sale
603,0,75.303,79.486,Mhm,sale
603,1,79.486,83.67,similar square footage but had less amenities than than this one I mean I don't know I don't think I'd want to want to go much lower than let's say tooth 2 36,sale
603,0,83.67,87.854,Can,sale
603,1,87.854,92.037,Oh,sale
603,0,92.037,96.221,you elaborate what amenities this house has that others in the area Do not that warrant An asking price of 2:40 or in this case negotiating down to 2:36,sale
603,1,96.221,100.404,yeah I think so Uh Depending on what you're looking for you know some of these things may be more important to you than others Uh You know we've we've done a great job with with the landscaping and keeping up to date I mean,sale
603,0,100.404,104.588,Mhm,sale
603,1,104.588,108.771,obviously the location is similar to other places but the the large eat in kitchen were with all the appliances um uh,sale
603,0,108.771,112.955,Mhm,sale
603,1,112.955,117.138,along,sale
603,0,117.138,121.322,Yeah,sale
603,1,121.322,125.505,with all the new decorations Um Just you know I was keeping my I knew I was coming up on on selling this house I was keeping my eye on these previous listings and and you know,sale
603,0,125.505,129.689,Yeah mm,sale
603,1,129.689,133.872,I'll just say this was not as nice I don't want to be you know I don't want to be,sale
603,0,133.872,138.055,Yeah,sale
603,1,138.055,142.239,too hard on,sale
603,0,142.239,146.423,Yeah,sale
603,1,146.423,150.606,them,sale
603,0,150.606,154.79,You know,sale
603,1,154.79,158.973,Yeah,sale
603,0,158.973,163.156,that I guess um counter argument to that would be the I think landscaping would necessarily warrant um such an exorbitant price Um Given that landscaping can you can definitely I think I could definitely find somebody to spruce up the place a little bit to my liking but also get the house in and of itself at a price that are more comfortable with,sale
603,1,163.156,167.34,So what would you be I mean what are we with what you're comfortable with I mean,sale
603,0,167.34,171.523,Uh,sale
603,1,171.523,175.707,what,sale
603,0,175.707,179.891,huh,sale
603,1,179.891,184.074,are we,sale
603,0,184.074,188.257,I so to 22 is my what I'm asking but obviously that's very different from to 36 of what you're asking Um I'm willing to budge a little bit more and paying to 26 so that would be a 10-K Difference between the two of us,sale
603,1,188.257,192.441,I mean that's,sale
603,0,192.441,196.625,Yeah,sale
603,1,196.625,200.808,that's not,sale
603,0,200.808,204.992,Mhm,sale
603,1,204.992,209.175,that's that's still,sale
603,0,209.175,213.358,Yeah,sale
603,1,213.358,217.542,kind of low Um You know I don't want to I,sale
603,0,217.542,221.726,Yeah,sale
603,1,221.726,225.909,know you you met me halfway on that right Um you know throwing the numbers at me but I mean based off of what other houses in the area have,sale
603,0,225.909,230.093,Right,sale
603,1,230.093,234.276,been going for you know 2 40 wasn't that far off the mark to begin with And I mean coming in at 2 to 26 I mean that's that's probably almost a standard deviation off of like what what others in the area are averaging for for you know like price per square footage and,sale
603,0,234.276,238.46,Mhm,sale
603,1,238.46,242.643,all that Um So I mean I,sale
603,0,242.643,246.827,Yeah,sale
603,1,246.827,251.01,I understand you know you meet me halfway but like and and I'm definitely willing to work with you here but I think it's gonna be just a little bit higher than that,sale
603,0,251.01,255.194,Okay,sale
603,1,255.194,259.377,Oh,sale
603,0,259.377,263.56,and I guess going off that how much higher would you be willing to negotiate at this time,sale
603,1,263.56,267.744,so there was this,sale
603,0,267.744,271.928,Mhm,sale
603,1,271.928,276.111,other house just just down the road um There was you know 18,sale
603,0,276.111,280.295,mm,sale
603,1,280.295,284.478,75 square footage went for for 233 you know this this is slightly less square footage but I mean at the same time you know what I mean you and me the difference between 30,sale
603,0,284.478,288.662,Right,sale
603,1,288.662,292.845,square feet is what half a closet So uh,sale
603,0,292.845,297.029,Right right,sale
603,1,297.029,301.212,So I think 233 is fair I would I would go as low as 233,sale
603,0,301.212,305.396,233 Even,sale
603,1,305.396,309.579,Yeah,sale
603,0,309.579,313.762,Is there any way I could get you to go a little bit lower than that,sale
603,1,313.762,317.946,I mean how much is a little bit lower,sale
603,0,317.946,322.13,About 1000 to 32,sale
603,1,322.13,326.313,2 32,sale
603,0,326.313,330.497,Chicken Yes,sale
603,1,330.497,334.68,You know I think I can do that,sale
604,0,0.0,8.655,Yeah,sale
604,1,8.655,17.31,I am ready,sale
604,0,17.31,25.965,I am also ready Yeah Actually let me double check for a second I am good Okay Yeah I am good,sale
604,1,25.965,34.62,Okay,sale
604,0,34.62,43.275,Right so okay I guess just start I guess,sale
604,1,43.275,51.93,Yeah,sale
604,0,51.93,60.585,Um You can see the you can see the comparable houses too Right,sale
604,1,60.585,69.24,Yes,sale
604,0,69.24,77.895,Um So yeah I think the asking price is a little too high compared to other houses with really similar amenities So I would very much appreciate something a lot closer to the wheelhouse of like 2 25,sale
604,1,77.895,86.55,Um I think um these these prices are no old too because um there hasn't been any sales um in the in this area I think that's why they reflect a little smaller so you might want to consider that Um But sure we can work something out,sale
604,0,86.55,95.205,Okay Yeah Do you I mean so what what are you How far are you willing to go out of 2:40,sale
604,1,95.205,103.86,Um Well I guess it depends on,sale
604,0,103.86,112.515,Yeah,sale
604,1,112.515,121.17,obviously there are other buyers but um Hey I want to I want to be as close as 2:40 right I'm sure you want to be as close to zero,sale
604,0,121.17,129.825,Right Obviously,sale
604,1,129.825,138.48,Uh,sale
604,0,138.48,147.135,Uh huh,sale
604,1,147.135,155.79,This is this is the price that I think is fair,sale
604,0,155.79,164.445,Yeah,sale
604,1,164.445,173.1,considering,sale
604,0,173.1,181.755,Yeah,sale
604,1,181.755,190.41,you know the area that I think it's a you know one of the prettiest houses in the neighborhood,sale
604,0,190.41,199.065,Um I mean I'm not going to be able to know that until you know I do a little more looking Um But I will say I really do like the place that you're offering up,sale
604,1,199.065,207.72,Mhm,sale
604,0,207.72,216.375,But I just don't think to 40 as possible Um I think taking into any account of housing values rising or whatever recently it definitely does not make any sense that I guess,sale
604,1,216.375,225.03,Yeah,sale
604,0,225.03,233.685,that you what you're offering is More expensive than a place that's 1920 sq ft I think just looking at the market I don't think I'll be able to go higher than what the 1875 place went for and I think that's really tight as I can go,sale
604,1,233.685,242.34,"Yeah Okay Well yeah you can see how it's not linear with square for the justice 1875 in the 1920 Um It's a difference of $6,000 Yeah but but I get it yeah So you're saying to 33 600 as high as you can go",sale
604,0,242.34,250.995,Yeah And that's already I mean that's a place that's bigger than yours and it's already cheaper So,sale
604,1,250.995,259.65,mm Yeah,sale
604,0,259.65,268.305,I think I'm already giving you I guess some market value when I'm taking that into account so,sale
604,1,268.305,276.96,Okay,sale
604,0,276.96,285.615,Uh huh,sale
604,1,285.615,294.27,okay so um mm Yeah that's but I think I was I really wanted to get to 235 but um Yeah you know continue to 34,sale
604,0,294.27,302.925,Sure Yeah Let's do 2:34,sale
604,1,302.925,311.58,Sorry I got a little choppy there was that,sale
604,0,311.58,320.235,Yeah Well let me look at my rules again,sale
604,1,320.235,328.89,Yeah,sale
604,0,328.89,337.545,Um Mhm From what I understand of my rules would you be able to accept 233 and 750,sale
604,1,337.545,346.2,sure,sale
606,1,0.0,5.003,I am,no sale
606,0,5.003,10.007,I I had to go to mine do,no sale
606,1,10.007,15.01,cool Um,no sale
606,0,15.01,20.013,just like,no sale
606,1,20.013,25.016,Yeah Okay I guess we just just start,no sale
606,0,25.016,30.02,yeah I just want to say there might be some um audio,no sale
606,1,30.02,35.023,Yeah,no sale
606,0,35.023,40.026,uh well it's on my part just some background noise so I apologize for that,no sale
606,1,40.026,45.03,No no my and my into it But,no sale
606,0,45.03,50.033,All,no sale
606,1,50.033,55.036,if,no sale
606,0,55.036,60.039,right,no sale
606,1,60.039,65.043,you're awesome Uh,no sale
606,0,65.043,70.046,perfect,no sale
606,1,70.046,75.049,Yeah As well,no sale
606,0,75.049,80.053,So let me start Um So I'm the bio I'm really interested in in buying a house as an investment Uh Not not something that I want to stay in but as an investment I wanna put,no sale
606,1,80.053,85.056,Yeah,no sale
606,0,85.056,90.059,it up to rant and then release a lot of profit later in the in the future And I saw an advertisement in the center of a review for your house Um And I did some analysis I had um you know data and um I would like to buy it So um so what's your asking price,no sale
606,1,90.059,95.062,Right Well Um well if you're trying to rent the house just as an investment I would say,no sale
606,0,95.062,100.066,Mhm,no sale
606,1,100.066,105.069,that this house is the perfect place to do it I am,no sale
606,0,105.069,110.072,Mhm,no sale
606,1,110.072,115.076,"asking for 240,000 Um",no sale
606,0,115.076,120.079,Mhm,no sale
606,1,120.079,125.082,This house comes with like four bedrooms It's right in the heart of centennial park So it's perfect for people who are looking for somewhere to stay temporary or long term It's got,no sale
606,0,125.082,130.085,Mhm,no sale
606,1,130.085,135.089,really decorated Um Yeah If you have any additional questions about characteristics of the home But,no sale
606,0,135.089,140.092,No I I think I have a good description of the amenities shared in the advertisement Um Yeah you quoted 2 40 right,no sale
606,1,140.092,145.095,yes,no sale
606,0,145.095,150.099,Oh awesome,no sale
606,1,150.099,155.102,To 40,no sale
606,0,155.102,160.105,Right So I was just looking at the prices of neighboring homes uh most of them larger than your house so your house is 1846 square feet,no sale
606,1,160.105,165.108,Yes,no sale
606,0,165.108,170.112,Um The that was a house sold which was more than Uh which was 1875 sq ft uh similar amenities that actually had a larger space and it was sold for uh Around two today 3 Um I am not looking to spend more than 225 just because this is an investment and since it's not someplace that I'm looking to stay myself I uh location is not the most important thing for me Um But I'm really impressed by yeah how is it has really good humanity is um I'm just looking to uh get a good bang for my buck so so I'd like to start with a two grand here Yeah,no sale
606,1,170.112,175.115,Yeah Well I hear you But that is um I believe I have access to the same information regarding the square footage of some of the surrounding homes,no sale
606,0,175.115,180.118,Mhm,no sale
606,1,180.118,185.121,Um while some of those surrounding homes do have larger square footage because,no sale
606,0,185.121,190.125,Yeah,no sale
606,1,190.125,195.128,I do have some more characteristics,no sale
606,0,195.128,200.131,Right,no sale
606,1,200.131,205.135,I think in regards to sizing of the particular rooms within the house my,no sale
606,0,205.135,210.138,Mhm,no sale
606,1,210.138,215.141,house does provide greater space in terms of recreational areas So,no sale
606,0,215.141,220.144,Mhm,no sale
606,1,220.144,225.148,if you're trying to rent out to,no sale
606,0,225.148,230.151,Yeah,no sale
606,1,230.151,235.154,larger families with kids or something I would say it's a good area,no sale
606,0,235.154,240.158,Yeah,no sale
606,1,240.158,245.161,and I know you said um 225,no sale
606,0,245.161,250.164,Mhm,no sale
606,1,250.164,255.167,is your french mark Um,no sale
606,0,255.167,260.171,Okay you are,no sale
606,1,260.171,265.174,If you're willing um I can drop my price down lower to 2:35 I realized that it's a bit closer to the 1875 square foot footage Um,no sale
606,0,265.174,270.177,Mhm,no sale
606,1,270.177,275.181,I know it's,no sale
606,0,275.181,280.184,wow,no sale
606,1,280.184,285.187,uh and it's yeah it's closer to that one that's similar in size However I do believe the amenities of this house um would provide would,no sale
606,0,285.187,290.19,Oh,no sale
606,1,290.19,295.194,provide better access to some recreational facilities and some of these other houses,no sale
606,0,295.194,300.197,Yeah I'm not sure about 2:35 I knew for a fact that I don't want to over we'll pay for something um Then it's worth and I feel like um But to 35 is is something I cannot uh I just can't make it just because you know we it's not in my budget to uh even pay more than A certain amount in 2:35 Just doesn't make the part Um Yes We could do something in the middle We could do something like a 2028 Which is closer to your ask Um it is also um around in the middle between the 1715 and 1875 as square footage House selling price So maybe around 1228 um works for you Um If that does be glad All right we make this meeting with you,no sale
606,1,300.197,305.2,Okay Um Can I put it up to 2:30 and no higher,no sale
606,0,305.2,310.204,Uh huh We can we can call it to 29 and and fix the price at 2 29 Not yours not mine 29,no sale
606,1,310.204,315.207,2.29,no sale
606,0,315.207,320.21,Sons,no sale
606,1,320.21,325.213,Yeah,no sale
606,0,325.213,330.217,Got,no sale
606,1,330.217,335.22,We can call it at 2:29 That works,no sale
616,0,0.0,9.277,Hello,sale
616,1,9.277,18.554,Bye mm I'm just started,sale
616,0,18.554,27.831,I'm sorry I couldn't hear you for a second but I think I can now,sale
616,1,27.831,37.108,All right is it good now,sale
616,0,37.108,46.385,Yeah Hi,sale
616,1,46.385,55.662,Okay awesome Okay,sale
616,0,55.662,64.939,"Right so Mhm Um I guess I'm willing to start um Yeah I'm willing to offer 200 20,000 at the gate I think that's a reasonable price to ask for for you know all the amenities and such Yeah",sale
616,1,64.939,74.216,"Uh huh Um All the asking price but I believe I have said it was 240,000 Um So a bit of a french there but I think this is a fairly even though the price for square feet is a bit higher than their homes in the area this is the house this is the it has been several months in the last house was sold in this um centennial park area and um a lot of the inside amenities I believe our birthday asking price um there's updated for landscaping and then um a lot of the house is newly decorated So I think um You mentioned the 220,000 asking price I think I was a bit lower than I would like to go",sale
616,0,74.216,83.493,Okay Yeah,sale
616,1,83.493,92.77,Mhm,sale
616,0,92.77,102.047,that's fair Um Yeah you know at the same time we haven't really gone you know in depth I don't know if there's any problems with the house Um And I guess we can always see where the appraisal comes in and go from there but I am certainly not willing to commit to 2 40 at this point just because I mean yeah homes in the area have come in under that even with another 100 square feet on the place So um Yeah I understand you know to 20 might be uh little low but I'm willing to go up you know probably another uh I'll go up to 2:30 but I I really can't go much higher Um but you know since that's about halfway in the middle of where we were thinking that might be reasonable,sale
616,1,102.047,111.324,Yeah I would agree Um I just knew this again Um,sale
616,0,111.324,120.601,Yeah,sale
616,1,120.601,129.878,Okay um,sale
616,0,129.878,139.155,Yeah,sale
616,1,139.155,148.432,So if possible I think that is a pretty fair medium I would like to push this a tab higher like maybe um 2 30 Three year to 32 just because um from the real estate investors I have talked to Um They've all agreed that to 40 is a reasonably third prize for a property like this or four bedrooms,sale
616,0,148.432,157.709,Right,sale
616,1,157.709,166.986,uh as well as a recreation,sale
616,0,166.986,176.263,Oh,sale
616,1,176.263,185.54,room Um,sale
616,0,185.54,194.817,right,sale
616,1,194.817,204.094,So,sale
616,0,204.094,213.371,Um Yeah let me think on that for a moment,sale
616,1,213.371,222.649,Mhm,sale
616,0,222.649,231.926,So um yeah here's the thing The price the like I'm just taking kind of like an average of you know how much a given square foot would cost and you know in houses in the area and stuff,sale
616,1,231.926,241.203,Mhm,sale
616,0,241.203,250.48,And though the one that is 1875 is comparable to uh what you just offered Um You know the one that goes for 2 13 at 7 17 15 square feet would actually come out to be uh Just under 2:30 Ah 1000 And um I believe hold on Yeah the same goes for the same goes for the one above that So it actually seems that the one that it seems that the you know on the on the neighbouring homes list you know it seems that the one that we would be comparing in terms of square footage is actually a little bit higher than the average of the neighborhood Um So I mean I don't know what the specific situation at home is maybe has like you know in ground pool uh Something crazy like that but you know um I just want to keep it reasonable in terms of scale to you know neighboring places That makes sense I mean uh let's see Yeah both,sale
616,1,250.48,259.757,Okay,sale
616,0,259.757,269.034,"of them both listing 80 you know both of the bottom and top listings Um if we're going by square footage and adjusting for you know us 1846 sq ft of space they both come out to to 29,000 So I do think that um 2 30s are pretty reasonable reasonable price for yeah for the area I don't know curious to hear your thoughts on that Mhm",sale
616,1,269.034,278.311,Yeah no I'm completely get where you're coming from Um So I do believe match Um this is one of,sale
616,0,278.311,287.588,Yeah,sale
616,1,287.588,296.865,the nicest houses in the centennial Park area especially with all the amenities the locations on being at the park and uh in essence have restaurants and transportation Um Do you also want to know that it has been like months since any other house in this area has Uh I've been on the market so um,sale
616,0,296.865,306.142,mm,sale
616,1,306.142,315.419,in terms of you know available houses for sale even though the pricing may be comparable at the moment Um I think have a lot of these houses haven't been list on the market yet Um So I think this does make this location a little more um competitive so um,sale
616,0,315.419,324.696,Okay,sale
616,1,324.696,333.973,yeah,sale
616,0,333.973,343.25,Yeah Okay Um So what's your what's your counter offer then,sale
616,1,343.25,352.527,um kind of offer Sorry what were we at We were at like,sale
616,0,352.527,361.804,Well,sale
616,1,361.804,371.081,two,sale
616,0,371.081,380.358,I was saying to 30 you know and,sale
616,1,380.358,389.635,30,sale
616,0,389.635,398.912,um,sale
616,1,398.912,408.189,Um,sale
616,0,408.189,417.466,proportion,sale
616,1,417.466,426.743,I would want to go for 2 33 or 2 32,sale
616,0,426.743,436.02,All right let's call it 2 32,sale
619,0,0.0,6.842,girl,no sale
619,1,6.842,13.684,let's let's try to reach a win win,no sale
619,0,13.684,20.526,Yes I agree,no sale
619,1,20.526,27.368,Okay,no sale
619,0,27.368,34.21,Okay Mhm,no sale
619,1,34.21,41.051,Okay If you are recording icon record Right,no sale
619,0,41.051,47.893,Yeah,no sale
619,1,47.893,54.735,Okay,no sale
619,0,54.735,61.577,Okay Um I think I'm supposed to start uh,no sale
619,1,61.577,68.419,Mhm,no sale
619,0,68.419,75.261,"So I was looking at like the house and I saw that the listing was for 240,000 or two",no sale
619,1,75.261,82.103,But,no sale
619,0,82.103,88.945,Yeah Um But that's a little high for me Um,no sale
619,1,88.945,95.787,Okay,no sale
619,0,95.787,102.629,"I was thinking more and maybe like the low 200,000 range Um Yeah what do you think about that",no sale
619,1,102.629,109.471,Okay Uh can I ask you some questions,no sale
619,0,109.471,116.313,Sure,no sale
619,1,116.313,123.154,Uh So is it are you buying the house for your own stay or is it for investment,no sale
619,0,123.154,129.996,um I'm just going to stay there,no sale
619,1,129.996,136.838,Okay And may I know how how big is your are you going to stay there alone or how big is your um like how many people are going to stay in the house And are they are family members,no sale
619,0,136.838,143.68,Uh Yeah just like a family so maybe right Me spouse and like two Children,no sale
619,1,143.68,150.522,Okay How how old are your Children,no sale
619,0,150.522,157.364,um like eight and 10,no sale
619,1,157.364,164.206,"Okay Okay Yeah So I thought if I if I if I can understand your needs better then we can have a better uh negotiation outcome Um So I think Currently yeah the distinct price is 240,000 However I actually think that this is a very fair price because if you can see um I believe you have information on the past listings Um uh",no sale
619,0,164.206,171.048,Mhm,no sale
619,1,171.048,177.89,"So I think prices have been so uh 200 So the from 213,000 239,000 And that that is like a few months ago and I believe that with the current situation um I I think you will agree with me that the current covid situation is getting more positive and more people are coming into the market to invest I get more confident in investing their money and buying up property So I believe that the I mean I think if you if you do some research the uh property prices on an upward trend So uh 240,000 is a very good price And uh and you can also so I can share more about the price of the house with you It's a it's a very nice house with Uh it's a four bedroom with one recreation room and",no sale
619,0,177.89,184.732,Mhm,no sale
619,1,184.732,191.574,2.5 bathrooms And you mentioned this is for your own stay right Uh for the master bedroom it actually comes with an entire wall of closets uh include which has a master bathroom So I think you will love the master bedroom You have enough space for your for your clothes Uh,no sale
619,0,191.574,198.416,Mhm,no sale
619,1,198.416,205.257,"and also it's a it has very beautiful landscaping So it's a it's a well maintained house So at 2,040,000 it's a good price for you",no sale
619,0,205.257,212.099,Okay,no sale
619,1,212.099,218.941,I,no sale
619,0,218.941,225.783,I understand Yeah,no sale
619,1,225.783,232.625,are you planning towards uh work use it as a home working space as well,no sale
619,0,232.625,239.467,Uh Yeah I think so Especially now with covid,no sale
619,1,239.467,246.309,Okay Okay And because there is there are four bedrooms so you have two kids Right Uh,no sale
619,0,246.309,253.151,Mhm,no sale
619,1,253.151,259.993,And so there's four bedrooms and one recreation room So with the covid situation you actually can have two rooms for working for you and your husband So,no sale
619,0,259.993,266.835,mm,no sale
619,1,266.835,273.677,play you and your spouse So I think yeah I think this house meet would meet your meat,no sale
619,0,273.677,280.519,Okay,no sale
619,1,280.519,287.36,Yeah What what do you think,no sale
619,0,287.36,294.202,I agree that it's a very nice house but if you look at the that selling price chart that you were talking about,no sale
619,1,294.202,301.044,Mm,no sale
619,0,301.044,307.886,as you can see the most expensive one was like 1920 sq ft,no sale
619,1,307.886,314.728,Mhm,no sale
619,0,314.728,321.57,Um But this one is like 1000 less,no sale
619,1,321.57,328.412,Yeah,no sale
619,0,328.412,335.254,at a higher price so I feel like it should maybe Not have the same price for that reason like,no sale
619,1,335.254,342.096,Okay,no sale
619,0,342.096,348.938,it's maybe,no sale
619,1,348.938,355.78,Yeah,no sale
619,0,355.78,362.621,"only 1000 more square feet than the 213,000 So maybe a price closer to 213 or like even to 20 like higher",no sale
619,1,362.621,369.463,Yeah,no sale
619,0,369.463,376.305,price would make more sense,no sale
619,1,376.305,383.147,Yeah I understand If you look at per square feet rise you would think that the price out price my prices higher But then you,no sale
619,0,383.147,389.989,Mhm,no sale
619,1,389.989,396.831,should also look at the efficiency of the house So this house has um it's very uh even though it might be smaller than the The 239 the house that is the biggest in,no sale
619,0,396.831,403.673,Mhm,no sale
619,1,403.673,410.515,the information that we have But then because it is uh if efficiently the they are is very efficient So you wouldn't feel like it's smaller than the other house Uh And also uh Actually 1000 square feet It's the difference is about uh Lester is 80 square feet difference um which is not significant Uh And also you should consider the other amenities Um That is that that this house has which I mentioned that you have a working what you have a you have a very big closet and you also has a connecting master bathroom and it has a very large kitchen I don't know if you are uh uh if you like cooking if you like cooking then this house it has a large kitchen with uh cooking appliances that you need And it's,no sale
619,0,410.515,417.357,Mhm,no sale
619,1,417.357,424.199,also newly decorated So it's a new house it feels like a newly renovated house Um So I think rather than just looking at the price per square feet you should also consider the other communities that this house comes with,no sale
619,0,424.199,431.041,Yeah I mean that's a good point and I agree that the new decorations and everything is an important factor But,no sale
619,1,431.041,437.883,Mhm,no sale
619,0,437.883,444.724,along with square feet and such I mean built in 1947 that's a little bit old I just,no sale
619,1,444.724,451.566,Mhm,no sale
619,0,451.566,458.408,have some worries because I know I'm like previous houses when they're old things tend to stop working or there's minor things that just don't match up with today's technology So that's,no sale
619,1,458.408,465.25,Yeah,no sale
619,0,465.25,472.092,another thing that I'm thinking about why A 240 Price Point is a little too high,no sale
619,1,472.092,478.934,Yeah It's even even though it's built in 1947 it's well maintained house and it's because it's also newly renovated uh newly decorated so you wouldn't feel like it's old So I think it's a good um balance And you you you have a few of a mob like the outside would look like a vintage house Where is the inside is modern and nice,no sale
619,0,478.934,485.776,Different,no sale
619,1,485.776,492.618,Yeah So,no sale
619,0,492.618,499.46,Yeah,no sale
619,1,499.46,506.302,"yeah I understand Um you still think that to 40,000 is too high right So",no sale
619,0,506.302,513.144,Yeah that's,no sale
619,1,513.144,519.986,I,no sale
619,0,519.986,526.827,just,no sale
619,1,526.827,533.669,do,no sale
619,0,533.669,540.511,too high for me,no sale
619,1,540.511,547.353,"Yeah I understand but I don't have some leeway but not by much because we have I have been receiving a lot of interest for this house and as I mentioned the property market is picking up So I would like to offer you uh $238,000",no sale
619,0,547.353,554.195,That's definitely closer to something I could do Um That's still a little too high for me though,no sale
619,1,554.195,561.037,Mhm,no sale
619,0,561.037,567.879,two for me to be able to buy I'd probably need something closer to like Between 225 230 might be my maximum price,no sale
619,1,567.879,574.721,Okay,no sale
619,0,574.721,581.563,point,no sale
619,1,581.563,588.405,"Uh What Would you be able to accept 235,000 So I think this is already a very good price because as I mentioned the property market is going up and I believe if I want to wait longer the price I would be able to hit my target price at 240,000 But I really like you as a buyer and I think you would take I love this house and I think you will take good care of this house So um I would like to offer you a good price at $235,000",no sale
619,0,588.405,595.247,Well thank you for the compliment but 235 is still slightly too high for me That's just a little bit more than I can afford right now I'd,no sale
619,1,595.247,602.089,Okay,no sale
619,0,602.089,608.93,still have to say 230 Somewhere around there is probably the absolute maximum I can do,no sale
619,1,608.93,615.772,"230 absolute mix Could could do Okay That's uh Could you accept 233,000",no sale
619,0,615.772,622.614,Um,no sale
619,1,622.614,629.456,"233,000 You have a deal You have you you have a house you had absolutely love",no sale
619,0,629.456,636.298,I would be able to do it for 230 2000,no sale
619,1,636.298,643.14,200 32 Uh Okay Okay Deal,no sale
627,0,0.0,3.837,Yeah,sale
627,1,3.837,7.673,Okay I got this Okay,sale
627,0,7.673,11.51,can you hear,sale
627,1,11.51,15.347,Yeah,sale
627,0,15.347,19.184,me still,sale
627,1,19.184,23.02,Yeah I can hear you,sale
627,0,23.02,26.857,It's [PERSON] What's your name,sale
627,1,26.857,30.694,Um This is blair,sale
627,0,30.694,34.53,Blair Good to meet you,sale
627,1,34.53,38.367,Mhm,sale
627,0,38.367,42.204,Um I am the buyer I assume you're the seller,sale
627,1,42.204,46.041,Yes I am,sale
627,0,46.041,49.877,Okay,sale
627,1,49.877,53.714,Mhm,sale
627,0,53.714,57.551,right on Um so uh,sale
627,1,57.551,61.387,How do you like the house,sale
627,0,61.387,65.224,thanks,sale
627,1,65.224,69.061,Mhm,sale
627,0,69.061,72.898,for asking Yeah I'm I'm interested in Centerville and,sale
627,1,72.898,76.734,Mhm,sale
627,0,76.734,80.571,I think you've got to think you've got a nice house here uh large,sale
627,1,80.571,84.408,Mhm,sale
627,0,84.408,88.244,house um you know uh kind of on the older side but it looks like you've All,sale
627,1,88.244,92.081,Yeah,sale
627,0,92.081,95.918,right So you've been the one who kind of made it stay nice,sale
627,1,95.918,99.755,Yeah,sale
627,0,99.755,103.591,updated,sale
627,1,103.591,107.428,we kind,sale
627,0,107.428,111.265,etcetera,sale
627,1,111.265,115.101,of you know we kind of renovated throughout the years and had a major renovation just like three months ago so it's been pretty nice,sale
627,0,115.101,118.938,Right on Yeah So,sale
627,1,118.938,122.775,Mhm,sale
627,0,122.775,126.612,um why are you why are you moving,sale
627,1,126.612,130.448,Yeah Moving because a job like you know um I got a new job and I try to want to uh,sale
627,0,130.448,134.285,Oh,sale
627,1,134.285,138.122,kind of want to get rid of this asset so I can buy a new asset in my new job location,sale
627,0,138.122,141.958,congratulations on,sale
627,1,141.958,145.795,Mhm,sale
627,0,145.795,149.632,the new job That's exciting,sale
627,1,149.632,153.468,Yeah Thanks so much,sale
627,0,153.468,157.305,Um for me uh you know I think that uh I'm looking to buy a house in Centerville um,sale
627,1,157.305,161.142,Mhm,sale
627,0,161.142,164.979,primarily it's kind of like well to to you know uh invest in it and and uh rented out for a few years Um,sale
627,1,164.979,168.815,Right,sale
627,0,168.815,172.652,and I think this was a really attractive property and I'm super interested in it And I see we both have access to the I guess all the description of the house that you're you're selling and as well as the comparable homes in the area,sale
627,1,172.652,176.489,Mhm,sale
627,0,176.489,180.325,So um yeah I think um I've been thinking about you know the,sale
627,1,180.325,184.162,Mhm,sale
627,0,184.162,187.999,best way that I'd like to make a deal with you Um I,sale
627,1,187.999,191.836,Yeah,sale
627,0,191.836,195.672,hope you'd like to make a deal with me uh and let me start by kind of sharing a little bit more about kind of my constraints,sale
627,1,195.672,199.509,Yeah definitely,sale
627,0,199.509,203.346,and what's important to me Um,sale
627,1,203.346,207.182,Sure,sale
627,0,207.182,211.019,But you know at the end of the day I would really like to find a way that this will work for both of us you know,sale
627,1,211.019,214.856,Uh huh,sale
627,0,214.856,218.693,Um,sale
627,1,218.693,222.529,Sure,sale
627,0,222.529,226.366,so we can you know leave leave this uh negotiation $30 richer Um,sale
627,1,226.366,230.203,Mhm,sale
627,0,230.203,234.039,uh Let's see here So the my biggest challenge is that I'm a little bit uh cost constrained on the front end like with the sale,sale
627,1,234.039,237.876,Yeah,sale
627,0,237.876,241.713,sale price,sale
627,1,241.713,245.55,Yeah I understand,sale
627,0,245.55,249.386,And,sale
627,1,249.386,253.223,that Everybody here,sale
627,0,253.223,257.06,that's all right But you know because I think I'm a bit unique in that I'm planning to rent this property And uh,sale
627,1,257.06,260.896,Mhm,sale
627,0,260.896,264.733,and I think that you know what I could do you know to to offset to to make it a better deal for you is pay you a kind of percentage of the rent that I'm gonna charge the tenants who are going to move in here I think,sale
627,1,264.733,268.57,Okay,sale
627,0,268.57,272.407,"that I can rent this house for $2,000 a month And so I do you have a pen and paper in front",sale
627,1,272.407,276.243,I do,sale
627,0,276.243,280.08,of you I just,sale
627,1,280.08,283.917,I,sale
627,0,283.917,287.753,have a,sale
627,1,287.753,291.59,do,sale
627,0,291.59,295.427,couple of ideas,sale
627,1,295.427,299.264,yeah,sale
627,0,299.264,303.1,of um I just thought of a couple different options and I just want to get your reaction to them and maybe you tell,sale
627,1,303.1,306.937,Sure,sale
627,0,306.937,310.774,me which one,sale
627,1,310.774,314.61,go,sale
627,0,314.61,318.447,sounds,sale
627,1,318.447,322.284,ahead And,sale
627,0,322.284,326.121,sounds,sale
627,1,326.121,329.957,I have,sale
627,0,329.957,333.794,the,sale
627,1,333.794,337.631,a,sale
627,0,337.631,341.467,best,sale
627,1,341.467,345.304,pen,sale
627,0,345.304,349.141,to,sale
627,1,349.141,352.978,hand paper,sale
627,0,352.978,356.814,Okay Um So uh so the first the first uh option I I thought of was um was to to set the what's it called The sale the sale price,sale
627,1,356.814,360.651,Mhm,sale
627,0,360.651,364.488,to Um Uh Well yeah looking at the cops I mean it's kind of You're asking prices to 40 right Which is um,sale
627,1,364.488,368.324,Yeah that's 2:40,sale
627,0,368.324,372.161,And and the cops are kind of One of them's right below 2:40 And then a couple of the others are a little bit lower than that And I know that you're square,sale
627,1,372.161,375.998,Mhm,sale
627,0,375.998,379.835,we don't really have much information on the camps but in terms of square footage your houses somewhere between the 1st and 2nd 1 on that list,sale
627,1,379.835,383.671,Yeah,sale
627,0,383.671,387.508,Um I wish I had more information on the camps,sale
627,1,387.508,391.345,Mhm,sale
627,0,391.345,395.181,"to be honest But you know we have what we have Um So um anyway the first option is to to sell the house at 200 and uh $205,000 And then I'd give you a 15 of the rent for the first five years Um that's $300 So for $2,000 a month that's $300 a month for",sale
627,1,395.181,399.018,There,sale
627,0,399.018,402.855,6:16,sale
627,1,402.855,406.692,will be a total,sale
627,0,406.692,410.528,months,sale
627,1,410.528,414.365,of 3600 a year,sale
627,0,414.365,418.202,Ah,sale
627,1,418.202,422.038,So,sale
627,0,422.038,425.875,Yeah,sale
627,1,425.875,429.712,you're gonna pay me rent for the first how many years,sale
627,0,429.712,433.548,Five years So 1515,sale
627,1,433.548,437.385,Five years,sale
627,0,437.385,441.222,of the rent for for the first five years,sale
627,1,441.222,445.059,Gotcha,sale
627,0,445.059,448.895,"So that's $300 times 60 months is $18,000",sale
627,1,448.895,452.732,Okay 18,sale
627,0,452.732,456.569,Uh huh,sale
627,1,456.569,460.405,K on top of 200 Carrie Gotcha,sale
627,0,460.405,464.242,"Uh huh So yeah So so a sale price of 2:05 uh Plus 15 of the rent At $2,000 for five years Um then the second idea had was maybe you know you need more cash up front you know so I thought of a couple other options would be helpful So maybe uh the sale price will be $212,000 Plus 15 of the rent for three years",sale
627,1,464.242,468.079,Okay,sale
627,0,468.079,471.916,Okay,sale
627,1,471.916,475.752,to 12 K Plus 36 in 10 3 years Okay That's another thing Kay that's about the same So honestly there is no preference um There's no preference on my end The only thing here is you know,sale
627,0,475.752,479.589,I'm,sale
627,1,479.589,483.426,that,sale
627,0,483.426,487.262,so sorry,sale
627,1,487.262,491.099,much,sale
627,0,491.099,494.936,but I had one,sale
627,1,494.936,498.773,Yeah,sale
627,0,498.773,502.609,more one more idea for you just to give you,sale
627,1,502.609,506.446,Sure,sale
627,0,506.446,510.283,all the ideas I thought of So if the rent situation doesn't do it like if that doesn't isn't meaningful for you um,sale
627,1,510.283,514.119,Mhm,sale
627,0,514.119,517.956,"then I could just Pay you $223,000 upfront and with no no rent sharing Right",sale
627,1,517.956,521.793,Yeah,sale
627,0,521.793,525.63,Yeah,sale
627,1,525.63,529.466,God that's very interesting You know originally I was like oh I don't like the renting idea because money,sale
627,0,529.466,533.303,Yeah,sale
627,1,533.303,537.14,today is worth more than money tomorrow I definitely want to get all of the upfront because as time goes money becomes less and less valuable So,sale
627,0,537.14,540.976,Mhm,sale
627,1,540.976,544.813,"my options definitely you know pay upfront But you know if that doesn't work for you and you just cannot give me so much money where you can find it Right mortgage That's totally fine But what concerns me it's a total price So I know if you look at the comments that our square footage is just right in between There's something just you cannot just look at square footage One thing you'll notice we have a garage for like 2.5 cars I can guarantee you if you have something like that that is They're going to jack up the rent for so much because for a regular apartment for each car you're paying about $200 per Um per month So if you have such a large garage I guarantee you can maybe offer a $3,000 And also this is a four bedroom four bedroom place you definitely can Like um charge more rent So this house definitely worth more than if you rent it out with more than 2000 a month So to be honest with you I cannot do anything Um I cannot do this price Um Also if you're going to look at this we just renovated it's a little bit on the other side but I guarantee you we renovated to the most up to date facilities and clients you just cannot find any market So to be honest I cannot accept this price But with that being said I'm happy to like if you offer me another price we can talk about it",sale
627,0,544.813,548.65,Yeah I appreciate you being transparent with me and wow we've only got six minutes left so um So it sounds like that of the three options I presented like it's mostly about the price for you right So,sale
627,1,548.65,552.487,it's,sale
627,0,552.487,556.323,looking,sale
627,1,556.323,560.16,about,sale
627,0,560.16,563.997,at the,sale
627,1,563.997,567.833,price,sale
627,0,567.833,571.67,third option so,sale
627,1,571.67,575.507,Yeah,sale
627,0,575.507,579.344,"if we just focus focus on the third option like 223,000 that I offered that's too low for you And the",sale
627,1,579.344,583.18,Mhm,sale
627,0,583.18,587.017,way I kind of I thought about it was you know it's It's in between that 1st and 2nd comp right 223-13-33 And the square footage is the only data that we have to compare the houses against and the square,sale
627,1,587.017,590.854,Yeah,sale
627,0,590.854,594.69,footage is between there Um I believe you that you know it's a it's a nice house I just don't know how this the furnishings of this house compare with the comp houses because I don't have you know I don't have that information unfortunately,sale
627,1,594.69,598.527,it said with similar characteristics so I believe they are all approximately sane I,sale
627,0,598.527,602.364,Okay,sale
627,1,602.364,606.201,mean by all means you can talk to them and have a tool around but I can guarantee you um price isn't everything You are also going to look at maintenance in the future That's all,sale
627,0,606.201,610.037,Mhm,sale
627,1,610.037,613.874,the houses kinda have like you know renovated in the past and it's been yours Maybe in the future you're going to put more money into renovation as well as the location I believe my house as most the best um location just across the other houses so I don't think that is um like something to talk about so um to be honest with you um according to this camp if you just want to place our house in between the square footage that's the price I cannot accept um,sale
627,0,613.874,617.711,Okay,sale
627,1,617.711,621.547,that I,sale
627,0,621.547,625.384,Yeah,sale
627,1,625.384,629.221,would look at When I look at the Second House the square footage of 1875 I think that's a fair estimate of our house and we can try to negotiate something around that but,sale
627,0,629.221,633.058,Mhm,sale
627,1,633.058,636.894,anything below that not possible,sale
627,0,636.894,640.731,I,sale
627,1,640.731,644.568,Mhm,sale
627,0,644.568,648.404,see I appreciate you appreciate you sharing that I appreciate you sharing that with me Um So yeah I wish we had again I wish we had more information I guess they are similar characteristics and I don't know which ones have been remodeled,sale
627,1,648.404,652.241,Mhm,sale
627,0,652.241,656.078,or not But um I I appreciate that to 23 is too low for you Uh and you want to negotiate around the 233 mark,sale
627,1,656.078,659.915,Yeah,sale
627,0,659.915,663.751,Um What you know I am price constrained as well and so I'm I'm Just 2 33 is really high for me What's the best um you know what's the best price that you you could take for this house I think you know is is,sale
627,1,663.751,667.588,Mhm,sale
627,0,667.588,671.425,to I'm trying to think here Um,sale
627,1,671.425,675.261,If you cannot pay such upfront um I mean the renting plan also works well for me,sale
627,0,675.261,679.098,Okay so um let's see if we got the Price up to two So it's 2 23 Now,sale
627,1,679.098,682.935,Yeah,sale
627,0,682.935,686.772,what if we did uh 20 rent for five years,sale
627,1,686.772,690.608,20 rent on the sea Um,sale
627,0,690.608,694.445,Mhm,sale
627,1,694.445,698.282,Okay,sale
627,0,698.282,702.118,"So that I had another $6,000 so that would bring the The effective price up to 229 if I'm during the mouth Right But I'd pay you um AM I doing that right Yeah but",sale
627,1,702.118,705.955,So,sale
627,0,705.955,709.792,I pay you,sale
627,1,709.792,713.628,20,sale
627,0,713.628,717.465,5,sale
627,1,717.465,721.302,yeah,sale
627,0,721.302,725.139,up,sale
627,1,725.139,728.975,2024,sale
627,0,728.975,732.812,front,sale
627,1,732.812,736.649,K,sale
627,0,736.649,740.485,Yeah,sale
627,1,740.485,744.322,So if you pay me 205 up front at 24 K they'll give me too 29 K,sale
627,0,744.322,748.159,Mhm,sale
627,1,748.159,751.996,hmm interesting Uh again like you mentioned before money today is worth more than tomorrow So I like your plan and I would love to have you know the starting up front price a little bit higher And what what about we reach it too Say 2 30 total,sale
627,0,751.996,755.832,Well what if I I totally get the time value of money concept What if instead I just paid you to 29 uh,sale
627,1,755.832,759.669,up,sale
627,0,759.669,763.506,upfront,sale
627,1,763.506,767.342,front Mm Kind of indifferent What about this Let me think,sale
627,0,767.342,771.179,That's that's the 229,sale
627,1,771.179,775.016,that's the best,sale
627,0,775.016,778.853,is,sale
627,1,778.853,782.689,you can pay,sale
627,0,782.689,786.526,Yeah it's really it's really making me pretty indifferent Also,sale
627,1,786.526,790.363,Mm Okay I think you can walk around see other houses to be honest to 30 or something Like the last price I would take So wow,sale
627,0,790.363,794.199,2:30 is the best price or the,sale
627,1,794.199,798.036,Mm,sale
627,0,798.036,801.873,best,sale
627,1,801.873,805.71,The,sale
627,0,805.71,809.546,best,sale
627,1,809.546,813.383,lowest,sale
627,0,813.383,817.22,is your best,sale
627,1,817.22,821.056,price,sale
627,0,821.056,824.893,price,sale
627,1,824.893,828.73,I can take Yeah I mean you can go and see the other houses if you like them I mean it might be a deal for you but to 30 if you look at square footage that's kind of a bargain there,sale
627,0,828.73,832.567,I understand that It's kind of around that to 33 mark Um I could are you better off making a deal with me or not,sale
627,1,832.567,836.403,I I don't care about like making deal Seriously Don't care about the gift card I want to go value all of this,sale
627,0,836.403,840.24,I understand Okay Um Let's do 2 to 30 Do you agree to 2 30 up front Just,sale
628,0,0.0,7.561,Hi,sale
628,1,7.561,15.123,Hi Hi,sale
628,0,15.123,22.684,Fine Hi I'm E W 6 to 8 Um I'm interested in um yeah looking at your single house Um It looks fabulous Why are you selling,sale
628,1,22.684,30.245,Yeah so I'm moving from the area Um And it's a great area to live in So um yeah just was looking to move for for work,sale
628,0,30.245,37.806,for work How long have you lived in this uh in this house,sale
628,1,37.806,45.368,a couple of years Um Yeah and I love the area it's a really great area to to live in um great restaurants you can get anywhere around the city Transportation is really near there's two Parks nearby So I really enjoyed living here,sale
628,0,45.368,52.929,Yeah,sale
628,1,52.929,60.49,Yeah,sale
628,0,60.49,68.051,so you've only lived in this house for a couple of years And who did you buy it from Who are their previous owners,sale
628,1,68.051,75.613,Um It was it was a family I previously lived here Um But yeah I don't know if you're looking for a name I'm not I don't know,sale
628,0,75.613,83.174,No I just I was kind of curious because you know it looks like a great house and you've only been there for like two years I guess this job that you're moving to is um,sale
628,1,83.174,90.735,yeah I'm moving out of the city for for a job so you know,sale
628,0,90.735,98.296,Mhm Um,sale
628,1,98.296,105.858,uh if I could stay here I would have loved to stay here but you know for works,sale
628,0,105.858,113.419,mm,sale
628,1,113.419,120.98,Mhm,sale
628,0,120.98,128.541,Well I understand Um You know I have a certain budget and I you know I was kind of curious have you um done any thing in the house since you live here,sale
628,1,128.541,136.103,Yeah it's all newly been um decorated I've redone the landscaping Um everything's been fenced and like the outside has been taking the time to you know take care of Our landscaping are like trees and stuff really well Um Inside we have like all hardwood floors um,sale
628,0,136.103,143.664,Mhm,sale
628,1,143.664,151.225,uh,sale
628,0,151.225,158.787,Well yeah I,sale
628,1,158.787,166.348,looking,sale
628,0,166.348,173.909,always locked,sale
628,1,173.909,181.47,at the photos you can sort of tell that it's it's an older home but uh it's been really well maintained and it really has like a new house feel to it,sale
628,0,181.47,189.032,Mhm,sale
628,1,189.032,196.593,mm,sale
628,0,196.593,204.154,Um Well I I was looking at um um could you confirm the asking price What did,sale
628,1,204.154,211.715,Yeah,sale
628,0,211.715,219.277,you really Yeah What was that,sale
628,1,219.277,226.838,Yeah so I have a couple of friends who are in real estate and so you know talking with them and um you know being in the area for several years I've seen um some of the homes nearby and so our asking price is 240,sale
628,0,226.838,234.399,Uh,sale
628,1,234.399,241.96,um,sale
628,0,241.96,249.522,huh,sale
628,1,249.522,257.083,you know with the opinions of others and you know the the comparative ble sort of homes in the area,sale
628,0,257.083,264.644,Mhm Well I um I was a little concerned about the when it was built because I don't um no if the the pipes have been replaced at all because of a lot of cities really didn't,sale
628,1,264.644,272.205,Mhm,sale
628,0,272.205,279.767,you know I'm afraid of lead put it that way and I really don't want to put in a whole water filtration system in the home So do you have any information about that,sale
628,1,279.767,287.328,I do not but I'm sure it'll be part of the assessment Um And if not I'm happy to to sort of throw that in uh,sale
628,0,287.328,294.889,Right,sale
628,1,294.889,302.451,if you would like the water in the home tested prior to purchasing,sale
628,0,302.451,310.012,Mhm Well um,sale
628,1,310.012,317.573,Oh,sale
628,0,317.573,325.134,I noticed that um going through the walking through the house um it is a split level and um I wondered if the property and your neighbors and I haven't actually gone into any of their other houses or talk to your neighbors but um I'm a little bit concerned about possible flooding in the area Has that ever happened to you,sale
628,1,325.134,332.696,Oh no,sale
628,0,332.696,340.257,Oh okay Okay,sale
628,1,340.257,347.818,Yeah Um I don't know I mean in my area itself but I don't think I've heard of that so maybe in the larger area of the city maybe but not not this not for me and my neighbors,sale
628,0,347.818,355.379,Mhm,sale
628,1,355.379,362.941,Mhm,sale
628,0,362.941,370.502,I was kind of curious as to why the homes around your house um don't have any um um solar panels,sale
628,1,370.502,378.063,mm That's a great question I think you know it's sort of a new thing in a personal choice at this point Um and I just I don't think any of my neighbors have really invested in that you know it's it's an expensive investment and it takes you know years to sort of have that return,sale
628,0,378.063,385.624,Mhm Um,sale
628,1,385.624,393.186,Okay,sale
628,0,393.186,400.747,and I,sale
628,1,400.747,408.308,Yeah,sale
628,0,408.308,415.869,don't know I'm asking very specific questions because I do um I do travel a lot and I need to have really good um internet service So um what kind of um do you have Fiber optics cable satellite what do you have in your facilities and what is your throughput,sale
628,1,415.869,423.431,Um I don't have like fiber optics We just have sort of the I'm not actually 100 sure I use like Comcast I have had great Internet for years you know we're in a good city that has great coverage And so I've never had to sort of worry about that I'm not a really like computer persons I don't know the exact if that's something that you're very interested in and how exactly we get the internet in the area But I know I have Comcast and the neighbors murals have that and I've never had issues I have a router upstairs and router downstairs and that works well,sale
628,0,423.431,430.992,Mm Okay Okay Um yeah because I I have a lot of um you know I need a lot of data transfers,sale
628,1,430.992,438.553,Yeah,sale
628,0,438.553,446.115,in the work that I do I did a lot of analysis so um yeah that that might be something to consider Well is is are you really firm with that price that you have Um because there are you know without having you know um a building inspector like a building inspector come in and and kind of go through um do a walk through a thoroughly of all the different either the logistics like the electrical plumbing and you know different things like that Um How quickly do you want to sell,sale
628,1,446.115,453.676,Um So I've only been on the market for a month now Um So you know I'm I'm willing to wait a little bit I'm um yeah I do think like this this area is a great area um in a really nice area So I have a little bit of wiggle room um that I'm willing to make Um but not not like a ton I'm not really in that sort of desperate stage yet to sort of get this off my hands Um Where where do you see sort of your range,sale
628,0,453.676,461.237,Well,sale
628,1,461.237,468.798,born,sale
628,0,468.798,476.36,I think 240s,sale
628,1,476.36,483.921,It's,sale
628,0,483.921,491.482,a,sale
628,1,491.482,499.043,very,sale
628,0,499.043,506.605,little,sale
628,1,506.605,514.166,lonely,sale
628,0,514.166,521.727,for me I would,sale
628,1,521.727,529.288,shot,sale
628,0,529.288,536.85,say anywhere between,sale
628,1,536.85,544.411,Mhm,sale
628,0,544.411,551.972,um,sale
628,1,551.972,559.533,Mhm,sale
628,0,559.533,567.095,um I mean the I guess when the when the house was built a little bit of concern only only because um wood burning fireplaces and things like that there may be um you know a lot of um renovations that may need to take place Um For example and uh I would imagine that you haven't had the flu's cleaned and uh you know beautiful landscaping I mean it's a really beautiful place although like yourself I'm not in a real big hurry I'm looking at um something that that won't necessarily,sale
628,1,567.095,574.656,Yeah,sale
628,0,574.656,582.217,require a lot of um renovations I guess what I'm saying because of the area there it's yes improvement finding finding great contractors is really a problem in the area and I know that I'll have to pay top dollar for that so um I'm thinking my range is anywhere between 215 and 2:30 um depending on what the building inspector find,sale
628,1,582.217,589.779,Mhm,sale
628,0,589.779,597.34,Um How does that sound to you,sale
628,1,597.34,604.901,2 15 would be like I I could not do that Um Would you be willing to do like 2:33,sale
628,0,604.901,612.462,Mhm,sale
628,1,612.462,620.024,That would be about 7000 off of what whatever asking and hopefully enough room for you or whatever um to make your home like you know the way you sort of wanted to be You know I've been happy and I haven't had issues but you know if there are certain things you want to add to the home,sale
628,0,620.024,627.585,Um Well I said I mean if I,sale
628,1,627.585,635.146,Mhm,sale
628,0,635.146,642.707,would have to do um you know changing all the plumbing lines um and then I guess the throughput would be a concern to me because then I'd have to put like satellite dish um and that's not really attractive Um um,sale
628,1,642.707,650.269,Sure,sale
628,0,650.269,657.83,I would say at least well with plumbing you know how plumbing is is you don't have to change all the pipes within you know leading into the house and then not knowing the city's own infrastructure um uh initiatives about changing the piping That's I guess that's what's concerning me Um My alternative would be to bring in my own water and I'm not sure if I could even do that so um,sale
628,1,657.83,665.391,Yeah,sale
628,0,665.391,672.952,Yeah,sale
628,1,672.952,680.514,I mean I I would say like no one in the area has had issues like that and I would say I think like if you're concerned about you know and internet and I think you'd have to do that with most homes I think most homes are not equipped for you know high data transfer Uh Most people are you know it's a family area so um using you know like five for a T V And you know sending emails Um I would be willing to do to 30 but I'm not willing to go any lower than that,sale
628,0,680.514,688.075,Okay,sale
628,1,688.075,695.636,Mhm,sale
628,0,695.636,703.197,All right,sale
628,1,703.197,710.759,Mhm,sale
628,0,710.759,718.32,Um Yeah I I think that can I put a soft contract on that until 2 30 Um Yeah I mean we could shake on 2 30,sale
637,1,0.0,8.523,Yeah Yeah Yeah Mhm Yeah,sale
637,0,8.523,17.047,Yeah,sale
637,1,17.047,25.57,Hi,sale
637,0,25.57,34.094,you're married,sale
637,1,34.094,42.617,Yes Can you hear me,sale
637,0,42.617,51.141,Yes,sale
637,1,51.141,59.664,okay awesome,sale
637,0,59.664,68.187,You're really going,sale
637,1,68.187,76.711,Yeah Above recording,sale
637,0,76.711,85.234,okay Perfect Well,sale
637,1,85.234,93.758,Yeah,sale
637,0,93.758,102.281,great Um thanks,sale
637,1,102.281,110.805,Mhm,sale
637,0,110.805,119.328,"so much for agreeing to meet with me today I your house is beautiful and I am prepared to make you an offer today Um up $220,000",sale
637,1,119.328,127.851,awesome I'm so glad that you love the house And um was uh considering your offer I think it's great I was wanting to know if you have any questions about it or um you know anything I could answer help you make your decision,sale
637,0,127.851,136.375,Um No I mean I think it looks great It's I like the neighborhood it's in Um Just the the asking price was a little bit higher just relative to some of the other homes in the area based on on how big it is Um But I mean the house itself it's beautiful It's exactly what I'm looking for and I think it would be really great fit,sale
637,1,136.375,144.898,"Okay great Um Well to um Mhm just let you know I think um it's only been on the market for a couple of weeks so we're really hoping to um Sell at a higher price I'd be willing to come down from the asking price but not to to $2,220,000 Um we'd like to sell um closer to our asking price of Uh $240,000",sale
637,0,144.898,153.422,Sure sure totally understand Um You know I know in today's market actually having it on the market,sale
637,1,153.422,161.945,Mhm,sale
637,0,161.945,170.469,for a few weeks is it actually feels like it's been there for a long time so that surprises me Um No houses are going really fast Um I I can come up perhaps just a little bit I'd be willing to go to 225 if that would would work for you all,sale
637,1,170.469,178.992,Yeah Um I think thank you so much for being willing to negotiate Um we are really you know confident in our in our asking price of 240 even though it has been on the market this neighborhood is really amazing And one of the reasons um some houses may have gone for less It's just because people don't move out of this neighborhood very often So we're really hoping to um sell at 235 Do you think you could come up to that number,sale
637,0,178.992,187.515,Uh some 35 is going to be pushing my budget Um you know and looking at some of the other selling prices I just in the neighborhood given given how big the house is I I don't think I can go any higher than,sale
637,1,187.515,196.039,Yeah,sale
637,0,196.039,204.562,2 30 I just I think relative to the other homes,sale
637,1,204.562,213.086,wow,sale
637,0,213.086,221.609,in the neighborhood more than 2:30 would be would be um,sale
637,1,221.609,230.133,Great,sale
637,0,230.133,238.656,a lot Uh,sale
637,1,238.656,247.179,Yeah,sale
637,0,247.179,255.703,But but totally understand um And I appreciate you you're willing to meet me meet me in the middle a little bit,sale
637,1,255.703,264.226,Um Yes so I know that to 35 might be a little bit more for the space but I'm not sure that those other homes that sold for more than that had all the recent amenities that we've included like the new decorations and the two fireplaces which is so nice,sale
637,0,264.226,272.75,Yes,sale
637,1,272.75,281.273,Heading into summer Um and uh the outdoor spaces and the detached garage So what if we settled on 2:32,sale
637,0,281.273,289.797,You know I'm what I'm looking at is is um prices for homes that have pretty similar characteristics So so that I guess I think the 2:30 is should be should be a fair offer given given that these houses you know ones that are Even a house that's bigger only went for 2:33 So I think to 30 is would would still be if we can make to 30 work Um That would be my preference,sale
637,1,289.797,298.32,All right well um you drive a hard bargain but I definitely see what you're saying with the comparable prices So I would be willing to Accept your offer for 230,sale
638,0,0.0,9.201,Okay I just started,sale
638,1,9.201,18.403,Okay Sounds good,sale
638,0,18.403,27.604,Okay Um So I am the buyer,sale
638,1,27.604,36.806,Mhm,sale
638,0,36.806,46.007,um and I am looking for a house,sale
638,1,46.007,55.209,Yeah,sale
638,0,55.209,64.41,um and I have toward this house that you're selling Um And I'm interested in potentially buying this house,sale
638,1,64.41,73.611,Mhm Sounds good,sale
638,0,73.611,82.813,Uh huh Mhm Um Yeah so I guess I'm just curious is there anything that you would like to share with me about this house Because I've seen it now but would love to just get to know it more from the cellar,sale
638,1,82.813,92.014,Yeah So basically this is one of the houses that I own,sale
638,0,92.014,101.216,Mhm,sale
638,1,101.216,110.417,and I really like this house Um I um I have some details about um either like the inside or the outside um um energies including like the furnitures or like um I believe that the insect is also very newly decorated and all the furnitures are um like really purchase it Um So you want more details on that or um do you want us to like maybe start like the price negotiation part,sale
638,0,110.417,119.619,I'm actually a little curious about that So you mentioned that the house is furnished but I wasn't actually expecting to purchase the house furnished because I have my own furniture,sale
638,1,119.619,128.82,Okay I see Um So basically for the inside um we have all the basic stuff Um So we have two fireplaces um a master bedroom with an entire wall of closet plus a master bath So um for the furniture part um I guess I'm more referring to like the um and our declaration and I like the um the more essential stuff but not like so far or like tv like that,sale
638,0,128.82,138.021,Let me see,sale
638,1,138.021,147.223,Mhm,sale
638,0,147.223,156.424,Okay,sale
638,1,156.424,165.626,Um And then for the kitchen we have a really large eat in kitchen with,sale
638,0,165.626,174.827,Right,sale
638,1,174.827,184.029,all the essential appliances Um If that's yeah,sale
638,0,184.029,193.23,Got,sale
638,1,193.23,202.431,and,sale
638,0,202.431,211.633,it,sale
638,1,211.633,220.834,then for the outside we have a fenced backyard and um mortuary trees Um We also have a detached garage which can hold 2 2.5 cars [PERSON] and um a lot of restaurant and transportation are just within the working distance Um And it's also very close to um like the parks,sale
638,0,220.834,230.036,Okay Cool So it kind of sounds like a nice suburb to live in Um And you know I walked around the area and I generally like the area I think it would be like a good place for a family to live,sale
638,1,230.036,239.237,Mhm,sale
638,0,239.237,248.439,Um My is my only or one of my concerns is that I know you said that the inside of the house is newly renovated but the,sale
638,1,248.439,257.64,Mhm,sale
638,0,257.64,266.841,outside is still like pretty old and I feel like the foundation of the house is a little old So I'm just wondering like do you have any like do you know if that has been upgraded or is that more work that I'll have to put into the house later on,sale
638,1,266.841,276.043,Um I know that we saw for the inside we just have a um newly finished hardwood floors So we did the inside basically everything new um for the outside um for within the house um We have like um we take care of our um like the backyard very carefully but for like the neighborhood because we don't really have like a control over that Um,sale
638,0,276.043,285.244,Mm,sale
638,1,285.244,294.446,So yeah the house was like a little bit old when it was built I think it was probably a couple of decades ago Um,sale
638,0,294.446,303.647,Mhm,sale
638,1,303.647,312.849,But for everything inside of the house I promise to take nearly it's all nearly done Um Right,sale
638,0,312.849,322.05,Okay Yeah that sounds good Um Yeah I think to be fully transparent with you my like what I'm willing to pay is like around 200K I'm also just like generally looking around the area like your house is nice and I do like it but I'm also looking at a few other houses and they actually seem to be around that price So I'm curious like what you're looking for for the house,sale
638,1,322.05,331.251,"Okay Um let me see 1/2 Um So I also know a couple of um um like neighboring houses and their respective price Um I think um what I am willing to maybe start over negotiation it's a price that's around Um So my most ideal price or like the initial listing price it's somewhere around 2 250,000 Um But I do know that um compared to like the other um houses around um it's a little bit higher listing price",sale
638,0,331.251,340.453,Mhm,sale
638,1,340.453,349.654,Um um So I have the price for a couple more um like neighboring homes and I think those are raising the range of like Um to 40 or 2 35 something like that So I think um do you think 2 40 Um It's something that you will be willing to take,sale
638,0,349.654,358.856,So my concern is that well 1st 50:40:00 is actually out of my range but looking because I also have I think we have the same,sale
638,1,358.856,368.057,Yeah,sale
638,0,368.057,377.259,"process um for the other houses And I believe this house is let's see this house is 18 46 square feet But I'm seeing a house here that is actually slightly larger than this house that sold for around 2 33,000",sale
638,1,377.259,386.46,Mhm,sale
638,0,386.46,395.661,And,sale
638,1,395.661,404.863,Mhm,sale
638,0,404.863,414.064,that was like 37 square feet more,sale
638,1,414.064,423.266,Yeah,sale
638,0,423.266,432.467,Well I feel like to 40 is a little high especially just I guess given my willingness to pay because this house like for me is it's more of an investment I guess And so I'm actually also looking at other options,sale
638,1,432.467,441.669,Okay,sale
638,0,441.669,450.87,so I don't have to buy the songs It's like it's not a house that I plan to like actually living,sale
638,1,450.87,460.071,Yeah I think that makes sense Um So another thing is that so I also have um the information about that house and I think they do have a listing price that's like 2 33 ish Um with a little bit more square feet Um But I think regarding like uh like buying a house like the square feet it's not kind of like not the solo um standard for um like this deciding other price just because um we also have a better location and um we have so the the inner declaration we spend tons of money on that Um So I guess um I'm willing to maybe um lower the price for a bit too like um I think it if you have like anything that's kind of like below 2 30 then it's like I'd rather not to sell the house,sale
638,0,460.071,469.273,Mhm,sale
638,1,469.273,478.474,um From my perspective So um I'm willing to like um kind of see if we can go anywhere from there like um to start digi something um Maybe 22 32 33 or 2 32 something like that Do you think that's possible,sale
638,0,478.474,487.676,Um that is slightly on the that's like definitely on the high end of my spectrum but if it's 2:30 I would be willing to buy it,sale
638,1,487.676,496.877,Um 2 30,sale
638,0,496.877,506.079,Mhm,sale
638,1,506.079,515.28,Uh Yeah I think that works,sale
644,0,0.0,12.649,Hi how are you,sale
644,1,12.649,25.297,then hurry up,sale
644,0,25.297,37.946,I'm good How would you,sale
644,1,37.946,50.595,doing,sale
644,0,50.595,63.243,Yeah,sale
644,1,63.243,75.892,pretty well Mhm,sale
644,0,75.892,88.541,all you're selling this house,sale
644,1,88.541,101.189,I am selling this house I,sale
644,0,101.189,113.838,Okay,sale
644,1,113.838,126.486,I really do love it but I think it's just time to sell it you know,sale
644,0,126.486,139.135,"Yeah I've looked around It seems to be the kind of property you're looking for based on what other people are selling around this place I'll be willing to go for something like 223,000 Just looking at the listing number 89 oh 6898 Similar to this Uh I think will be reasonable That one has 100 square feet less and costs about 10,000 less",sale
644,1,139.135,151.784,"Um yeah I think we're a little bit far off I'd say we definitely do have a lot more square feet which really matters And also not sure when that house was built but this house being built in 1947 and recently redone um definitely looking to sell it for much higher I would say I would start My asking price probably more so around 2:45,000",sale
644,0,151.784,164.432,ST 2 45,sale
644,1,164.432,177.081,Yes,sale
644,0,177.081,189.73,"So this is strange You're you're often listed it as 20 240,000 and nothing more Uh",sale
644,1,189.73,202.378,Well I wouldn't say not I wouldn't say nothing more but,sale
644,0,202.378,215.027,"Yeah nothing Well no this is this is definitely too too high for me I I couldn't go for that much If if I had If it were an option for me to spend this much money on a house I would buy the 30 probably listed there The one that has 1920 sq ft and would cost six Custom is about $6,000 less",sale
644,1,215.027,227.676,yeah I mean I'm willing to negotiate obviously but um I think your original offer is too low I mean I think those other houses listed don't really have the features and um everything the other amenities that my house has as compared to those other houses,sale
644,0,227.676,240.324,"I'm sure I understand However based on what I'm seeing here I don't believe the price above 230,000 some at least in that range would be reasonable for this property It's just there are two houses that are bigger than this and are in the prices I'm describing",sale
644,1,240.324,252.973,"Yeah No I completely understand what you're saying I would say in terms of bigger I think um my house really is able to utilize the space that we have It's very um an open layout you know everything's newly updated and redone and location is really pretty unbeatable Um would definitely be willing to discuss more like a 238,000 range if you would want to discuss that But I really think my house has things that these other houses don't offer",sale
644,0,252.973,265.622,Mm Yes That's that's that sounds better However looking at it it says built in 1947 and somewhat worried about having to put in some extra costs in the case we know might discover something that lead paint over there This is a serious issue with all their houses,sale
644,1,265.622,278.27,Yeah I totally hear you I think we've been pretty I've been pretty on it and watching for things that can happy redone A lot of our stuff is recently um redone recently redecorated I know I keep up the house really well with the landscaping and everything so I don't think you should expect to have to make those changes but I completely understand I also think that these other houses listed two are also on the older side if not older than this house Um So that's something to keep in mind to do as well,sale
644,0,278.27,290.919,Mm Mm hmm Yeah But based on what I'm seeing in these houses I really hesitant to to offer any more than the price of the second house The one assisted at 233,sale
644,1,290.919,303.568,Um Yeah I know you mentioned before you said 2 35 but um,sale
644,0,303.568,316.216,I don't I don't think I mentioned to 35 No,sale
644,1,316.216,328.865,um joke I either line but but yeah I really think that my house has a lot more going for it than these other houses do I really kept it up while it's a really great place to live Um and in terms of the feet the feet between the second house listed and my house pretty comfortable You're not really going to see much of a difference between 30 around 30 to 30 ft difference But Um I think that I really recently updated stuff all the insides newly redecorated The outside is up the bricks entirely updated on the front so it's gonna look like a newer house is starting to show its age being built in 1947 And I've really kept up with the landscaping and it's really um has a lot of space We have four bedrooms 2.5 baths a rack room split level I'm sure do you remember from seeing it But it's definitely different from all the other houses in the area and provides a lot of different amenities than the other houses do,sale
644,0,328.865,341.514,"Mm hmm You didn't mention 235,000 Are you willing to go for that price",sale
644,1,341.514,354.162,Yes but I don't think I would go much lower at all I would I would be willing to settle to 35,sale
644,0,354.162,366.811,Just 35 5 cents Pretty good Although I've I am I really don't feel great about choosing this house above the second property I talked them into and I even though I really like the property that you're booking for sale I I'm not strongly preferred over that one And I mhm I think that there are just these small differences in a more stable price and slightly more room that at this moment unless you're willing to decrease the price you're going for make that often more attractive,sale
644,1,366.811,379.459,Um well I already kinda went down I told you my my real prices when it was 2:45 Um I really think that my house is quite a lot of differences from that second house list of like I mentioned before um as someone who lives in a similar area and I've seen that house I know my house definitely provides a lot of things that this house doesn't So I think that I know What my house's value is so I really wouldn't want to go much lower than 2:35,sale
644,0,379.459,392.108,Yeah I'm not asking you to go much lower than 2:35 am Which I just see if 2 33 years fine by you,sale
644,1,392.108,404.757,Um I would settle on 2:34 but I'm not going lower than that,sale
644,0,404.757,417.405,2 34 Is that your final,sale
644,1,417.405,430.054,Yes Fast,sale
644,0,430.054,442.703,Uh huh,sale
644,1,442.703,455.351,and title,sale
644,0,455.351,468.0,2 34 Yes I think four is good by me,sale
659,1,0.0,6.075,Thank,no sale
659,0,6.075,12.15,Recording,no sale
659,1,12.15,18.225,you Yeah,no sale
659,0,18.225,24.3,Thank you Fine So I'm a buyer Um I I saw the house your listing Uh I really like it,no sale
659,1,24.3,30.375,Yeah I,no sale
659,0,30.375,36.45,But,no sale
659,1,36.45,42.525,think compared to the other ones in this area it's a lot better and I'd like it's a super nice area as well,no sale
659,0,42.525,48.6,yeah this area is nice I've been looking into the listings of similar houses and comparing the offers and and stuff and I I'm gonna I'm gonna tight budget so I I'm not sure how far I can go but my starting offer would be uh I would say to 15 Is that too little for you,no sale
659,1,48.6,54.675,Uh Did you say to 15 or 2 50 Two 50,no sale
659,0,54.675,60.75,250 That's my starting off We can negotiate from there,no sale
659,1,60.75,66.825,Okay I mean I think that's I think that's actually fairly reasonable like I didn't expect can,no sale
659,0,66.825,72.9,2 50 No 1515.5,no sale
659,1,72.9,78.975,oh once wait I'm sorry can you put the number in the chat,no sale
659,0,78.975,85.05,Yeah it's 2 15 So it's 215 Yeah,no sale
659,1,85.05,91.125,Okay See I was overly optimistic I was like 250,no sale
659,0,91.125,97.2,Not,no sale
659,1,97.2,103.275,I didn't think,no sale
659,0,103.275,109.35,that,no sale
659,1,109.35,115.425,that's,no sale
659,0,115.425,121.5,rich,no sale
659,1,121.5,127.575,how negotiate anymore Um Yeah I definitely wouldn't be able to do that Like in appendix 21 that's considerably smaller The 17 100 square foot one is going for more than that Um,no sale
659,0,127.575,133.65,No it's actually the selling price for the 17 ft one is 2 13 Uh That that is the price they're selling it for So that's actually lower than that That's the reason why I thought that Okay I can I can offer a bit more than that actually I what do you what do you think of 2 to 18,no sale
659,1,133.65,139.725,Yeah see I would be thinking more in the lines of like 2 30 compared because if you look at our square footage of the comparable plate ones that lists it's closer to the 1800 square feet Than the,no sale
659,0,139.725,145.8,Mhm,no sale
659,1,145.8,151.875,1700,no sale
659,0,151.875,157.95,Yeah,no sale
659,1,157.95,164.025,square foot value,no sale
659,0,164.025,170.1,it is a bit smaller than the one It is a bit smaller than the one that's 18 75 square feet And that one is already around 2 30 So,no sale
659,1,170.1,176.175,Okay,no sale
659,0,176.175,182.25,I would I I think that actually that's a bit much to us Do you would you be fine with 2 24,no sale
659,1,182.25,188.325,Yeah like I wouldn't be able to do that and I don't quite understand your comparison because trying to compare it to the 17 1 like,no sale
659,0,188.325,194.4,No,no sale
659,1,194.4,200.475,the,no sale
659,0,200.475,206.55,I'm,no sale
659,1,206.55,212.625,seventh,no sale
659,0,212.625,218.7,looking at the I'm looking at the oh sorry yeah I'm looking at the 1875 Okay Well that your logic makes sense Sorry I was I was I was mixing the square feet for the 1st and 2nd 1 Well I think given that your house is slightly smaller than the one that I've been looking at Uh I think 22 30 maybe a bit too high What do you think about 2:28,no sale
659,1,218.7,224.775,I think for me that's moving in the right direction Um I really think to 30 is quite fair Um I'm not sure if like where this hypothetical location is but this is insanely cheap for like purchasing a home because,no sale
659,0,224.775,230.85,I know,no sale
659,1,230.85,236.925,I was,no sale
659,0,236.925,243.0,I've been comparing it to to to to the houses around right And trying to see the size Yeah the price wise I think it is uh it is a great house and the price is not insane but I'm just trying to budget and I unfortunately don't have too much money to spend but I think your offer is fair I think to uh 30 is quite fair Uh So I think we can settle on that,no sale
66,1,0.0,15.804,Hey,sale
66,0,15.804,31.608,"Hi Um so I'd like to buy the house for 220,000 I",sale
66,1,31.608,47.412,feel like that is a very low offer for what this house is,sale
66,0,47.412,63.216,Mhm Yeah I definitely saw some other houses in the area that you know we're priced similarly Obviously I'm really interested in this house but um I think it's a little bit overpriced like I have some flexibility but I want to stay as close to that number as possible,sale
66,1,63.216,79.02,"I hear what you're saying Um But that is a full $20,000 less than my asking price Um I would love if you could meet me closer to the middle In the $230,000 range",sale
66,0,79.02,94.824,Yeah I mean I can definitely go up a little Um Do you think that like closer to two You know 25 or you know to 26 would be possible I feel like,sale
66,1,94.824,110.628,you know this is a great house Um 2 28 sounds a little more fair to me it's still significantly lower than some of these other houses in this area which are in my opinion not quite as nice as my house Uh So I think to 28 sounds like a good deal for what I'm offering,sale
66,0,110.628,126.432,Yeah Mm Um Would you go to like 2 27 50 Meet me in the middle,sale
66,1,126.432,142.236,I could No I I really think to 28 is the lowest I can go on this We have four whole bedrooms a rec room It is a beautiful 1800 square feet hardwood floors multiple fireplaces Um,sale
66,0,142.236,158.04,Alright 2 28 It is,sale
663,0,0.0,21.579,All right Um I'm the buyer So I guess I'm the one who has to start Right,sale
663,1,21.579,43.157,Yes Go for it Nice to meet you buyer,sale
663,0,43.157,64.736,Nice to meet you seller,sale
663,1,64.736,86.314,Yeah,sale
663,0,86.314,107.893,Um Yeah so basically I'm interested in this house that you have for sale However I also have been negotiating with I don't know if you have access to appendix two but there's a neighboring house that's quite similar that I've been talking to a cellar with and um I prefer your house but I prefer the other selling price which is significantly lower Um And so I would like to talk to you about um negotiating this price down a little bit,sale
663,1,107.893,129.471,absolutely So um I'm so glad you're looking in our neighborhood It's wonderful I think you're gonna enjoy it just as much as my family And I have so I'm glad you're glad you're shopping around and that you're interested in this in the home So as you know um there's some really wonderful wonderful amenities in this home So I'm glad it's caught your eye Um what what is the offer that you have Yeah,sale
663,0,129.471,151.05,Yeah so I have um You do have Appendix two Right,sale
663,1,151.05,172.629,Yes,sale
663,0,172.629,194.207,Great I'm glad So listing number (890 689 8 um Is the selling price is 2 13 300 Um And that is that is what I'm in negotiation with with the seller of that home It is of course smaller square footage which is why I do prefer your house But if you look at this appendix the price you're asking for is not quite reasonable for the square footage that you actually are offering And so I would propose lowering it a bit to match what's really in your neighborhood more accurately,sale
663,1,194.207,215.786,Got it And what is the number that you have in mind,sale
663,0,215.786,237.364,"Well I think because the 7 15 square footage for the selling price 213,000 is really what I'm considering right now and then your square footage is a bit larger I would first propose I'd say I think around 215,000 would be fair",sale
663,1,237.364,258.943,Got it Well thank you so much for providing an offer I I understand the discrepancy in the price where but I'd like to call your attention of course to the fact that we're not just talking about square feet There's really so many other amenities that have comprised this asking price as well of course is um that the market is just continuing to go up And so while um you know we're looking at most recent selling prices from other comparable homes in the neighborhood to to reach this asking price And so um I know there's options on the market for a little closer to that figure you're describing but um it's a you know my my family's perspective that the home is In a class of its own And so we're really not looking at that to 13 as a basis of comparison based off the larger square footage So you'll note from the the other homes listed here that um for example this this middle listing there um suggests that as we creep into the into the 1800 square feet we're really looking at a higher a higher selling point So I wouldn't really feel comfortable using that to 13 number as a baseline given that the square footage um is on on the higher side of what's on the market there Um and so that's why We're going with the asking price of 2:40 It's the square footage and also the newer amenities And our hope is that you know save save you the expense of having to do a renovation um when you purchase we really wanted to be to be turnkey for the new buyer,sale
663,0,258.943,280.521,"Yeah I totally understand that That's why I was pitching 216 215 216,000 range because obviously it is a bigger square footage Um and also I I do have to point out that the other houses in the neighborhood really do have quite similar characteristics And um There are $240,000 asking price is Almost $15,000 higher than another another home on in this appendix that is a higher square footage than you're offering So it is quite honestly I don't see where that number is coming from Um I don't understand how you've gotten at 240,000 and I just wonder if you'd be able to lower it just a little bit because I do prefer your home Um but I do have other options",sale
663,1,280.521,302.1,Yeah I understand Um I do I mean I think our our understanding of what just a little bit is is quite quite different um right now with the but you know the differential between 2 13 and 2 15 is really just a couple more dollars per square feet Um and it's just not not in the ballpark Um I think it's just really A different a different ball game at that point And so um we're really not looking to consider anything under about 235 is probably the lowest I could go Yeah,sale
663,0,302.1,323.679,"I hear that I do wonder though if we look at listing 89,047-5 That is selling much lower than um 235,000 And it's a larger home and it has all of the same amenities and things like that",sale
663,1,323.679,345.257,Yeah that's definitely a great offer as well I think that you know if I were looking in the neighborhood to that one would have caught my eye as well um And that's really much much closer to what we're looking for Um I mean I think you have many great options ahead of you so you you can't really go wrong um and you know I wouldn't I wouldn't wouldn't begrudge you for choosing for many of these options So but if if if it is um my home that you are looking at I would encourage encourage something a bit more more in line with what you're seeing listed for that 7 to 5 number I put I put my home really on par on par with them The reason why our asking price is a bit higher at 2 40 is just because of the nature of the finishings But I understand it's totally personal taste and so um you know that's that's something to consider as well Um And if you'd like to return another offer that's a bit more in line with what our neighbors at 75 are asking for and what our listing prices I'd be happy to consider something a bit more in that zone,sale
663,0,345.257,366.836,Right How about I mean I really do I really I want to say I like your trimmings It's not just personal taste You've done an excellent job with the renovations Let me be clear Um,sale
663,1,366.836,388.414,Mhm,sale
663,0,388.414,409.993,"But I do I do have this potential contract for significantly less money and of course like I would like to save the money if possible and so as much as I want your house Um and I'd much rather get money over to you and your family as opposed to this other house I don't I don't know that I love the people I'm negotiating with as much Um But I still I have been looking at this lower price range a bit and so I I'm willing to go a bit higher I don't know if I can go all the way up to $233,000 But How would about $222,000 sound",sale
663,1,409.993,431.571,I appreciate you moving in that direction But that is that is still far too low for us I'm really not able to consider that I'm sorry Mhm,sale
663,0,431.571,453.15,What's the lowest you would take,sale
663,1,453.15,474.729,Um We're going to need to see something in in the realm of of of 2:33 I'm open to another offer but that's that's really aware At the,sale
663,0,474.729,496.307,I,sale
663,1,496.307,517.886,level,sale
663,0,517.886,539.464,could do to 30,sale
663,1,539.464,561.043,Okay 2 30 Great that's sounding good Um I think we're we're moving into a good place Um Okay but offer I would like to suggest is to 31 500,sale
663,0,561.043,582.621,I can do 231 but that's it,sale
663,1,582.621,604.2,231 You have yourself a deal Let's get you in that house,sale
664,0,0.0,5.168,Okay we'll do It works Thank you so much,sale
664,1,5.168,10.337,Thank you,sale
664,0,10.337,15.505,Okay so,sale
664,1,15.505,20.673,Okay,sale
664,0,20.673,25.842,mhm,sale
664,1,25.842,31.01,Cool,sale
664,0,31.01,36.178,I am very much interested in this house It has a lot of great amenities that I think fit what I am looking for Ah,sale
664,1,36.178,41.347,Mhm,sale
664,0,41.347,46.515,So I was doing some research on other houses in,sale
664,1,46.515,51.684,All right,sale
664,0,51.684,56.852,the area and and what those have been selling for because I think that's a good gauge,sale
664,1,56.852,62.02,Mhm,sale
664,0,62.02,67.189,good price for the house And so um your current offer is reminding me again what is your your selling price,sale
664,1,67.189,72.357,"Here $240,000",sale
664,0,72.357,77.525,240 Okay So based on what I saw for the other houses that were approximately a similar size,sale
664,1,77.525,82.694,Mhm,sale
664,0,82.694,87.862,they in the last few years they've sold for less than that So I definitely,sale
664,1,87.862,93.03,Mhm,sale
664,0,93.03,98.199,would like to negotiate,sale
664,1,98.199,103.367,Mhm,sale
664,0,103.367,108.535,a lower price for the house,sale
664,1,108.535,113.704,Yeah Yeah,sale
664,0,113.704,118.872,"Um So I wanted to negotiate About like 220,000",sale
664,1,118.872,124.041,"120,000 Um I'm afraid like if you look at the other houses first of all there hasn't been a house that has been sold um in a couple of weeks So I mean we're uh Yeah so if you really want a house here I don't think if you look at maybe the square feet of the second house on the list on appendix two It was 233,000 We're basically the same house And right now I feel like um I can charge a little more than that Especially because we have like a little less square feet but we do have a lot of the amenities available so I'm afraid I can't go that loan Um That will be a deal breaker",sale
664,0,124.041,129.209,"Okay understandable Um with the other house that sold for the for the 233,000 though it was slightly bigger So um",sale
664,1,129.209,134.377,Yeah,sale
664,0,134.377,139.546,I,sale
664,1,139.546,144.714,30ft,sale
664,0,144.714,149.882,don't,sale
664,1,149.882,155.051,isn't that big So I and,sale
664,0,155.051,160.219,I'm,sale
664,1,160.219,165.387,also,sale
664,0,165.387,170.556,in thirties,sale
664,1,170.556,175.724,"the House House hasn't sold in this neighborhood for a couple of weeks now And so I think um uh Honestly I think I could go 200 33,000 I think I could probably sell at the same price as the other house Especially because the men right now is a little high",sale
664,0,175.724,180.892,233 is still for me a little it's a little too high because even even if that house did sell for that much I mean 30 square feet is still 30 square feet And also considering that,sale
664,1,180.892,186.061,Mhm,sale
664,0,186.061,191.229,the house is an older house built in 1947 Um There's,sale
664,1,191.229,196.397,Mhm,sale
664,0,196.397,201.566,probably a lot of things that need to be updated within the house itself and so that alone,sale
664,1,201.566,206.734,Yeah,sale
664,0,206.734,211.903,would be,sale
664,1,211.903,217.071,Yeah,sale
664,0,217.071,222.239,would add up to an even higher price,sale
664,1,222.239,227.408,"Um Yeah but all of these houses probably were generally built around the same time because it's generally the same neighborhood And also we have newly decorated the insides and also The outside's we've landscape very well So I probably wouldn't notice the difference I wouldn't think so I'm like I'm dropping $7,000 from twin $240,000 dollars So",sale
664,0,227.408,232.576,Yeah and I do I do appreciate that Um It's just,sale
664,1,232.576,237.744,Yeah,sale
664,0,237.744,242.913,like I said comparing them it's still a little too high for my budget I,sale
664,1,242.913,248.081,Yeah,sale
664,0,248.081,253.249,mean I'd be willing to go um Like 225 I think that's that's probably a little more reasonable,sale
664,1,253.249,258.418,that's uh,sale
664,0,258.418,263.586,Yeah,sale
664,1,263.586,268.754,"$15,000 lower than my asking price And Um 30 ft once again looking at it comparatively It's not that much of a difference Especially as there hasn't been a house sold So I could go down to maybe 230,000 That's a $10,000 less than my asking price",sale
664,0,268.754,273.923,Yeah I mean what so comparatively to these other houses why do you think your houses is better than,sale
664,1,273.923,279.091,I,sale
664,0,279.091,284.259,the other ones,sale
664,1,284.259,289.428,just don't think it's necessarily better I just think,sale
664,0,289.428,294.596,Mhm,sale
664,1,294.596,299.765,"that right now you need to buy a house and I feel like Um this house is the only one available on the markets Uh if you really do want to buy it I'll sell up to for 230,000",sale
664,0,299.765,304.933,So you're telling this house by,sale
664,1,304.933,310.101,and that's,sale
664,0,310.101,315.27,owner,sale
664,1,315.27,320.438,uh,sale
664,0,320.438,325.606,by owner crack um,sale
664,1,325.606,330.775,by owner Yeah,sale
664,0,330.775,335.943,you're selling it yourself and,sale
664,1,335.943,341.111,"Mhm And this is $3,000 less I would think that the 30 square feet Would generally be less than $3,000",sale
664,0,341.111,346.28,Mhm,sale
664,1,346.28,351.448,I think that that would be a very very reasonable price for me to set it at,sale
664,0,351.448,356.616,Okay I would be willing to pay 227 And with that so usually down payments are about 20% Um for a house but I would,sale
664,1,356.616,361.785,Uh,sale
664,0,361.785,366.953,be,sale
664,1,366.953,372.122,huh,sale
664,0,372.122,377.29,willing to give a 30 down payment in cash for the house for 227,sale
664,1,377.29,382.458,mm hmm Uh I'm sorry I don't have to settle that 200 29 but that's like absolutely as low as it can go,sale
664,0,382.458,387.627,229,sale
664,1,387.627,392.795,Yeah,sale
664,0,392.795,397.963,Okay let me look at this one more time,sale
664,1,397.963,403.132,Yeah and so it's just it just doesn't work If you need to buy a house like if you don't want to buy the house then that's fine But looking at these other Um houses and how much they sold for over time I think 229 is the most reasonable price I can go at,sale
664,0,403.132,408.3,You know I think for I think for 229 I think we have a deal,sale
67,0,0.0,9.696,Hi are you there,no sale
67,1,9.696,19.392,Yeah I am,no sale
67,0,19.392,29.088,Um Nice to meet you,no sale
67,1,29.088,38.784,Nice to meet you too,no sale
67,0,38.784,48.48,Um So about this house it seems great Um But I it's a little bit my budget so I'm thinking I can do something closer to 190 k,no sale
67,1,48.48,58.176,Okay so that's you know this is a great location We love this house so much that's you know we're not able to do that just because we've put in so much work to the house we're looking more like 2 35,no sale
67,0,58.176,67.872,Mhm Yeah it is it is definitely a beautiful house I love the square footage I love all the features the new decorations I'm just looking at other houses kind of in the area and it looks like for this square footage they're selling for a little closer to like 200 to 10 So I could go up I could probably go up to 2 10 if that's something you could do,no sale
67,1,67.872,77.568,I still think that for us that's too low I mean location wise it's perfect We've updated a lot of things We have beautiful fireplaces hardwood floors Um 2 30,no sale
67,0,77.568,87.264,Yeah yeah yeah That's still a little steep for us I think Um maybe we could sprint We could swing it if it's closer to 2 15,no sale
67,1,87.264,96.96,Mm hmm Yeah No we can't just on our end to we just can't put that much money into it and that much work We love this house We think that you would love this house Um I'm gonna say that like 2-9 is probably the lowest that we can go,no sale
67,0,96.96,106.656,All right Well you know I'll check with my people but I think you know in that range it is a great house You're right Um it's a great area Um but you know we we are investors too So we have a budget but I think we could go up to even to 25,no sale
67,1,106.656,116.352,I'm gonna I'm gonna stick with like a 2-8,no sale
67,0,116.352,126.048,Could you do 2-7,no sale
67,1,126.048,135.744,I'm going to stick to the eight but there's no plan if you want to talk to them and see how it works,no sale
67,0,135.744,145.44,Yeah All right Well I think I think we could do 2-8 as well,no sale
671,0,0.0,12.577,clearly beautiful It's clearly a great investment However I do feel like given the proximity to other neighboring homes with similar characteristics,no sale
671,1,12.577,25.154,Yeah,no sale
671,0,25.154,37.731,that I I am justified in negotiating for a slightly lower asking price,no sale
671,1,37.731,50.308,Okay,no sale
671,0,50.308,62.885,So I'm thinking given that there neighbouring homes with similar characteristics I would say given that the square footage of this is also 1846 and it is over 70 years old,no sale
671,1,62.885,75.462,Mhm,no sale
671,0,75.462,88.038,"I think I would like to start by asking around the 22 220,000 range",no sale
671,1,88.038,100.615,Ah First of all thanks for sharing just in a house Uh Basically we are living in this house like almost 70 years So I would say we and we still want to live here But because of certain things certain situations we are moving out The house is really in a very good condition The interior is very nice You love you'll enjoy living here with your family It has very large master bedroom Uh I know like other house in this area are probably selling up at slightly lower prices But I would ask you to visit the house first with your family members with the kids Uh huh In my opinion the price set is already lower as compared to what the house deserves Uh I mean they are really interested in selling house at a decent decent price Uh huh In my opinion to 20 gave will be slightly lower as compared to what I can say what we expect I would say I mean can you revisit your season I mean can you increase a little more,no sale
671,0,100.615,113.192,Well I think I can definitely appreciate that it is 70 years old and your family and it clearly has some,no sale
671,1,113.192,125.769,Yeah,no sale
671,0,125.769,138.346,sentimental value there But given that I would be a new buyer I don't see how house that would be considered on the older side would,no sale
671,1,138.346,150.923,Mhm,no sale
671,0,150.923,163.5,"go for a price that is significantly higher than nearby housings housing prices Um It also only has 2.5 bathrooms which would be a problem Um but it's a problem that I'm willing to I'm willing to forgive if I can be compensated in the asking price which is why I would like to start around 220 220,000 Um I think",no sale
671,1,163.5,176.077,I would say man you must have heard the same old is gold I know the house is very worried and yeah I mean,no sale
671,0,176.077,188.654,yeah,no sale
671,1,188.654,201.231,the original belt is very old but we have renovated it several times We have very Modern interior design design that we have hired some good interior designers to the Great House several times in the last 25 years My young kids like the new interior a lot and I believe like your family members and your friends would enjoy this too Uh,no sale
671,0,201.231,213.808,Mhm,no sale
671,1,213.808,226.385,huh I don't think you will find any complaints in the the house I know uh there could be problems with people five bathrooms and all but uh I definitely as you to go a little higher I mean I can maximally go up to 35 if you can have some I mean you can increase a little bit more We can probably need to somewhere in between To 20 would be too low for us long,no sale
671,0,226.385,238.962,So I think the statement oldest gold is correct except for when it comes to houses as I'm a little concerned that given the age of the house I know it's been renovated but there are lots of problems that can underline like mold bugs claiming issues things like that that I would definitely need to take a look at and I would hope that you would take a look at before I would purchase the house Don't get me wrong I adore the house I think that um it is definitely my it's definitely at the top of my list but it is not the only house I'm considering,no sale
671,1,238.962,251.538,Mhm,no sale
671,0,251.538,264.115,Um Like I said there are other ones nearby that I also love that are willing to give me a lower price for essentially,no sale
671,1,264.115,276.692,Mhm,no sale
671,0,276.692,289.269,"came home Um I do love the location of the house of yours Um And I do appreciate that it has a family that's been living in it That's important to me I know that that's a comfortable situation but I think how How much lower than 23 2300 235,000 Are you willing to go Because I'm thinking maybe I could increase it to 2200 and 220,000",no sale
671,1,289.269,301.846,I can Ma'am My final price will be 2:30 just for you Not more than this Please consider our request It would be great if you buy this house because we really want to move out of the city very soon because of such a list Family issues We need to go 2000 place We are really willing to sell this house as soon as possible But we can't go Up to 2 20 2:30 will be our final breasts,no sale
671,0,301.846,314.423,What about 2 25,no sale
671,1,314.423,327.0,No,no sale
671,0,327.0,339.577,No,no sale
671,1,339.577,352.154,no sorry,no sale
671,0,352.154,364.731,Well then I might just go look at the other homes,no sale
671,1,364.731,377.308,Yeah that's fine We can't go below 2.3 We already have invested so much in the house after buying this So,no sale
671,0,377.308,389.885,What kind of other amenities does the house have,no sale
671,1,389.885,402.462,you'll get you'll get a good garage good spacious uh Must be very spacious living room We have all the uh we have several uh antique pieces that are decorated in the house That's why And saying cool is good It's not just a bit of the house but the other decorations that we have in the house We will leave everything there Um um And there is a good playground just in the front of the house Um You you will have kind of space for parking And the good neighborhood is also one thing that I would really emphasize on that would really add to the value of the house,no sale
671,0,402.462,415.038,So it seems like the house is great So why are you moving,no sale
671,1,415.038,427.615,We are moving to another state My my parents live there so we need to move near to their face So that's why they are moving,no sale
671,0,427.615,440.192,So you're moving to be closer to family Okay that makes sense,no sale
671,1,440.192,452.769,Yeah,no sale
671,0,452.769,465.346,So 2 30 is your final offer,no sale
671,1,465.346,477.923,Yeah,no sale
671,0,477.923,490.5,I think we can go to 30,no sale
672,0,0.0,9.0,Perfect Are you ready to get started,sale
672,1,9.0,18.0,Yeah I'm ready,sale
672,0,18.0,27.0,All right Um since I'm the buyer I'll get going Um Can,sale
672,1,27.0,36.0,Mhm,sale
672,0,36.0,45.0,I have your name if you're comfortable,sale
672,1,45.0,54.0,Ohana,sale
672,0,54.0,63.0,Hanna Hi,sale
672,1,63.0,72.0,Yeah,sale
672,0,72.0,81.0,"Ana My name is [PERSON] Um I am an investor looking to buy a single household family in the neighborhood Um and your house based on the information that I was given seemed like a good option And I was looking at the housing market in the area and it seems like one of the houses that closely resembles your own house has been sold for $213,000 Um so I am interested in buying your house at a price somewhere close to that Uh price",sale
672,1,81.0,90.0,"Okay perfect Um Well um That house that you're talking about was actually sold quite a while ago so the prices have appreciated quite a bit and now the asking price that we have is $240,000",sale
672,0,90.0,99.0,Yeah,sale
672,1,99.0,108.0,Yeah,sale
672,0,108.0,117.0,"I understand the 240,000",sale
672,1,117.0,126.0,Yeah,sale
672,0,126.0,135.0,asking price but that is outside of my budget And quite frankly I don't see that price being reflected in the market Um,sale
672,1,135.0,144.0,Right,sale
672,0,144.0,153.0,I do I do understand,sale
672,1,153.0,162.0,Right,sale
672,0,162.0,171.0,that you're selling,sale
672,1,171.0,180.0,Yeah,sale
672,0,180.0,189.0,the house to to move to a new place So um as,sale
672,1,189.0,198.0,Right,sale
672,0,198.0,207.0,an investor I can be flexible in terms of financing Um,sale
672,1,207.0,216.0,Uh huh,sale
672,0,216.0,225.0,In terms of your move updates I'm willing to make some accommodations um to help you help making that move out process more convenient for you But I do,sale
672,1,225.0,234.0,Yeah,sale
672,0,234.0,243.0,need um some flexibility,sale
672,1,243.0,252.0,Yeah,sale
672,0,252.0,261.0,on the price for all of those things to happen,sale
672,1,261.0,270.0,Yeah Yeah for sure Um Yeah I'm just saying are you looking at the Appendix two for the comparable pricing,sale
672,0,270.0,279.0,Mhm,sale
672,1,279.0,288.0,"Yeah Mhm Yeah So we're actually going to be closer to the second one in terms of the square footage So some so that one is a little more similar So 233,600 would be a bottom marker since these are prices from quite a while back",sale
672,0,288.0,297.0,I do understand but I'm I'm not 100% confident that the market is has appreciated to the degree that you think it has Um So even the 233 K that's still outside of my budget Um If we can meet somewhere between my original asking price of 213 and the 230 that you you suggested as a comparable house Um I think we can make it happen but I do want to be transparent that I just cannot move forward with the price that you're either you're asking price or that comparable price that you just mentioned,sale
672,1,297.0,306.0,Okay Um What price range are you looking for,sale
672,0,306.0,315.0,Um honestly 225 is probably the maximum that I could provide under the current arrangement Um and I do understand that that is a little removed from your asking price But again I am,sale
672,1,315.0,324.0,Mhm,sale
672,0,324.0,333.0,um as an investor I think there are other benefits that I can provide for you Um I am willing to be very flexible in terms of when you need to move out Um I am flexible in terms of what the financing is going to be I think I can secure most of the funding upfront if required um for you So again I know I'm asking you to move a bit on the price but I'm willing to and able to provide other flexibility for you,sale
672,1,333.0,342.0,Um Okay for sure Um Yeah I think 225 would be pretty low for me considering that our asking price is quite a bit above that Um Yeah Evening Okay Sorry One others,sale
672,0,342.0,351.0,Sure,sale
672,1,351.0,360.0,Yeah,sale
672,0,360.0,369.0,Take your time,sale
672,1,369.0,378.0,drink Are you looking to buy the house just as a purely for investment Are you planning to live there,sale
672,0,378.0,387.0,Um It is for my investment So if there are any features of the house that you want to preserve I am more than happy to respect those demands Um you know it's it's not for me to live So I don't personally see myself changing a lot of things Um Of course being being a rental properties uh I will do my best to preserve the condition of the house um to the best of my ability,sale
672,1,387.0,396.0,Yeah I think that this place is perfect for renting because um there there are so many amenities in this house that are just perfect for a family Um We have two fireplaces we have a large eat in kitchen for a family and we just decorated it Um So I think it will be really appealing to the rental market and I don't see I don't think that you have any problem um asking for rent that will make up for the price,sale
672,0,396.0,405.0,um at the end of the day when I'm buying an investment property it's not a matter of marketability Um I am only looking at houses that I think are marketable It's that that I will be able to secure the amount of the percentage of return um that,sale
672,1,405.0,414.0,What,sale
672,0,414.0,423.0,that I'm happy to invest my money And um and,sale
672,1,423.0,432.0,Mhm,sale
672,0,432.0,441.0,that's that's why I share some of the numbers that I have Um And you know if if there are any accommodations that I can make for you to make the selling process easier I am flexible on other factors like the move updates or the financing or if there are any wishes um that you want to preserve at the house I'm more than happy to accommodate those Um but the pricing uh 233 is still not anywhere close that I can I can move,sale
672,1,441.0,450.0,Okay Um And you said uh 225 would be your limit,sale
672,0,450.0,459.0,Yeah I mean it would be really tough for me to move from 225 Um Again if there are other concessions that that you you need me to make I'm happy to do that Well on price 225 is really close to my Hard limit Um I mean to make profit on this property I really need to hit 225,sale
672,1,459.0,468.0,Yeah Yeah,sale
672,0,468.0,477.0,Yeah,sale
672,1,477.0,486.0,Yeah Okay We can settle on 225,sale
675,0,0.0,7.78,Yeah Hi,no sale
675,1,7.78,15.56,Okay,no sale
675,0,15.56,23.34,Oh,no sale
675,1,23.34,31.12,I think mine is recording now,no sale
675,0,31.12,38.9,a minute Yeah I think mine is recording as well but I'm not sure if it's saving in the computer and not,no sale
675,1,38.9,46.68,Um As long as you pressed recording I think it should be fine,no sale
675,0,46.68,54.46,All right okay,no sale
675,1,54.46,62.24,Yeah,no sale
675,0,62.24,70.02,So uh yeah I am the buyer for this property Um,no sale
675,1,70.02,77.8,Mhm,no sale
675,0,77.8,85.58,"and I'm starting with the praise of uh $200,000 for",no sale
675,1,85.58,93.36,Um,no sale
675,0,93.36,101.14,this property Yeah,no sale
675,1,101.14,108.92,"Well see the listing price is 240,000",no sale
675,0,108.92,116.7,Mhm,no sale
675,1,116.7,124.48,"Um For you I can bring it down to 2 30 Um And considering how many square feet it is It's 1,846 sq ft of space And usually um That amount of square feet sells for around 233,000 you know $600 right Um So I think that 230,000 is a fair price",no sale
675,0,124.48,132.26,"So um lived the uh the unit was the house was built in 18 1946 For a square feet of 1715 I think the selling price was $213,300 So um I think to 30,000 Um it's a bit on the higher side um Bradley I'll be very comfortable with something around uh 2 20 or 2 22,000 Um",no sale
675,1,132.26,140.04,"Uh to 22,000 you said",no sale
675,0,140.04,147.82,Yeah Yeah Yeah,no sale
675,1,147.82,155.6,"Um what about 2:25,000 That's the lowest I'm willing",no sale
675,0,155.6,163.38,Yeah,no sale
675,1,163.38,171.16,to go,no sale
675,0,171.16,178.94,"Um So uh you want to sell 4-25,000",no sale
675,1,178.94,186.72,Yes,no sale
675,0,186.72,194.5,Um All right So let me see the a man it is you're giving me Um So it says its newly decorated with large it in kitchen with the plants is um my only consideration is that it's a great best like 70 years ago So the condition of the house might not be very good,no sale
675,1,194.5,202.28,lot,no sale
675,0,202.28,210.06,Yeah,no sale
675,1,210.06,217.84,of I promise you it's good,no sale
675,0,217.84,225.62,Mhm,no sale
675,1,225.62,233.4,Um,no sale
675,0,233.4,241.18,Uh huh,no sale
675,1,241.18,248.96,And if you consider,no sale
675,0,248.96,256.74,Mhm,no sale
675,1,256.74,264.52,the neighboring homes with like similar similar characteristics I feel like considering how much how much square feet there is like how many square feet there are I feel like 2:25 is more than fair,no sale
675,0,264.52,272.3,Um But you see the problem is that um it needs some maintenance Right I mean how do you are you ensuring that it's all renovated I mean what other innovations which you,no sale
675,1,272.3,280.08,It,no sale
675,0,280.08,287.86,did,no sale
675,1,287.86,295.64,it's its newly decorated you know it has it has a master bedroom with entire wallow closets in the master bed You know it has a has a nice large eat in kitchen with all the appliances which all work I can guarantee you that um Beautiful landscaping you know that will require maintenance on your part but it's very beautiful and you could you know have guests over Um there's like a fence backyard and the trees are very nice and big Um,no sale
675,0,295.64,303.42,Oh,no sale
675,1,303.42,311.2,It's near Hastings and centennial Park's so you know you have um you have parks around you know if you wanna take kids or go for a walk you know Um Yeah,no sale
675,0,311.2,318.98,so um so what about the other bedrooms You told me that the master bedroom has an entire wall of closets Bless,no sale
675,1,318.98,326.76,Yeah,no sale
675,0,326.76,334.54,A Master Bath But how about the other three bedrooms,no sale
675,1,334.54,342.32,Um Yeah so there's there's four bedrooms the other three bedrooms are pretty big to write Um um There's one there's also in addition to those four bedrooms there's one recreation room and 2.5 bathroom so it's pretty big um and it's split level style Um You have so lots of space all around Again as I mentioned earlier it's newly decorated Um and the brick the outside if you if we were to talk about the outside of melodies the break is updated and it's comfortable Um So,no sale
675,0,342.32,350.1,Sure,no sale
675,1,350.1,357.88,again I feel like the house addresses you know both of your concerns about space and renovations and all that Um,no sale
675,0,357.88,365.66,So um uh so uh the other three bedrooms which you told her Big and species what are the features do they have Are they also with closets And um other americans like um like storage additional storage And um is it is it fully furnished or is it,no sale
675,1,365.66,373.44,um,no sale
675,0,373.44,381.22,Uh,no sale
675,1,381.22,389.0,Yes it is fully furnished um as for storage does lots of storage all around the house Um So there shouldn't be a problem there,no sale
675,0,389.0,396.78,Yeah,no sale
675,1,396.78,404.56,"Um Especially considering the Uh 1,846 sq ft of space Um Even there's even two fireplaces if I haven't mentioned that are already Um But yeah again there's lots of storage um fully furnished um Yes",no sale
675,0,404.56,412.34,so uh is there remaining this for outdoor like grilling or is there an outdoor pool Um,no sale
675,1,412.34,420.12,yeah so,no sale
675,0,420.12,427.9,Mhm,no sale
675,1,427.9,435.68,um there's a fence backyard as I mentioned earlier So um that means you'll have more of your own private space rather than having it with the other houses right So in the backyard you can um you know have a barbecue invite some friends over Um You know there's there's some mature trees in the backyard so you know they can provide you with some shade if you if you don't want too much sun Right Um The landscaping is very beautiful Um It's nice and clean Um,no sale
675,0,435.68,443.46,And what about the,no sale
675,1,443.46,451.24,Yeah,no sale
675,0,451.24,459.02,heating heating And um and does it have an air conditioning as well Like in warm weather What,no sale
675,1,459.02,466.8,Right Um So there are uh two fireplaces right So what what it's cold You know you can kind of use that Um There should be uh A C Um,no sale
675,0,466.8,474.58,Yeah,no sale
675,1,474.58,482.36,But yeah uh you know we have finished in addition to all the stuff I've mentioned this finished hardwood floors as well Um Yeah,no sale
675,0,482.36,490.14,Ah So um I still think there is no there is five places but I'm not sure about the electric heating because you know if if you know it would happen there it would be better like you can exactly control the temperature and the humidity,no sale
675,1,490.14,497.92,Um,no sale
675,0,497.92,505.7,is Uh,no sale
675,1,505.7,513.48,You know what we can do we can we can discuss,no sale
675,0,513.48,521.26,Uh huh,no sale
675,1,521.26,529.04,that,no sale
675,0,529.04,536.82,Uh huh Uh huh,no sale
675,1,536.82,544.6,after,no sale
675,0,544.6,552.38,Uh huh,no sale
675,1,552.38,560.16,uh How fucked How about you,no sale
675,0,560.16,567.94,Uh huh,no sale
675,1,567.94,575.72,Bye For 2 25 And then we can discuss um renovations in terms of heating,no sale
675,0,575.72,583.5,So I still think to 25 is a bit more about 223,no sale
675,1,583.5,591.28,Uh huh,no sale
675,0,591.28,599.06,because,no sale
675,1,599.06,606.84,Uh huh,no sale
675,0,606.84,614.62,I'm concerned about the heating then that I was looking,no sale
675,1,614.62,622.4,But,no sale
675,0,622.4,630.18,for something with electric heating and,no sale
675,1,630.18,637.96,I considering,no sale
675,0,637.96,645.74,but,no sale
675,1,645.74,653.52,that I brought down the listing price from 242 to 25 I feel like that is reasonable,no sale
675,0,653.52,661.3,"um so you know you're not willing to go below to 25,000 like 2 23 or maybe",no sale
675,1,661.3,669.08,No,no sale
675,0,669.08,676.86,to 20 for,no sale
675,1,676.86,684.64,I'm sorry,no sale
675,0,684.64,692.42,um Yeah Um So I think you 25 still Um But you know I'm not sure if I'm doing doing a good negotiation or not Um So uh so how I mean how are is it like how is the neighborhood is it like very crowded or is it like a bit sparsely,no sale
675,1,692.42,700.2,Ah,no sale
675,0,700.2,707.98,populated or Uh,no sale
675,1,707.98,715.76,It should there's there's definitely a lot of space Um Especially as I mentioned the backyard is uh Fenced right So you have a lot of states to yourself Especially since it's such a big property with um what does an 846 sq ft of space Right So it's bigger than um some of the other houses in the area right Um And since it's uh near apart parks um you know you definitely have uh more of your own space Um But if you want to kind of get out and about you know you can always go to parks and also something else that I haven't mentioned um restaurants and transportation are within walking distance So um there's a lot of things nearby um And also there's a detached garage for 2.5 cars So um you know your cars can stay protected in there from the weather or anything else you just have space to put your cars there Right Um,no sale
675,0,715.76,723.54,Mhm,no sale
675,1,723.54,731.32,Yeah,no sale
675,0,731.32,739.1,Um All right And uh is it possible to come down to 24 500,no sale
675,1,739.1,746.88,"um give me a second Um uh Is it possible that you come up to 2:25,000",no sale
675,0,746.88,754.66,Mhm Uh huh Um Yeah I mean considering the fact that it's um yeah it's more than 70 years old I'm a bit hesitant but,no sale
675,1,754.66,762.44,It's it's all newly renovated,no sale
675,0,762.44,770.22,"um and um All right I'll go into 25,000",no sale
676,1,0.0,10.249,Hello,sale
676,0,10.249,20.497,two,sale
676,1,20.497,30.746,Hi how are you,sale
676,0,30.746,40.994,I'm fine,sale
676,1,40.994,51.243,So I hear you're interested in my house,sale
676,0,51.243,61.491,Yes I'm interested in buying a house It's,sale
676,1,61.491,71.74,That's great So tell me like what you're willing to pay for it,sale
676,0,71.74,81.989,um I'm wearing too I'm willing to pay To pay 2020000s,sale
676,1,81.989,92.237,"2000 and 20,000",sale
676,0,92.237,102.486,Yes,sale
676,1,102.486,112.734,"220,000 Excuse Me",sale
676,0,112.734,122.983,Yes,sale
676,1,122.983,133.231,"Unfortunately I think that's a little low especially with as you've probably noticed the curb appeal that my house has and the fact that it's in um it's close to centennial Park in Centerville Um So a lot of houses in this area have seen a big increase in the price of this for him Um and so I'm really hoping for something a little closer to the 235,000 range I've actually already had an offer from another family for close to that range Um but after meeting with you I think that you would really take good care of Um really my historic home",sale
676,0,133.231,143.48,Um I'm willing to two to take the house But because I'm because I'm willing to pay directory after this negotiation because your house means exactly my credentials and not to find as you said it's near the centennial park,sale
676,1,143.48,153.729,Mhm,sale
676,0,153.729,163.977,So I'm willing to buy it But I can only I'm sorry I can only pay for For 2020 girls The best thing is that I'm willing to pay right after this initial meeting,sale
676,1,163.977,174.226,For sure I totally understand Um Which is great I mean you're paying up front it would be perfect but I'm also willing to to not accept necessarily upfront If you don't you don't have to pay necessarily immediately after this meeting Um We could pay like in smaller advances Um Just because this is such a historic home on the block I would prefer to be as close to 2 35 as possible Um I could even do as low as maybe 2 30 But I think that's probably as low as I would be able to go,sale
676,0,174.226,184.474,"Um because the the the great potency you attached to your house I can actually also prime too to pay you as you say not directly but in Islam It's and increase my pay on the house How Do You Buy 2000 25,000",sale
676,1,184.474,194.723,"Um I like that we're getting to this more middle ground Um But I think that that more than than 225 I mean 225 would be Putting me basically in the red from what I've put into the house Um which I'm sure you noticed during the tour Um and so really to stay in a more competitive market I would I would have to take at least 230,000",sale
676,0,194.723,204.971,Oh the house,sale
676,1,204.971,215.22,But I'm I'm glad that you also understand the emotional attachment that we also have for the house,sale
676,0,215.22,225.469,Yes I I I perfectly understand you but because I need to make some changes on the house to meet mine My passion So no anti sticks That's why I'm putting the price in 2005 25005,sale
676,1,225.469,235.717,For sure I totally understand,sale
676,0,235.717,245.966,Yes,sale
676,1,245.966,256.214,Um and I actually so I know actually some some really good contractors that would probably able to help with these kinds of changes that that you are interested in Um and so I think that if we worked closer in the 230 range um that we've got to take care of some of those things together that you're thinking about changing while also maintaining the historic property of the house,sale
676,0,256.214,266.463,Um I'm sorry but I already talked by the contractor and the design and landscaping too I can change to the house I can use And I also talked to the the near the owners of the house near this your property and,sale
676,1,266.463,276.711,Uh huh,sale
676,0,276.711,286.96,I saw them So the changes I'll be making on the three houses near near your house and my designs and and justice I'm meeting you your house more than the options However my contractor only agreed to be to,sale
676,1,286.96,297.209,What,sale
676,0,297.209,307.457,be changing road for your house That's why,sale
676,1,307.457,317.706,Sure,sale
676,0,317.706,327.954,I'm,sale
676,1,327.954,338.203,definitely,sale
676,0,338.203,348.451,thank you,sale
676,1,348.451,358.7,Well I'm glad you got to see some of the other houses in the area and talk to them And I'm sure that you probably noticed that mine is really well maintained in comparison to those other houses And especially in today's market these houses are actually selling um for much more than 2 25 Um so really to 30 and 2 35 it would be the lowest I can go Um I totally understand that you want to change things and so that's why I'm willing to go down to 2 30 As mentioned someone else's else is already interested at 2:35,sale
676,0,358.7,368.949,Uh huh Because I've been making them do Some changes Can you go down by 2 2010 27,sale
676,1,368.949,379.197,Um I think if we met somewhere in the even 2028 I think we could have a deal,sale
676,0,379.197,389.446,Um Do you know any any contractors you can contact to make some changes and see if we can change some innovation goes down,sale
676,1,389.446,399.694,For sure I think if we met at a to 28 that um I definitely know some contractors that would be able to come in and take care of what you need and probably for a much lower price,sale
676,0,399.694,409.943,Um So the deal is like this If you bring your contractor and and Make whatever changes I want to make I'll be paying 2028 But if I bring my own contractor and make the changes I'll be paying you two 207 1000,sale
676,1,409.943,420.191,Um No I think we're just with the deal it would basically be if if we utilize the contractors that I absolutely no can take care of what you want and that they'll do a fantastic job because they know the house very well Um that if you pay to 28 then we have an excellent deal Um as far as yeah utilizing the contractors to make those changes,sale
676,0,420.191,430.44,Um Yes Doesn't So we have a deal,sale
677,1,0.0,19.514,Right Hey I think I started my recording Have you done yours,sale
677,0,19.514,39.029,Yes,sale
677,1,39.029,58.543,Okay Yeah awesome Um So I want to sell my house Yeah,sale
677,0,58.543,78.057,mm,sale
677,1,78.057,97.571,And you are interested in buying my house,sale
677,0,97.571,117.086,Hi,sale
677,1,117.086,136.6,Yeah,sale
677,0,136.6,156.114,Yeah,sale
677,1,156.114,175.629,"Um So based on a lot of the research that I've done Um and kind of what has similarly been going in the area My asking price um is 245 Excuse me $240,000 Um But obviously real estate comes with negotiation Um So I'd love to talk with you",sale
677,0,175.629,195.143,Yeah And so I'm interested in your house I think there's a lot of things about it that are what I'm looking for But yeah however I do have some concerns about the price and would like to negotiate it Okay Mm,sale
677,1,195.143,214.657,Yeah totally So wow Hey So um as I'm sure you know the house has four bedrooms plus a recreation room um in 2.5 bathrooms which is pretty large Um And we have over 1800 square feet of space Um We also have a lot of amenities including finished hardwood floors two fireplaces Um And our master bedroom has an entire wall of closets plus a master bathroom Um We actually have a large eat in kitchen with all of the appliances that would come with the house Um And it's also pretty newly decorated so there aren't a lot of aesthetic changes you'd have to make between kind of the finished hardwood floors and our decorations Um And we also have a lot of outside amenities um including a fenced in back yard with mature trees So you won't really see your neighbors ever We have a garage that will hold um 2.5 cars so I guess that's two cars plus whatever storage you need Um And we're also located in a really great place Okay,sale
677,0,214.657,234.171,"Yeah And so a lot of these things are things I'm looking for I think right off the bat just comparing homes in the same area with same characteristics based on the square feet Um An 18,000 sorry 1,875 ft is um 233 1000 And comparing your asking price your house is smaller than that but you're asking price is larger and so I don't think I would feel comfortable paying more than 233 at the top as a maximum I think a couple of the concerns I have um the amenities that you're listing are all sounding good but there's some things that are missing that I am definitely a little concerned about Things like um uh you mentioned So um it's Was built in 1947 and while its newly decorated in yours hardboard floors there's I don't really see anything about how up to date the plumbing is in the electricity and things like that And so if I'm moving in here I'm worried that I'm going to have to pay a lot of out of pocket for that Um things that are important to me as well are things like a finished basement and things like that that are not shown um in this house And so there are a lot of things that interest me a lot but I think the very highest price I would be willing to go out would be 233,000 I think with some of the concerns I have I think even that's probably more than I would want to pay",sale
677,1,234.171,253.686,Yeah I totally understand that and um I think that makes a lot of sense obviously Um you know you know what you're looking for Um Let me check my notes really quick and see if there's anything that Yeah Okay Okay So what would your ideal asking price be for the house if you said 233 is your top but you don't necessarily want to go there what would you be hoping to pay for the house,sale
677,0,253.686,273.2,Yeah I think yeah so I think Uh me assuming that I'm going to have to pay more out of pocket for some of these things I'm looking for I would say I would like 220 seems like reasonable to me,sale
677,1,273.2,292.714,Okay Um so I think that you definitely have some valid concerns about things that you're going to have to pay for but I'm really not comfortable selling that low Um and I would prefer prefer to be more in the range of about 228-2 30 Um Because obviously um the we have the info on the square feet of the other houses but we really don't have any more information on kind of the amenities that those come with or where they're built And I think we also have a really good location um And a lot of other kind of great aspects to the house,sale
677,0,292.714,312.229,"And yeah so I see that I think 228 I could um maybe start to think about um Mhm Yeah and so you know I've been touring a bunch of places around here and uh some of the common things I've been seeing are things of finished basements and more um up to date um plumbing and things like that And so um I think maybe would you be willing to go down to 225,000 because that based on my research about how much money I'm going to have to put into it I feel like that's more reasonable",sale
677,1,312.229,331.743,Yeah and I totally understand that um I would be I think a little bit more comfortable around 265 Um so just a little bit more but I mean the house um I think really is worth a lot and will be an awesome place to live um along with a lot of it's oh my God I'm so sorry along,sale
677,0,331.743,351.257,Yeah,sale
677,1,351.257,370.771,with you know obviously all of the bedrooms um everything else that comes with and even just the location which you know some would say is priceless,sale
677,0,370.771,390.286,Um So I would I would probably be okay settling with 26 if that's okay with you,sale
677,1,390.286,409.8,26 works for me,sale
678,1,0.0,4.081,Okay,sale
678,0,4.081,8.162,Yeah,sale
678,1,8.162,12.243,so you want so you do want this house and um let's see so you said you want to go a little bit below asking is that what,sale
678,0,12.243,16.325,mm,sale
678,1,16.325,20.406,you're saying What what,sale
678,0,20.406,24.487,Yeah,sale
678,1,24.487,28.568,are you thinking and then I'll tell you how much I can move around on,sale
678,0,28.568,32.649,Okay well um let's just try How about like mm I'm looking at yeah how about let's say 2 39 what do you think about 2 39,sale
678,1,32.649,36.73,2:39 Okay um mm I could do you know I really really want to 40 if if you can get on that asking price I for sure can make a deal with you,sale
678,0,36.73,40.812,Mm Yeah it's just a little bit out of my budget right now Um,sale
678,1,40.812,44.893,Okay,sale
678,0,44.893,48.974,Yeah I do really really like this house I love the fact that it has that fence backyard just like in you know chillax in my backyard with no one watching me Um,sale
678,1,48.974,53.055,Back then two fireplaces and not,sale
678,0,53.055,57.136,Yeah,sale
678,1,57.136,61.217,too many,sale
678,0,61.217,65.298,the,sale
678,1,65.298,69.38,people,sale
678,0,69.38,73.461,two,sale
678,1,73.461,77.542,you,sale
678,0,77.542,81.623,fireplaces,sale
678,1,81.623,85.704,know Yeah,sale
678,0,85.704,89.785,Yeah that sounds pretty cool At least the whole house will be warm Um,sale
678,1,89.785,93.867,Right Right,sale
678,0,93.867,97.948,But,sale
678,1,97.948,102.029,Right Right,sale
678,0,102.029,106.11,yeah i,sale
678,1,106.11,110.191,Mhm,sale
678,0,110.191,114.272,It's just a little bit out of my price range That to 40,sale
678,1,114.272,118.353,Okay Okay well you know what I I I respect that and we can we can go with 2 39 if that works for you,sale
678,0,118.353,122.435,2 39 I think I think that's I think that would be pretty nice actually Um What if we go just a little bit lower How does that sound I'm thinking like to 2 38 would that work,sale
678,1,122.435,126.516,mm um mm You know I would really like to close on 2:39 I'm coming down a little bit from my asking which is a big big goal of mine to sell,sale
678,0,126.516,130.597,Mhm,sale
678,1,130.597,134.678,and asking I can I can meet you in the middle of 2:39 um And I don't want to lose too much of what,sale
678,0,134.678,138.759,Yeah,sale
678,1,138.759,142.84,I've invested in,sale
678,0,142.84,146.922,Yeah I just want to make sure I can pay for this house Um Because yeah this is Even to 38 It's a little bad in my budget my budget is honestly to 35 That's the maximum I can do But I could I could do 30-39 I guess if I ask around some family um,sale
678,1,146.922,151.003,Tell,sale
678,0,151.003,155.084,I,sale
678,1,155.084,159.165,them,sale
678,0,159.165,163.246,would,sale
678,1,163.246,167.327,about,sale
678,0,167.327,171.408,be able,sale
678,1,171.408,175.49,the two,sale
678,0,175.49,179.571,to,sale
678,1,179.571,183.652,fireplaces,sale
678,0,183.652,187.733,do it Yeah,sale
678,1,187.733,191.814,Uh huh,sale
678,0,191.814,195.895,Yeah I'll tell them about the two fireplaces Um Yeah so so what are we agreeing on 2 - 39,sale
678,1,195.895,199.977,Mhm Um I can close the deal at 2:39 I won't lose you know of course I want to 40 so I don't really lose on my investment But I,sale
678,0,199.977,204.058,Mhm,sale
678,1,204.058,208.139,I understand you know that you you also don't want to pay too much so I can I can do to 39,sale
678,0,208.139,212.22,Okay Okay sounds good,sale
684,0,0.0,2.89,record on this computer Does it work Yeah it works Mm hmm Hi,sale
684,1,2.89,5.78,Mhm,sale
684,0,5.78,8.67,basically I'm the buyer for this house,sale
684,1,8.67,11.559,Cool,sale
684,0,11.559,14.449,And the asking price is 2 40K Right,sale
684,1,14.449,17.339,Mhm,sale
684,0,17.339,20.229,Yeah But my budget like it's quite,sale
684,1,20.229,23.119,Yeah,sale
684,0,23.119,26.009,low It's the house is beautiful and all that But like my budget 190 k Could you do anything to like to lower down the price,sale
684,1,26.009,28.898,Mhm Um Not really um like we think,sale
684,0,28.898,31.788,Mhm,sale
684,1,31.788,34.678,it's like pretty reasonably priced like if you look at the kind of past listings like it's pretty consistent with what's been there and it's,sale
684,0,34.678,37.568,Mhm,sale
684,1,37.568,40.458,been like a few months since the last listing appeared like an appendix to So I think like two forties very reason,sale
684,0,40.458,43.348,Yeah,sale
684,1,43.348,46.237,it's like a good deal,sale
684,0,46.237,49.127,Oh,sale
684,1,49.127,52.017,actually,sale
684,0,52.017,54.907,gosh Because like we've been looking at around a lot of places and like like design wise and like furnishing lights this house is the best But it's really like above a four budget Mm And like we've seen other houses,sale
684,1,54.907,57.797,Mhm,sale
684,0,57.797,60.687,like which are like smaller for a lower for that's within our,sale
684,1,60.687,63.576,Okay,sale
684,0,63.576,66.466,budget But like um,sale
684,1,66.466,69.356,Mhm,sale
684,0,69.356,72.246,I still think this might be a better option for me Um Yeah,sale
684,1,72.246,75.136,Yeah Yeah Yeah I mean that's that's um I mean you know I I understand No but but it's just I think this is like the price that um yeah I think it's a consistent with what we think it is like we think,sale
684,0,75.136,78.026,it,sale
684,1,78.026,80.915,it's nicer,sale
684,0,80.915,83.805,is it is TRUE,sale
684,1,83.805,86.695,you said,sale
684,0,86.695,89.585,It's,sale
684,1,89.585,92.475,nicer,sale
684,0,92.475,95.365,nicer,sale
684,1,95.365,98.254,than a lot of,sale
684,0,98.254,101.144,But,sale
684,1,101.144,104.034,other houses in the area,sale
684,0,104.034,106.924,yeah it's just that yeah,sale
684,1,106.924,109.814,Um,sale
684,0,109.814,112.704,it's really kind of like,sale
684,1,112.704,115.593,um,sale
684,0,115.593,118.483,stretching the budget and I don't I'm really worried like financially if I'll be able to finance it in the long term,sale
684,1,118.483,121.373,Yeah yeah I mean because we think,sale
684,0,121.373,124.263,Mhm,sale
684,1,124.263,127.153,it's something that we can't really drop the price like that much,sale
684,0,127.153,130.043,Like what would be the,sale
684,1,130.043,132.932,Um,sale
684,0,132.932,135.822,how much,sale
684,1,135.822,138.712,How,sale
684,0,138.712,141.602,one,sale
684,1,141.602,144.492,much leeway do you have like leeway in,sale
684,0,144.492,147.382,Um,sale
684,1,147.382,150.271,your budget do,sale
684,0,150.271,153.161,I'm,sale
684,1,153.161,156.051,you have,sale
684,0,156.051,158.941,looking because like ideally what we have in mind is 1 71 90 K Um Hopefully we could Maybe like,sale
684,1,158.941,161.831,Mhm,sale
684,0,161.831,164.721,200K would be tops really for this budget,sale
684,1,164.721,167.61,Mhm,sale
684,0,167.61,170.5,because that is something you can do about the price that you can help,sale
684,1,170.5,173.39,mm,sale
684,0,173.39,176.28,meet the expectations because we're really ready to by now But it's just that the price is above our expectations,sale
684,1,176.28,179.17,Sure We can like maybe drop it like a little bit but I think like,sale
684,0,179.17,182.06,It's,sale
684,1,182.06,184.95,200,sale
684,0,184.95,187.839,still,sale
684,1,187.839,190.729,kids,sale
684,0,190.729,193.619,okay,sale
684,1,193.619,196.509,unfortunately it's it's much too low um Like perhaps,sale
684,0,196.509,199.399,Oh,sale
684,1,199.399,202.289,like to 35,sale
684,0,202.289,205.178,still,sale
684,1,205.178,208.068,maybe,sale
684,0,208.068,210.958,no,sale
684,1,210.958,213.848,Um,sale
684,0,213.848,216.738,Yeah All right,sale
684,1,216.738,219.628,Yeah there's not a lot that I can,sale
684,0,219.628,222.517,Yeah,sale
684,1,222.517,225.407,drop it by um you know we,sale
684,0,225.407,228.297,Yeah,sale
684,1,228.297,231.187,we set,sale
684,0,231.187,234.077,Right,sale
684,1,234.077,236.967,the price that we said according to the kind of what's been in the markets like we talked to are like real estate investors um and then if you can see like the other houses that have been sold recently um this is like a pretty similar price but we think it's you know like I think a little bit nicer and it's also it's like,sale
684,0,236.967,239.856,Mhm,sale
684,1,239.856,242.746,made a few months of like housing,sale
684,0,242.746,245.636,Yeah,sale
684,1,245.636,248.526,prices have gone out anyways,sale
684,0,248.526,251.416,2 35,sale
684,1,251.416,254.306,um,sale
684,0,254.306,257.195,still it's really um yeah unfortunately it's too high,sale
684,1,257.195,260.085,mm,sale
684,0,260.085,262.975,Mhm I know is there any anything else we can do about the pricing or Yeah let me look at the other this thing so yeah like there's one for 22 13 K Which is like smaller and it's nearby so that's closer to our budget We've seen that apartment it's not as like it's not as furnished and it's kind of old and so,sale
684,1,262.975,265.865,Mhm,sale
684,0,265.865,268.755,that was an ideal for us and yeah we're really hoping,sale
684,1,268.755,271.645,Yeah,sale
684,0,271.645,274.534,to have something like better for the family and similar to what you're offering right now But it's just that But through 35 it's still quite a jump from what we could offer Yeah,sale
684,1,274.534,277.424,mm Yeah I mean we we We definitely can't do 200 like how much more,sale
684,0,277.424,280.314,Oh,sale
684,1,280.314,283.204,are you able to go up,sale
684,0,283.204,286.094,200 Well could we do 200 I know 210 I guess So it's closer to the 213 so it will be easier for us to make the decision,sale
684,1,286.094,288.984,Yeah well maybe maybe but but I think,sale
684,0,288.984,291.873,Yeah,sale
684,1,291.873,294.763,like probably the two and three house isn't really what Which we're looking at probably more like,sale
684,0,294.763,297.653,Mhm,sale
684,1,297.653,300.543,two like the 233 and 239 house Just because you know like our house is just bigger like it has like more square feet Um he said to take a little,sale
684,0,300.543,303.433,846,sale
684,1,303.433,306.323,bit better furnished and like these I think these,sale
684,0,306.323,309.212,Mhm,sale
684,1,309.212,312.102,were also like um from,sale
684,0,312.102,314.992,Mhm,sale
684,1,314.992,317.882,a little while ago,sale
684,0,317.882,320.772,Like I think 210 is the max I could give unfortunately Mhm,sale
684,1,320.772,323.662,Okay Yeah unfortunately,sale
684,0,323.662,326.551,Mhm,sale
684,1,326.551,329.441,I don't know if we we could really do that Um I mean the other houses two and 3 and and and like you said like our house is nicer than that right So certainly,sale
684,0,329.441,332.331,Mhm Yeah,sale
684,1,332.331,335.221,Like I like I think the price range is probably more between the 23323 died because that's I think probably the more um like relevant comparison,sale
684,0,335.221,338.111,but the location,sale
684,1,338.111,341.001,to our house,sale
684,0,341.001,343.89,is different They have a better location I think It's more central That's why they have a higher asking price And also for 233,sale
684,1,343.89,346.78,wow,sale
684,0,346.78,349.67,"it's 1,875 And This house is 1846",sale
684,1,349.67,352.56,Yeah,sale
684,0,352.56,355.45,So it's a bit smaller so,sale
684,1,355.45,358.34,Yeah,sale
684,0,358.34,361.23,I don't think it's a damn price,sale
684,1,361.23,364.119,Yeah,sale
684,0,364.119,367.009,range yet,sale
684,1,367.009,369.899,Sure Yeah,sale
684,0,369.899,372.789,Mhm,sale
684,1,372.789,375.679,you know it's a bit smaller but I think it's better furniture it's like just a little bit newer and nicer Um And I think it makes it said that like those listings were from like a while back so like like the prices would have,sale
684,0,375.679,378.569,mm,sale
684,1,378.569,381.458,gone up a little bit,sale
684,0,381.458,384.348,Mhm Anyway you could,sale
684,1,384.348,387.238,Yeah,sale
684,0,387.238,390.128,um level it,sale
684,1,390.128,393.018,Mhm,sale
684,0,393.018,395.908,down closer to the 213 mark,sale
684,1,395.908,398.797,Yeah Uh Yeah I I don't know if that's going to be possible um,sale
684,0,398.797,401.687,mm,sale
684,1,401.687,404.577,mm,sale
684,0,404.577,407.467,I mean I understand why it's so why it deserves the price a higher price level but also like our needs isn't as much like we don't need four bedrooms actually we only need um maybe to at least one for the kids and then went for it us so we don't need that much rooms actually But we just felt that um the house really was really well it's really updated and it's really nicely decorated and yeah that's why we are interested in this house So yeah it's there Um,sale
684,1,407.467,410.357,Mhm,sale
684,0,410.357,413.247,So we're now yeah I'm looking at 210,sale
684,1,413.247,416.136,Yeah,sale
684,0,416.136,419.026,So it's still far away from the 233 But that's the most really we could stretches are like um salaries for this um investment,sale
684,1,419.026,421.916,I feel yeah Yeah I mean I I appreciate the words of the house,sale
684,0,421.916,424.806,Mhm,sale
684,1,424.806,427.696,and you know I understand you know maybe you don't need four bedrooms,sale
684,0,427.696,430.586,TRUE,sale
684,1,430.586,433.475,but the house still comes,sale
684,0,433.475,436.365,Yeah,sale
684,1,436.365,439.255,with four bedrooms,sale
684,0,439.255,442.145,we can't,sale
684,1,442.145,445.035,so,sale
684,0,445.035,447.925,like,sale
684,1,447.925,450.814,you,sale
684,0,450.814,453.704,take,sale
684,1,453.704,456.594,know we,sale
684,0,456.594,459.484,one off,sale
684,1,459.484,462.374,we still have to She'll have to,sale
684,0,462.374,465.264,Yeah,sale
684,1,465.264,468.153,sell it for,sale
684,0,468.153,471.043,I understand,sale
684,1,471.043,473.933,the price of four bedrooms unfortunately,sale
684,0,473.933,476.823,She's,sale
684,1,476.823,479.713,Um,sale
684,0,479.713,482.603,it's hard And when is the soonest Like I need to make this decision Could I go back Come back,sale
684,1,482.603,485.492,Hey,sale
684,0,485.492,488.382,a little bit later,sale
684,1,488.382,491.272,Yes,sale
684,0,491.272,494.162,Yeah,sale
684,1,494.162,497.052,um Yeah Yeah Um Sure Yeah I mean I think like the price probably won't you know like you,sale
684,0,497.052,499.942,I'm,sale
684,1,499.942,502.831,will,sale
684,0,502.831,505.721,sorry,sale
684,1,505.721,508.611,get more,sale
684,0,508.611,511.501,I can't,sale
684,1,511.501,514.391,offers,sale
684,0,514.391,517.281,I can't,sale
684,1,517.281,520.17,in,sale
684,0,520.17,523.06,hear,sale
684,1,523.06,525.95,the future,sale
684,0,525.95,528.84,you Sorry,sale
684,1,528.84,531.73,you,sale
684,0,531.73,534.62,can you,sale
684,1,534.62,537.51,know,sale
684,0,537.51,540.399,say that again,sale
684,1,540.399,543.289,But but yeah I'm sorry I was just going to say like if anything we're going to get more,sale
684,0,543.289,546.179,Mhm,sale
684,1,546.179,549.069,offers in the future so maybe like the price will go up but um,sale
684,0,549.069,551.959,TRUE,sale
684,1,551.959,554.849,yeah that would be fine,sale
684,0,554.849,557.738,Uh huh,sale
684,1,557.738,560.628,Um,sale
684,0,560.628,563.518,Is there any way you could like um because we're looking to make the deal as soon as possible And I know that you also want to be able to close this house,sale
684,1,563.518,566.408,Mhm,sale
684,0,566.408,569.298,Right,sale
684,1,569.298,572.188,Yeah,sale
684,0,572.188,575.077,Um,sale
684,1,575.077,577.967,Mhm,sale
684,0,577.967,580.857,210 So Mhm mm Well it's really a difficult for us to stretch beyond that price to be honest Is there any concessions you can provide for us,sale
684,1,580.857,583.747,Yeah Um,sale
684,0,583.747,586.637,Yeah,sale
684,1,586.637,589.527,No no not really in the,sale
684,0,589.527,592.416,Mhm,sale
684,1,592.416,595.306,realm of 210 I think that's definitely um Okay,sale
684,0,595.306,598.196,mhm,sale
684,1,598.196,601.086,I think at that point we just wouldn't sell the house if you were able to bump it up Um,sale
684,0,601.086,603.976,mhm,sale
684,1,603.976,606.866,Well you know like,sale
684,0,606.866,609.755,mm,sale
684,1,609.755,612.645,I said,sale
684,0,612.645,615.535,hmm,sale
684,1,615.535,618.425,the range I said before 233-39,sale
684,0,618.425,621.315,But that,sale
684,1,621.315,624.205,um,sale
684,0,624.205,627.094,is it that's way beyond our range as well,sale
684,1,627.094,629.984,The okay well yes yeah,sale
684,0,629.984,632.874,mm Like what would be the best offer you could give me Yeah,sale
684,1,632.874,635.764,absolute best offer um mm Was it Probably like,sale
684,0,635.764,638.654,Oh,sale
684,1,638.654,641.544,2 33 just because we like that's like that the other one and then um You know like like like the square feet as they create similar but we think like ours is like a little bit nicer and you know since it's been a time to sort of gone I mean really like it probably should be higher than 233 but we're willing to drop it to 2:33,sale
684,0,641.544,644.433,mhm It,sale
684,1,644.433,647.323,Um,sale
684,0,647.323,650.213,still doesn't work,sale
684,1,650.213,653.103,What's what's,sale
684,0,653.103,655.993,Okay,sale
684,1,655.993,658.883,the highest,sale
684,0,658.883,661.772,210,sale
684,1,661.772,664.662,you can go,sale
684,0,664.662,667.552,I understand like this is uh yeah I think 210 isn't a fair price for you guys right now How about um maybe 2 15 So it's uh higher than the 213 It's quite low I know,sale
684,1,667.552,670.442,Uh huh Yeah I I don't think that's about I think probably,sale
684,0,670.442,673.332,Uh huh,sale
684,1,673.332,676.222,like at least above like 2:30 PM Um,sale
684,0,676.222,679.111,Okay to 20 would be the max to 20 from 1 90 I'm jumping to to find it was just a stretch for us but that's uh,sale
684,1,679.111,682.001,Mhm,sale
684,0,682.001,684.891,Ultimate that's the tops to 20,sale
684,1,684.891,687.781,Yeah Mhm,sale
684,0,687.781,690.671,Mhm,sale
684,1,690.671,693.561,So that that that still doesn't quite,sale
684,0,693.561,696.45,Oh,sale
684,1,696.45,699.34,work um If you do like high twenties or low thirties maybe Um,sale
684,0,699.34,702.23,okay to chinese mm mm,sale
684,1,702.23,705.12,Or well I mean I don't know I still think that like like probably 2 33 like I think it should be like higher than it,sale
684,0,705.12,708.01,mm,sale
684,1,708.01,710.9,really should be between 2 33 and 2 39 um,sale
684,0,710.9,713.79,Mhm,sale
684,1,713.79,716.679,mm,sale
684,0,716.679,719.569,Can we do a little bit of closer to the 20s Yeah,sale
684,1,719.569,722.459,Closer to the 20s Um Really think above 2:30 is like what we're looking for but well what what are you,sale
684,0,722.459,725.349,I'm,sale
684,1,725.349,728.239,thinking,sale
684,0,728.239,731.129,thinking maybe like we need somewhere in the middle so you want to 30 I want to 20 so maybe let's meet in the middle to 25,sale
684,1,731.129,734.018,That's,sale
684,0,734.018,736.908,Yeah,sale
684,1,736.908,739.798,that's still still,sale
684,0,739.798,742.688,Yeah,sale
684,1,742.688,745.578,a little bit too low unfortunately,sale
684,0,745.578,748.468,I know but,sale
684,1,748.468,751.357,Um,sale
684,0,751.357,754.247,we can't go any further like,sale
684,1,754.247,757.137,I mean did the original,sale
684,0,757.137,760.027,mhm,sale
684,1,760.027,762.917,Original asking price was 2 40,sale
684,0,762.917,765.807,mhm,sale
684,1,765.807,768.696,I think like We've already you will be to 35 is okay you know like 2:33 That's like really pushing it But like,sale
684,0,768.696,771.586,Oh,sale
684,1,771.586,774.476,yeah maybe,sale
684,0,774.476,777.366,gosh I think 225 would be A reasonable price I would say because it's in between 213 and 233 it's somewhere in the middle and and it's close Yeah,sale
684,1,777.366,780.256,Well it's Yeah,sale
684,0,780.256,783.146,Yeah,sale
684,1,783.146,786.035,Yeah but I think our house is a lot closer to the third too I mean we think it's like a little bit better than the 233 mark actually which is why you know um The only difference is,sale
684,0,786.035,788.925,Mhm,sale
684,1,788.925,791.815,like like like I think like 30 square feet Um But,sale
684,0,791.815,794.705,Uh huh,sale
684,1,794.705,797.595,you know like you said it's it's like nicer,sale
684,0,797.595,800.485,Oh I,sale
684,1,800.485,803.374,It's,sale
684,0,803.374,806.264,said,sale
684,1,806.264,809.154,like,sale
684,0,809.154,812.044,it's,sale
684,1,812.044,814.934,viewer,sale
684,0,814.934,817.824,nicer and you're compared to 213,sale
684,1,817.824,820.713,um,sale
684,0,820.713,823.603,It's I didn't I didn't get to see the 233 because it's way outside of our budget so,sale
684,1,823.603,826.493,Oh,sale
684,0,826.493,829.383,yeah,sale
684,1,829.383,832.273,yeah sure I mean I I think we've looked at it and ours is like a little bit I,sale
684,0,832.273,835.163,Uh huh,sale
684,1,835.163,838.052,mean you know we're a little biased like I think objectively Okay Is this like Um how about like,sale
684,0,838.052,840.942,30,sale
684,1,840.942,843.832,like 2:30,sale
684,0,843.832,846.722,it's still a stretch Couldn't do high twenties Okay I'm at 2:25,sale
684,1,846.722,849.612,How high like,sale
684,0,849.612,852.502,right,sale
684,1,852.502,855.391,to,sale
684,0,855.391,858.281,now,sale
684,1,858.281,861.171,uh,sale
684,0,861.171,864.061,How about 2 27 2 28,sale
684,1,864.061,866.951,Meet,sale
684,0,866.951,869.841,2,sale
684,1,869.841,872.73,You,sale
684,0,872.73,875.62,28,sale
684,1,875.62,878.51,28 Yeah,sale
684,0,878.51,881.4,Okay Okay let's let's do 228,sale
690,0,0.0,5.742,Hello Are you there,sale
690,1,5.742,11.483,Yeah,sale
690,0,11.483,17.225,Yeah,sale
690,1,17.225,22.966,I'm here Just give me a second please,sale
690,0,22.966,28.708,Okay Yeah,sale
690,1,28.708,34.449,Yeah I'm good,sale
690,0,34.449,40.191,Okay So should we start,sale
690,1,40.191,45.932,Yeah Sure,sale
690,0,45.932,51.674,Okay you can leave yourself on mutism Um Okay so I am interested in buying your house and I see that you listed it for 240 K Um I am going to offer you a price of 2 10 K To start with And because start negotiating for America's Yeah,sale
690,1,51.674,57.415,Uh huh,sale
690,0,57.415,63.157,So I see,sale
690,1,63.157,68.898,Mhm,sale
690,0,68.898,74.64,all the other houses with comparable square footage and I mean the square footage of this house is 1846 And the other house with the closest square footage 1875 has listed for 233 case I don't see why I should Even go for 2 40 k,sale
690,1,74.64,80.382,Yeah that that's because did you look at the amenities We've got hardwood floors two fireplaces Uh It's newly decorated there's a large kitchen uh and if you look outside you know there's landscaping there's a big garage for 2.5 cars Um There's a lot of cool stuff to do in the area and you're where we live so and 2 40 I think it's a really good deal,sale
690,0,80.382,86.123,Yeah,sale
690,1,86.123,91.865,Um just to let you know this house was originally selling it to 60 but at that time and I did get offers it to 60 but I chose not to sell Uh So 240s only because,sale
690,0,91.865,97.606,I mean,sale
690,1,97.606,103.348,I'm,sale
690,0,103.348,109.089,if,sale
690,1,109.089,114.831,trying,sale
690,0,114.831,120.572,you chose,sale
690,1,120.572,126.314,to,sale
690,0,126.314,132.055,not to sell that's that's your decision,sale
690,1,132.055,137.797,Yeah for sure I mean I didn't want to sell at that time because I got an offer but I was I was living in it but,sale
690,0,137.797,143.538,Right,sale
690,1,143.538,149.28,"now I want to sell so I wanna get rid of it quickly and which is why I'm I have the 20,000 this town but to 60 was a very fair evaluation and I continue to stick to its I think too far He's a great deal",sale
690,0,149.28,155.022,Well if you really want to sell it at this point the only offer I'm able to give is I can go as high as 2 20K But that's the highest that I am able to offer you,sale
690,1,155.022,160.763,Yeah,sale
690,0,160.763,166.505,And I understand,sale
690,1,166.505,172.246,to 20 years Mhm,sale
690,0,172.246,177.988,I understand all the amenities But if you I'm looking at other houses as well and for a comparable square footage and they also have similar amenities and for a comparable square footage I mean they're going as high as 2:30K So I don't know if you want to lower to 2:30 K,sale
690,1,177.988,183.729,No I I definitely know what what's in the other houses I've had a look at them they're all my neighbors I I know that I'm good friends with them Uh And,sale
690,0,183.729,189.471,I have also,sale
690,1,189.471,195.212,definitely,sale
690,0,195.212,200.954,reported the house or so,sale
690,1,200.954,206.695,yeah,sale
690,0,206.695,212.437,I,sale
690,1,212.437,218.178,the amenities are very very different You're right on the square footage but square footage is not the only thing that matters It's what's inside the house Uh What's around the house Uh And minds one of the nicest houses in the neighborhood So I still think too far is a great deal,sale
690,0,218.178,223.92,okay I understand they're your neighbors But as a buyer I have also gone and seen these houses and They have for me they have the amenities that I am looking for Um and I am interested in buying your house I mean I appreciate that it's built in 1947 And so it has like good grounds So I am interested in buying the house But I am just trying to negotiate with you so that I can buy it at a comparable price as the other houses listed because I can easily go to them as well,sale
690,1,223.92,229.662,Well they're not for sale I mean the prices that you see listed is basically the prices but they're not really selling right now are they They're living in these houses My neighbors live in these homes and they're not selling it made and so on So if you want to come to the super nice area in in central uh minds the nicest house in the area and I'm the one that's selling and I'm selling it a very Reasonable price Like I could easily set to 50 or to 60 But I wanna move the house on and and and get on with my life as well So I'm going to 40 to 40 is a great deal for both of us It's win win really,sale
690,0,229.662,235.403,I am so sorry but I cannot give you 2 40 I mean like I said earlier if you are if you're really looking to buy the house right now I'm giving you a really good offer I said I will go up to 2 30 That's only 10-K Lower than what you're asking And if you really want to move on with your life this is a really good price and I am not,sale
690,1,235.403,241.145,No,sale
690,0,241.145,246.886,necessary,sale
690,1,246.886,252.628,I,sale
690,0,252.628,258.369,I don't really go ahead,sale
690,1,258.369,264.111,yeah go ahead Please finish,sale
690,0,264.111,269.852,I I'm not looking to like move in immediately But if you are if you're looking to sell this house at this point I think I'm giving you a very good offer,sale
690,1,269.852,275.594,Yeah It's a it's a it's a good offer for sure But you know uh I have to think and I think I think you'll also notice that my house has been newly decorated So I put a log into the,sale
690,0,275.594,281.335,Yeah,sale
690,1,281.335,287.077,into the renovations I put more than 50 grand into the renovations I did all the hardwood floors the landscaping all that is new the closet So I spent a lot of money as well Uh This stuff is hard to uh do and because it's all new you don't have to like renovated or spend a single dollar more Uh it's the 2 40 then you move right in and it probably lasts for a really long time until you spend any more money on the place So I think that makes a big you've got to think about that part as well maybe you buy like my neighbor's home for 2 30 but then uh the place is pretty run down so you spend another 2030 grand on the phone flooring maybe 10 grand on the closet You don't have to do any of that with me So I think I think I'm giving you a great deal of too far It's it's really really hard for me to move because uh even at 2 40 I I basically get back what I put into the home but I'm okay with that because I want to move anything lower and I lose money on everything I've done so far It's hard for me to make sense,sale
690,0,287.077,292.818,Okay I'm just trying to reach a negotiation here with you I cannot afford to go past 230 because I also have my own expenses um that I'm dealing with and um I appreciate all the amenities I am interested in the house Um I just cannot go any higher And I also like moving into this kind of neighborhood I have to think about um schooling for my kids and moving expenses a lot of things that I'm thinking about So I,sale
690,1,292.818,298.56,for,sale
690,0,298.56,304.302,think,sale
690,1,304.302,310.043,sure But,sale
690,0,310.043,315.785,if you can be more,sale
690,1,315.785,321.526,none,sale
690,0,321.526,327.268,flexible with your asking price I don't think it's unreasonable to ask to go for lower than the asking price because usually asking prices are higher than um what what sellers expect to sell the house at,sale
690,1,327.268,333.009,Yeah I I agree with you So uh to the couple of points you made one is you know schooling and moving expenses I totally understand you have that but you would have that anyway Like even if you bought my neighbor's home like you say you still have the exact same expenses So those aren't really specific to my home What's special about my home is the fact that you don't have any of the other expenses you would have with my neighbors Like I said none of the renovation costs another repainting none of that And I think the most important thing is yes you're right Usually asking prices tend to be higher than the owner,sale
690,0,333.009,338.751,Yeah,sale
690,1,338.751,344.492,actually wants and then they're willing to negotiate down My specific situation in this scenario is that I had a higher asking price is just that I need to move the house on because I have other plans Like I said I'm family I'm moving out of the country uh 240 is basically the house is priced to sell Um at 2:40 And and and it's very hard for me to drop down below that Just because like I said anything below even if I went to 35 I lose money on the whole thing So it's super hard for me to go under,sale
690,0,344.492,350.234,Can I ask you do you have any other buyers lined up,sale
690,1,350.234,355.975,I do Yeah,sale
690,0,355.975,361.717,Okay,sale
690,1,361.717,367.458,Right,sale
690,0,367.458,373.2,I,sale
690,1,373.2,378.942,I,sale
690,0,378.942,384.683,mean,sale
690,1,384.683,390.425,I have I have an offer on the on the home already,sale
690,0,390.425,396.166,can I ask how much they're offering for the place,sale
690,1,396.166,401.908,Uh well usually I wouldn't reveal that but because you know I'm I'm interested in getting a deal done here I have an offer for 2:35,sale
690,0,401.908,407.649,You haven't offered her to 35 So,sale
690,1,407.649,413.391,Mhm,sale
690,0,413.391,419.132,if you want I can I can offer you a deal today for 2:30 and you don't have to spend any more time trying to find another buyer,sale
690,1,419.132,424.874,That offer is immediate as well It's an open offer but I'm trying to push that buyer to go to to 40 as well which is which is where the standoff is coming from I'm waiting on the,sale
690,0,424.874,430.615,Mhm,sale
690,1,430.615,436.357,on the five K So uh You know like I you can understand why I can't do 2:30 when I have an offer for 2:35 But look I like you Uh if you can maybe like match the offer we can talk,sale
690,0,436.357,442.098,Mhm,sale
690,1,442.098,447.84,because you know I I don't like you and I think I think you know this has been a good conversation I think uh at the end of the day I'm I I understand you've come up from your initial office so I need to move a little bit as well Um I tried to go from 2 35 to 40 with the other buyer and with you but if that's not gonna happen if 2 35 is the price I'd be willing to shake hands with you at that price But it has to be that,sale
690,0,447.84,453.582,2,sale
690,1,453.582,459.323,2,sale
690,0,459.323,465.065,35,sale
690,1,465.065,470.806,35,sale
690,0,470.806,476.548,is here,sale
690,1,476.548,482.289,I think,sale
690,0,482.289,488.031,Louis,sale
690,1,488.031,493.772,it's a great deal Yeah Yeah absolutely And I think it's a fantastic,sale
690,0,493.772,499.514,the,sale
690,1,499.514,505.255,deal for,sale
690,0,505.255,510.997,Yeah,sale
690,1,510.997,516.738,2:35 Like you're getting a steal but obviously,sale
690,0,516.738,522.48,it would,sale
690,1,522.48,528.222,we've,sale
690,0,528.222,533.963,still,sale
690,1,533.963,539.705,all,sale
690,0,539.705,545.446,I,sale
690,1,545.446,551.188,got,sale
690,0,551.188,556.929,would,sale
690,1,556.929,562.671,our,sale
690,0,562.671,568.412,still,sale
690,1,568.412,574.154,stuff,sale
690,0,574.154,579.895,want to negotiate lower because I am already I'm already 15K Over my over the budget that I have set for myself,sale
690,1,579.895,585.637,Okay,sale
690,0,585.637,591.378,because as,sale
690,1,591.378,597.12,Yeah I totally get it Look I,sale
690,0,597.12,602.862,yeah,sale
690,1,602.862,608.603,totally understand But you know I'm I'm way below at 2:35 I'm like 25 below 2-60 Um That I that I could get if I kept the home on the market But like I said I need to move this along I started to 40 and I'm sure that you know I haven't offered to 35 You you've come up to to 30 I'm sure I could get somewhere at 2:40 in the next like week or so But I don't want to wait Uh And I know you don't want to wait You like the place you'd like to take it I'd like to sell it to you I think 235 is a quick deal for both of us I feel like I'd be leaving some money on the table But I'm willing to do that if you are But I think to 35 is the price,sale
690,0,608.603,614.345,Can I suggest to 32 so you can meet halfway,sale
690,1,614.345,620.086,we have met halfway,sale
690,0,620.086,625.828,Yeah,sale
690,1,625.828,631.569,I was at 2 40 you were at 2 30 I am meeting you halfway,sale
690,0,631.569,637.311,I think,sale
690,1,637.311,643.052,Honestly,sale
690,0,643.052,648.794,I have I have moved more than you have at this point I mean I,sale
690,1,648.794,654.535,I mean,sale
690,0,654.535,660.277,I,sale
690,1,660.277,666.018,that that's because the first offer was whatever the first offer was we weren't even talking about that amount right You also know that was a lowball offer to begin with So I'm not going to say that you moved more than I have Uh I mean you were at 2 20 I was 2 40 let's say And you moved 10-K I've moved Okay It hasn't been that different The fact is that your offer was a lot lower than it should have been And you know that as well you compared with my neighbor's place which goes,sale
690,0,666.018,671.76,I did,sale
690,1,671.76,677.502,for like,sale
690,0,677.502,683.243,I did for a reason,sale
690,1,683.243,688.985,2 33,sale
690,0,688.985,694.726,because I'm comparing it to prices of similar homes that I understand you,sale
690,1,694.726,700.468,But,sale
690,0,700.468,706.209,did renovations,sale
690,1,706.209,711.951,it's,sale
690,0,711.951,717.692,but that was,sale
690,1,717.692,723.434,Yeah,sale
690,0,723.434,729.175,your that was your prerogative and I and I appreciate the renovations,sale
690,1,729.175,734.917,I,sale
690,0,734.917,740.658,But,sale
690,1,740.658,746.4,get,sale
690,0,746.4,752.142,I was I was even like me and my family were really um into renovating places and making places become our own So we actually were interested in like doing our own renovations But thankfully we we were also busy with our jobs and we don't have to do that and I'm thankful that you have taken the time to,sale
690,1,752.142,757.883,yeah,sale
690,0,757.883,763.625,renovate the space Um But again I once again I'm willing to make a deal with you and we only have a minute left um,sale
690,1,763.625,769.366,I know,sale
690,0,769.366,775.108,due,sale
690,1,775.108,780.849,I,sale
690,0,780.849,786.591,to its will,sale
690,1,786.591,792.332,mean look look think about it If you were in my place and you have an offer at 2 35 would you do to 32 like that That wouldn't make any sense The reason I didn't take the 2 35 was because I'm pushing for 2 40,sale
690,0,792.332,798.074,Mhm,sale
690,1,798.074,803.815,but I would be absolutely crazy to go down from 2:35 when I have an open offer Um And I I genuinely think that you and your family will love the place like like you yourself know it's a beautiful place Um It's called the nicest amenities to 35 is a fantastic deal I could get more than too far if I waited on the market I'm not willing to wait 2:35 We have a minute I am happy to shake hands with you and take the deal if you are,sale
690,0,803.815,809.557,Yeah,sale
690,1,809.557,815.298,to 35 but it's very very hard for me to move from That,sale
690,0,815.298,821.04,Mhm I can't see why you can't go any lower but if that is your absolute lowest price I guess I guess you can make a deal,sale
692,0,0.0,4.209,Hi Okay I think I hit the record button Hello,sale
692,1,4.209,8.418,Yeah Okay,sale
692,0,8.418,12.627,Okay,sale
692,1,12.627,16.836,Yeah mm Yes I think you're supposed to start the negotiation,sale
692,0,16.836,21.045,Yeah let me let me just read the instructions one more time,sale
692,1,21.045,25.254,Yeah Sure,sale
692,0,25.254,29.463,Okay I don't know how they want us to role play this but I am looking to buy a house right now And,sale
692,1,29.463,33.672,Mhm,sale
692,0,33.672,37.881,"my budget is unwilling to pay up to about 230,000 for your house",sale
692,1,37.881,42.09,Okay,sale
692,0,42.09,46.299,Mhm,sale
692,1,46.299,50.508,So have you visited the house,sale
692,0,50.508,54.717,Um Yes I have I I visited the home last week,sale
692,1,54.717,58.926,Okay And what did you like about the house,sale
692,0,58.926,63.135,Well I mean as someone who's thinking about starting a family how far,sale
692,1,63.135,67.344,Mhm,sale
692,0,67.344,71.553,did they want to say Okay someone who's thinking about starting a family I really like how you have like four bedrooms in a recreation room That one's that is a really big important part for me And,sale
692,1,71.553,75.763,The,sale
692,0,75.763,79.972,I also like how you have a fenced backyard Just because like I have five dogs and I would love to have a fenced backyard Um,sale
692,1,79.972,84.181,Mhm,sale
692,0,84.181,88.39,And also I really like how it's near centennial park,sale
692,1,88.39,92.599,Yeah Okay,sale
692,0,92.599,96.808,Mhm,sale
692,1,96.808,101.017,That makes complete sense It's a really good neighborhood and um my houses located in the center of anybody pretty calm area I think usually like it especially if you wanna have a family,sale
692,0,101.017,105.226,Mhm,sale
692,1,105.226,109.435,The only problem is that the minimum asking price after talking to,sale
692,0,109.435,113.644,Uh huh,sale
692,1,113.644,117.853,"real estate agents And self accounting for any bargaining I set the price for like $250,000",sale
692,0,117.853,122.062,250 Okay,sale
692,1,122.062,126.271,Yeah and the,sale
692,0,126.271,130.48,Right,sale
692,1,130.48,134.689,only problem with the reason I'm not willing to sell it for lesser is because if you see there's like finished hardwood floor hardwood floors there's a newly decorated bedroom and housed,sale
692,0,134.689,138.898,mm,sale
692,1,138.898,143.107,And I've done a lot of landscaping and stuff especially for the backyard and he'll be provided with the house So I don't think I can sell it for less than that,sale
692,0,143.107,147.316,"Okay I have a question though Your asking price was 240,000 and",sale
692,1,147.316,151.525,Mhm,sale
692,0,151.525,155.734,"can I ask why the real estate agents would increase by $10,000",sale
692,1,155.734,159.943,Yeah The only reason I think they would uh increase it was because the house in itself was valued at 2,sale
692,0,159.943,164.152,Yeah,sale
692,1,164.152,168.361,"40,000 even just with the location and the space it's 18 46 square feet So I think because of those reasons with the master bedroom and the gardens and south but like I said I put a lot of work into it I've had a lot of decorations being put in and stuff So I would want to sell it to 50,000 minimum",sale
692,0,168.361,172.57,That makes sense I also have a question though because I looked into the prices of neighboring homes with very similar characteristics and,sale
692,1,172.57,176.779,Mhm,sale
692,0,176.779,180.988,one of them has 1875 square feet,sale
692,1,180.988,185.197,Yeah,sale
692,0,185.197,189.406,"Which is around like what 30 more than what my house has now and it's only selling for about $233,000",sale
692,1,189.406,193.615,Yeah Okay So,sale
692,0,193.615,197.824,And so,sale
692,1,197.824,202.033,uh,sale
692,0,202.033,206.242,I feel that because it has more square feet and because it has similar characteristics I'm probably gonna get the same thing but for less,sale
692,1,206.242,210.451,"Yeah Okay So um at the cost of zoning repetitive firstly I would say a lot of work being put in But aside from that if I just take there are hardwood floors for example um this house is provided with entirely refurbished hardwood flows and it's completely finished and approximately 1000 square feet of The Hardwood itself cost me $12,000 So I think that in itself just explains the difference in price But other than that I would say it's just it's not just simply your house you also got alot of humanity is in terms of the kitchen it has all the appliances built in and if you see the master bedroom it has an entire it hasn't asked about as well So I would say for those reasons it was probably be a lot more valuable and other than that if she transfer But Asia in terms of the trains and buses it's pretty much closer than all of the other houses Do the chains and the bus stations as well",sale
692,0,210.451,214.66,yeah uh the transportation restaurants isn't my biggest priority at the moment So,sale
692,1,214.66,218.87,Mhm,sale
692,0,218.87,223.079,"while I do love that aspect of the house I was also thinking that like The one that's like 1,275 square feet is",sale
692,1,223.079,227.288,Yeah,sale
692,0,227.288,231.497,a better deal just because it has the exact same amenities that you have It has like the great landscaping has the hardwood floors that I want and like the amount of rooms I still love your house but,sale
692,1,231.497,235.706,Yeah,sale
692,0,235.706,239.915,"I just if it's selling it only like 233,000",sale
692,1,239.915,244.124,Yes,sale
692,0,244.124,248.333,"I don't know why I would spend like 17,000 more you know to get the same",sale
692,1,248.333,252.542,Yeah,sale
692,0,252.542,256.751,thing,sale
692,1,256.751,260.96,Okay,sale
692,0,260.96,265.169,before,sale
692,1,265.169,269.378,No,sale
692,0,269.378,273.587,last,sale
692,1,273.587,277.796,I I completely understand,sale
692,0,277.796,282.005,head,sale
692,1,282.005,286.214,I was going through the same problem a couple of years ago,sale
692,0,286.214,290.423,Yeah,sale
692,1,290.423,294.632,but the unit reason,sale
692,0,294.632,298.841,What,sale
692,1,298.841,303.05,I went with this one is yeah of course the space and then what I've done with it But I think if you look at in terms of the grass and the,sale
692,0,303.05,307.259,Yeah,sale
692,1,307.259,311.468,gardens outside um no other house throughout the entire street has done the same level of like landscaping You have dogs I've already fenced backyard And um there's a detached garage that I don't think a lot of the houses have and it's for 2.5 cars So that might help you a lot as well Especially if you're looking to have a family I'm guessing you only have a car Another guy will be on its way when you get a bigger family and about the restaurants and Transportations It might not be one of your biggest priorities but I think it's just it's better to have it then close close approximately,sale
692,0,311.468,315.677,Yeah I know I totally get that But,sale
692,1,315.677,319.886,Right,sale
692,0,319.886,324.095,the thing is the other house has to recreation rooms and as someone with five dogs and four kids That presents to be like a better deal for me And also this house was built in 1947 which is considerably older than the one that I was looking at before,sale
692,1,324.095,328.304,Mhm,sale
692,0,328.304,332.513,Yeah And,sale
692,1,332.513,336.722,Yes,sale
692,0,336.722,340.931,so I know it takes a lot more to maintain So on top of like the price that you're asking for the amount of like refurbishing you've done I would still have to pay more money just to keep it maintained The house is beautiful and I love it But because it's older I would probably have to invest more in the long run to like actually keep it running properly While the one,sale
692,1,340.931,345.14,Mhm,sale
692,0,345.14,349.349,"that's like $233,000 is a lot newer and has",sale
692,1,349.349,353.558,Yeah,sale
692,0,353.558,357.767,almost the exact same amenities that I want,sale
692,1,357.767,361.977,Yeah I completely agree I think to be honest there might be a bit of a bias when it comes to this house because I put in a lot of work myself So I think that might be um making me like up the price a bit much I can take it How much did he say the other houses for,sale
692,0,361.977,366.186,"It was for 233,000",sale
692,1,366.186,370.395,"Okay So I think like at best what I can do is probably pull this tryst down to like 2 40,000",sale
692,0,370.395,374.604,the asking,sale
692,1,374.604,378.813,Does,sale
692,0,378.813,383.022,for,sale
692,1,383.022,387.231,that,sale
692,0,387.231,391.44,it,sale
692,1,391.44,395.649,"Yeah So I instead of asking for 250,000 I would just like put it down to the original asking price of 2 40,000 Is that something you'd be interested in",sale
692,0,395.649,399.858,Unfortunately not because that was the price I was originally expecting because I,sale
692,1,399.858,404.067,Okay,sale
692,0,404.067,408.276,"know that like you said 250,000 And so",sale
692,1,408.276,412.485,Mhm,sale
692,0,412.485,416.694,"when I heard When I was thinking 240,000 that's what I budgeted for for the max amount",sale
692,1,416.694,420.903,Okay What,sale
692,0,420.903,425.112,Yeah,sale
692,1,425.112,429.321,what uh what are you looking for What is like your suitable price,sale
692,0,429.321,433.53,"My suitable price I'm willing to pay Probably up to like 235,000 But that's like my budget considering I have a dog farm of five dogs and five kids I",sale
692,1,433.53,437.739,Yeah,sale
692,0,437.739,441.948,also have to save,sale
692,1,441.948,446.157,Oh yeah,sale
692,0,446.157,450.366,that money,sale
692,1,450.366,454.575,Yeah No Okay Yeah so um I mean Yeah to be fair I think I would have probably done the same looking,sale
692,0,454.575,458.784,Mhm,sale
692,1,458.784,462.993,"and asking basket to 14,000 put it down to 2:35",sale
692,0,462.993,467.202,Yeah,sale
692,1,467.202,471.411,And yeah I think that makes that makes sense if that works for you I can agree with that,sale
692,0,471.411,475.62,I could I ask to go a little bit lower just because still to 35 is More expensive than the house That's 233 But I get less square feet and I have to put in more compensation to keep the house like maintained,sale
692,1,475.62,479.829,So first off you don't need to worry about the house being maintained historically all these houses have been built and lost and so long they are much stronger foundation So you have nothing about you about that And I can see that from personal experience about the additional 1400 I think that price is pretty um justified with respect to the level of personalization that you're going to get in the house There's landscaping and there's so much other so many other amenities that I've added myself so especially outside amenities and I think that's really helpful So if you're having kids and dogs,sale
692,0,479.829,484.038,Yeah No I I love your amenities and I really love what you've done with the place I really appreciate it It's just the one that for 18 175 sq ft I also get more amenities with that I know I get an extra recreation room I get um,sale
692,1,484.038,488.247,I,sale
692,0,488.247,492.456,Alright I also have the same beautiful landscaping and fenced backyard because this is all in the same area,sale
692,1,492.456,496.665,okay I mean I can't,sale
692,0,496.665,500.874,Yeah,sale
692,1,500.874,505.083,really account for that because that's not something that came with the house and I have not seen probably any other house having the same fenced backyard of the landscaping because Lance gave me something that you do yourself as the owner There's no like a community person doing it for you,sale
692,0,505.083,509.293,Mhm,sale
692,1,509.293,513.502,And Yeah,sale
692,0,513.502,517.711,So,sale
692,1,517.711,521.92,And,sale
692,0,521.92,526.129,I,sale
692,1,526.129,530.338,about,sale
692,0,530.338,534.547,would get so would I be in charge of landscaping once I have the house,sale
692,1,534.547,538.756,what do you mean Okay,sale
692,0,538.756,542.965,Sorry you said that the landscaping wasn't like a public thing it's like a private thing So would I be having the landscaping at the end of the day if I,sale
692,1,542.965,547.174,so,sale
692,0,547.174,551.383,about that,sale
692,1,551.383,555.592,either you yeah I mean I chose to do with myself,sale
692,0,555.592,559.801,Mm,sale
692,1,559.801,564.01,but a few other people who have have like a basic set out they just get a person to do it and it's very easy to find people within the community Everyone going to just help each other out,sale
692,0,564.01,568.219,Mhm,sale
692,1,568.219,572.428,So that would be a problem,sale
692,0,572.428,576.637,Yeah,sale
692,1,576.637,580.846,And for the,sale
692,0,580.846,585.055,for,sale
692,1,585.055,589.264,Yeah,sale
692,0,589.264,593.473,beautiful landscaping,sale
692,1,593.473,597.682,and,sale
692,0,597.682,601.891,than if I went with a cheaper house with more of square feet it would be cheaper for me in the long run to just hire someone to do beautiful landscaping then,sale
692,1,601.891,606.1,"I it could be but also if you plan to live here for long It's going to add up to more than $1,400 for sure Especially",sale
692,0,606.1,610.309,Yeah,sale
692,1,610.309,614.518,because there's more land,sale
692,0,614.518,618.727,but,sale
692,1,618.727,622.936,and,sale
692,0,622.936,627.145,then when yours also still be more because it would have to be maintained,sale
692,1,627.145,631.354,you're paying less of a lesser land and the landscaping is already done at a basic level So they just have to comment shim it as opposed to you getting a landscape artist too Did you make the entire thing And for the recreation room,sale
692,0,631.354,635.563,wow,sale
692,1,635.563,639.772,it's not possible for them to have to because all the houses in this Area have the same number of overall rooms which is five So you're saying there's three bedrooms and two recreation rooms,sale
692,0,639.772,643.981,Yeah,sale
692,1,643.981,648.19,That might fall a little short especially when you said your four kids,sale
692,0,648.19,652.4,Hey Yeah I don't know I just think I wanted to do the landscaping my own way because,sale
692,1,652.4,656.609,Mm hmm,sale
692,0,656.609,660.818,as,sale
692,1,660.818,665.027,Yes,sale
692,0,665.027,669.236,much as,sale
692,1,669.236,673.445,So,sale
692,0,673.445,677.654,I,sale
692,1,677.654,681.863,that's,sale
692,0,681.863,686.072,love you Yeah I think I already,sale
692,1,686.072,690.281,that's,sale
692,0,690.281,694.49,have,sale
692,1,694.49,698.699,the same,sale
692,0,698.699,702.908,someone lined up to do my landscaping,sale
692,1,702.908,707.117,Okay,sale
692,0,707.117,711.326,"Yeah And so I am willing to settle for 232,000 just because It's less than the 233 1006 100 price of that house",sale
692,1,711.326,715.535,Okay,sale
692,0,715.535,719.744,And if they all have,sale
692,1,719.744,723.953,I,sale
692,0,723.953,728.162,similar characteristics,sale
692,1,728.162,732.371,yeah but like I told you like 34 reasons why And the other,sale
692,0,732.371,736.58,Yeah,sale
692,1,736.58,740.789,reason is also because that's one of transportation may not be a priority for you now In the long run it might become one they're living that that house at the end of the street that's the unity is it could be a little bigger and I think it's really not with it that's one of the houses I considered as well and I still chose this one with a slightly,sale
692,0,740.789,744.998,Mm,sale
692,1,744.998,749.207,higher price,sale
692,0,749.207,753.416,Yeah I don't know I just like I just think considering all the other prices it just doesn't really add up I totally get that you have so many amenities and I really like that and I really like the amount of effort you put into the place but if I can get,sale
692,1,753.416,757.625,Mhm,sale
692,0,757.625,761.834,the same things done for another house for cheaper and also customized to my personal likings,sale
692,1,761.834,766.043,mm,sale
692,0,766.043,770.252,then Yeah my,sale
692,1,770.252,774.461,Yeah,sale
692,0,774.461,778.67,I would be willing,sale
692,1,778.67,782.879,Okay,sale
692,0,782.879,787.088,to go up to like 233,sale
692,1,787.088,791.297,What Okay,sale
692,0,791.297,795.507,just,sale
692,1,795.507,799.716,So,sale
692,0,799.716,803.925,yeah just because the other house that's,sale
692,1,803.925,808.134,mhm,sale
692,0,808.134,812.343,exactly like,sale
692,1,812.343,816.552,I,sale
692,0,816.552,820.761,this,sale
692,1,820.761,824.97,just to give you a number I think the kitchen appliances all in itself the new like new leader creative areas would have cost me the difference are more for sure So I would like if you cannot really appreciate getting that 2 35 Bye I probably can't No lesson,sale
692,0,824.97,829.179,Really Okay Can we go for 234 then,sale
692,1,829.179,833.388,Uh I'm actually not sure because I've been like I probably ended end up losing A lot on the decorations on itself to 35 is like the minimum,sale
692,0,833.388,837.597,Okay Well my highest,sale
692,1,837.597,841.806,Yeah,sale
692,0,841.806,846.015,would be 234 Just because I also have like nine Children with the four kids five dogs,sale
692,1,846.015,850.224,Okay Yeah,sale
692,0,850.224,854.433,And that's,sale
692,1,854.433,858.642,Okay,sale
692,0,858.642,862.851,why I,sale
692,1,862.851,867.06,that works,sale
693,0,0.0,14.709,Hello,no sale
693,1,14.709,29.417,Hello,no sale
693,0,29.417,44.126,How are you,no sale
693,1,44.126,58.834,It's going to tell you,no sale
693,0,58.834,73.543,Good Um Okay so I'm the buyer correct,no sale
693,1,73.543,88.251,Mhm,no sale
693,0,88.251,102.96,"All right so give me one sec Okay so I'm here to buy a house and it says the asking prices right Two 100 40,000",no sale
693,1,102.96,117.669,Yeah that's right,no sale
693,0,117.669,132.377,Okay So I think that's a little high So I'm going to offer two um Going to offer you to 14 1000 because there's another house very similar That costs 2 13 300 but it's a little smaller So I figure I'll ask I'll offer a little bit more,no sale
693,1,132.377,147.086,Um One second so um I'm glad that you're interested in buying my house,no sale
693,0,147.086,161.794,Okay,no sale
693,1,161.794,176.503,Hello I think that this smaller um The smaller house which prices 2013 Um It's much smaller because the The area of my house is 18 for in six while This one is 1715 So um uh I see that 700 does not correspond to um 100 31s were feet of space So I would suggest uh if we talk a bit more about why do you like the house What exactly do you it was exactly are you looking for in the house Too much by,no sale
693,0,176.503,191.211,Um Well I like the We both see the Appendix one Right,no sale
693,1,191.211,205.92,Yeah,no sale
693,0,205.92,220.629,okay Yeah So well the things that I like specifically are Give Me one SEC Yeah Yeah All right So I'm looking for a single family home So I think the four bedrooms the one recreational room and the 2.5 bathrooms are oh pretty pretty in line with that So uh just the number of bedrooms and the other rooms attract me Oh,no sale
693,1,220.629,235.337,so I suppose that the area of is a space Uh huh [PERSON] is important for your right,no sale
693,0,235.337,250.046,yeah,no sale
693,1,250.046,264.754,Uh So the only other option then it would be um to buy the house uh which at least a splurge of mine and it means that you would have uh to pay at least 200 to service We are uh 208 79 But,no sale
693,0,264.754,279.463,Yeah,no sale
693,1,279.463,294.171,at the time um the house that I'm buying is one which is um the penicillin is the one that um once a few in the area a well go for sell So um I would I would recommend marriage go and um by at least uh to Harvard search history um 1000 for the house,no sale
693,0,294.171,308.88,"Well I think I think that's a little unfair because the 1875 is bigger than this one Right So I don't want to be paying the same um for a smaller house So I think I'd be willing to pay something less than 2 33 Something in between 2 13 and 2 33 Um So I'll offer something in between Let's go right around the middle and say maybe like 2 19,000 I think it's fair",no sale
693,1,308.88,323.589,I actually don't think that is in the middle because There's a difference between 1715 square feet And 1875 Does't correspond to the like the middle While you exist errors doesn't correspond to the middle Um To see well you're of the area of my house so um an ulcer Um I think that my house is everyone the era to be solved So other wise you want to have really an option to buy the house Um So I would suggest uh one second that's computer So if we take um Yeah,no sale
693,0,323.589,338.297,Well 46 is right around Oh wait no never mind I thought no I calculated something but I did it wrong Go ahead,no sale
693,1,338.297,353.006,"one second Um Okay so we have that it would take are the price per square feet was the middle house Uh Which was 2007 3 600 for 1875 sq ft And if the right price how are they um cost and multiply um the price for the area enter multiply Bye See um era obviously how is that I'm selling um a little gift 2030 $238,000 So um this is a price that I'm suggesting",no sale
693,0,353.006,367.714,He had 2030 Okay so I did that calculation for the different houses So The price per square foot for the 1875 House Was 1 24.5 Something Right,no sale
693,1,367.714,382.423,um if you're multiply it by,no sale
693,0,382.423,397.131,Yeah,no sale
693,1,397.131,411.84,eight,no sale
693,0,411.84,426.549,And then Yeah,no sale
693,1,426.549,441.257,exist and get into hundreds searching,no sale
693,0,441.257,455.966,Yeah but the price per square foot for the smaller house is a little bit less It's Like 1 24 3 So I suggest maybe something in the middle of the two So something between 1 24.3 and 1 24.5 So I'll say 1 24.4 Right And then we can multiply that by the size of your house which is 18 Are 1846 And yet 2029 642 So,no sale
693,1,455.966,470.674,Which,no sale
693,0,470.674,485.383,if we do,no sale
693,1,485.383,500.091,runs up to 230,no sale
693,0,500.091,514.8,"um Well What difference is $1,000 gonna make I think we can just keep it out to 29",no sale
693,1,514.8,529.509,I wouldn't say that We have that It's 1000 difference,no sale
693,0,529.509,544.217,or 400,no sale
693,1,544.217,558.926,Yeah Yeah but like a gallus computers the Are 2 39 Thanks 70 since from the destruction which but at the same time if we take the salad price per square feet for the larger house it will result In 2013 306,no sale
693,0,558.926,573.634,Yeah Yeah,no sale
693,1,573.634,588.343,5 230 Some and 365 songs Um,no sale
693,0,588.343,603.051,Yeah but,no sale
693,1,603.051,617.76,Exactly,no sale
693,0,617.76,632.469,your house isn't that big so,no sale
693,1,632.469,647.177,yeah but,no sale
693,0,647.177,661.886,it,no sale
693,1,661.886,676.594,it's like for its price for um like selling price for the bigger house divided by the square feet the area in square feet And multiplied by the area of my house It will result in like 2230365 So humans that I suggest Um going weighs 200 30 sausage dollars,no sale
693,0,676.594,691.303,stick,no sale
693,1,691.303,706.011,Um And yeah and things like the area of the house is important for you So All right You would buy otherwise the house which is larger than life and it's actually will be more expensive or scarce state So I just took place 230,no sale
693,0,706.011,720.72,Um Yeah Okay but I think we need to compare comparable homes So I would I think that we should choose the price per square foot between the smallest house and the middle house because your house flies in that range So I still proposed it to 29,no sale
693,1,720.72,735.429,Oh,no sale
693,0,735.429,750.137,otherwise I think I'm going to pull out,no sale
693,1,750.137,764.846,"I think that when you two talk about the difference between um Okay 229 $1,000 Right",no sale
693,0,764.846,779.554,Mhm,no sale
693,1,779.554,794.263,it's the wrong side,no sale
693,0,794.263,808.971,"Okay Sounds Good So $229,000",no sale
693,1,808.971,823.68,Yeah,no sale
697,0,0.0,8.836,person,sale
697,1,8.836,17.673,Okay So I think as the buyer you have to begin the conversation and then let's just see where it goes,sale
697,0,17.673,26.509,Sorry You cut off in the beginning,sale
697,1,26.509,35.345,Can you hear me,sale
697,0,35.345,44.182,Yes,sale
697,1,44.182,53.018,Okay So,sale
697,0,53.018,61.855,Yeah,sale
697,1,61.855,70.691,yeah as a buyer I think you have to start and then from there I'll respond with a counter offer or just like I think we're going to have to introduce my building I don't know how much information you have on my property So let's just see Let's see,sale
697,0,70.691,79.527,Okay,sale
697,1,79.527,88.364,what you start with But I think you have to begin as the buyer,sale
697,0,88.364,97.2,Yeah So I'm really interested in buying a house I've been looking for You know how for a while and I don't know much about your property but I do know about you know the properties around you So if you could give me a little bit of information before she ate the price that would be really great Yeah,sale
697,1,97.2,106.036,Yeah of course So I could give you a description of the inside amenities And then I could also give you some details about the outside amenities as well,sale
697,0,106.036,114.873,Perfect,sale
697,1,114.873,123.709,And,sale
697,0,123.709,132.545,Yeah,sale
697,1,132.545,141.382,there I'll give you my asking price currently on the market And then yeah let's just see if you have additional questions after,sale
697,0,141.382,150.218,Okay Sure Yeah Mhm,sale
697,1,150.218,159.055,Okay So just to start uh here's a quick description It's four bedrooms one with 1 recreation room,sale
697,0,159.055,167.891,Sure,sale
697,1,167.891,176.727,and 2.5 bathrooms It,sale
697,0,176.727,185.564,Okay,sale
697,1,185.564,194.4,"was built in 1947 Um It's obviously been renovated which I've talked to momentarily And it has 8 1,846 sq ft of space So 1846 And it's a split level style which I'm not entirely sure Let's just assume that you know that is and then so forth Inside amenities We have two fireplaces finished hardwood floors there's a large Eden kitchen with all appliances that you need The there's a master bedroom with an entire wall of closets plus the master master bedroom bathroom and also it this this property was newly decorated with the interior And then just for the outside um there is uh an updated brick layering So we've kind of given a more modern look with nicer brick beautiful landscaping We redid the entire landscaping um fenced back yard with mature trees that went along with the landscaping There is a detached garage with enough space to fit 2.5 cars and uh there's restaurants and public transportation within walking distance And it's near the Hastings and centennial park's if you're into going to parks or if you're looking for a family and yeah I believe you also have in your appendix characteristics relative to like the other neighboring homes So also if you're as I said in terms of my you know square feet of space we have 1,846 So you'd be looking in between like I I see at least for me there's a house that was 1,875 So I would want to maybe like gage use that as a point of reference going forward to if you had even wanted to give something Yeah Do you have any questions um the amenities or anything",sale
697,0,194.4,203.236,Yeah So I know like a lot of the houses um in the neighborhood with similar features um that have been recently renovated are around a lower price point Um And that's just because of um how the property is working in the neighborhood What they're asking for this Okay,sale
697,1,203.236,212.073,So you're you're you're asking what are the price points of the neighboring properties,sale
697,0,212.073,220.909,No I'm asking you what's the um asking price for this property,sale
697,1,220.909,229.745,"So yeah this asked So this asking price should be $240,000 but obviously there's room for wiggle but I want to I think that's a good starting point that I've I've talked into my community of real estate investors and that's that's the asking price they recommended",sale
697,0,229.745,238.582,Yeah and I asked around while I was buying a house I have a lot of friends that bought houses in the last few years and they've all um kind of bought houses around the 222 125 mark And I was hoping to be somewhere around that Given that you know the neighboring properties and the property market shows that these properties don't really appreciate the way um Other neighborhoods would and um that is a province that I do have like around that price mark and was wondering what we could do to reach their price mark,sale
697,1,238.582,247.418,Okay Okay this is interesting So yeah so Okay Um Okay So yeah I mean obviously I started with 240 but I'm also willing to go down Um,sale
697,0,247.418,256.255,Yeah You,sale
697,1,256.255,265.091,Yeah,sale
697,0,265.091,273.927,hear,sale
697,1,273.927,282.764,so so I think so how would you feel would you feel comfortable with maybe getting some counter offers and then moving from there,sale
697,0,282.764,291.6,Yes,sale
697,1,291.6,300.436,Okay,sale
697,0,300.436,309.273,Yeah,sale
697,1,309.273,318.109,So Mhm So what if you said you said you mentioned to 25 that's kind of maximum for you,sale
697,0,318.109,326.945,Yes,sale
697,1,326.945,335.782,"Okay interesting Um So yeah I mean within my It's interesting because within my information I think kind of like my minimum would be around 225 as well And my starting point was to 40 So clearly you know we got to see who's going to budge more Um Yeah so I mean as I mentioned like I initially purchased this house For 155,000 but I bought this several years ago And so clearly renovations have been made on my end out of pocket and you know in terms of how this is appreciated I mean I don't know it doesn't give me the information relative to my neighboring homes But mm hmm So if you're maximums to 25 and my minimums to 25 Uh huh So clearly if I say like 2:30 you're gonna need So that's out the window I mean yeah How do you think we should go about this What what are you feeling",sale
697,0,335.782,344.618,I guess I could do A few extra 1000 but I would definitely not be willing to go above um the 228 mark or you know most And,sale
697,1,344.618,353.455,Mhm,sale
697,0,353.455,362.291,this is because like while I understand that you've done renovations out of pocket I I'm basing my um My asking price or my basically my buying price off of you know what the base price for this property should be Plus any other renovations that have been done Um so I'd be willing to do about 228,sale
697,1,362.291,371.127,2 20,sale
697,0,371.127,379.964,Um As an asking as a selling price for this house just because it does seem to be fit with the rest of the neighborhood and with what This how should have costed without renovations If you put renovations out of pocket we definitely want to cover those Um,sale
697,1,379.964,388.8,Yeah,sale
697,0,388.8,397.636,I wouldn't want you to be in a loss but if you're willing to go down to two-25 maybe we could agree somewhere to 28 and make this a good deal for both of us,sale
697,1,397.636,406.473,Yeah Yeah So I'm actually I,sale
697,0,406.473,415.309,Mhm,sale
697,1,415.309,424.145,mean I honestly 28 sounds good So actually can I give you that a quick calculation I just did,sale
697,0,424.145,432.982,Sure,sale
697,1,432.982,441.818,Um So I so do you know how I mentioned the square feet of space is 1846 1846,sale
697,0,441.818,450.655,Yeah,sale
697,1,450.655,459.491,Okay And so Doom and then in the appendix you have like the sell price and square feet of neighboring homes,sale
697,0,459.491,468.327,Yes,sale
697,1,468.327,477.164,"So do you know how there's the 1875 square feet About $233,000",sale
697,0,477.164,486.0,Yes,sale
697,1,486.0,494.836,"So I just did 2 33 600 Over 1875 Is equal to X over 1846 And then I just kind of cross multiplied and then I see that that's 2000 200,200 200,000 and 29 - 29 basically it's kind of closer",sale
697,0,494.836,503.673,Yeah,sale
697,1,503.673,512.509,to 2 30 But I'm I'm willing to go somewhere around 2 28 to 2 29 It is if that's reasonable to you because I mean I think,sale
697,0,512.509,521.345,Mhm,sale
697,1,521.345,530.182,I'll be okay with that honestly To 28-29 I mean how do you feel,sale
697,0,530.182,539.018,Yeah I'm okay with a 28 Um the only reason why I wouldn't go off with the price for the um 1875 listing is because you know houses are different and we don't really know what the amenities for those houses are Um,sale
697,1,539.018,547.855,Mm,sale
697,0,547.855,556.691,But I would be willing to do to 28 um for this house Okay,sale
697,1,556.691,565.527,Yeah,sale
697,0,565.527,574.364,Yeah,sale
697,1,574.364,583.2,Um mhm Okay I mean honestly like I'm totally fine with that then to 28 solid,sale
699,1,0.0,4.359,sure Just record then Um,sale
699,0,4.359,8.718,Yeah,sale
699,1,8.718,13.077,okay I think I hit on the recording but I'm not sure if you did it on your end,sale
699,0,13.077,17.436,Yeah,sale
699,1,17.436,21.795,Okay And then we should we got to go right,sale
699,0,21.795,26.154,yep,sale
699,1,26.154,30.513,okay Okay I'm very excited for this because you're like uh I mean it looks like rolls right now but you know just um yeah I don't know I don't know where to start Um Do you have any I think it's about the offer and the price in general,sale
699,0,30.513,34.872,Uh well I guess it looks like the listing price is 2:40 and obviously as a buyer I don't want to pay that much,sale
699,1,34.872,39.231,Right But then here's one so another thing that is actually got reduced already Um so initially I asked for to 60 but then you know It's been out for several weeks now So that's why I kind of drop it down to 2:40 PM Um I'm not willing to go you know any lower than that But here's also another thing I'm telling you that the 2 40 is actually a very good price Like a steel okay Compared to the other houses in the in the area and you know including all of the things that we have um in for fundamentals and well you write descriptions you know what the house is But um,sale
699,0,39.231,43.59,Okay,sale
699,1,43.59,47.95,yeah,sale
699,0,47.95,52.309,I see it on appendix two that there were some similar houses that have sold In comparable amenities comparable characteristics that have gone all below 24 So why are you stopping at 2:40,sale
699,1,52.309,56.668,what what did I stopped at 2 40 because I I initially thought that might have professionally was way more than that Right I told you that I actually thought that it could it could be was at least 2 60 but because it's been around for several which is why I dropped against 2 40 I'm like I told you that I'm unwilling to negotiate Uh I think what would I do that actually Uh,sale
699,0,56.668,61.027,So how do you figure,sale
699,1,61.027,65.386,I,sale
699,0,65.386,69.745,if it's,sale
699,1,69.745,74.104,mean well well I'm sorry that I am,sale
699,0,74.104,78.463,I was asking how do you figure if it's worth more than 2 40 if the three other houses just like it all sold for less than 2 40,sale
699,1,78.463,82.822,It's just well I mean [PERSON] the amenities right here But I'm telling you right now that there's so much more you know that that has you know that goes along with the house So besides apart um you can actually have walking distance to the restaurant and old auto locations that you want Um And it's actually located at a very good view to on a hill and we're like you know in in the middle just imagine it is like in the middle of L A Kind of area Like this is like the steel basically it's like Hollywood like you cannot find it anywhere else,sale
699,0,82.822,87.181,All right,sale
699,1,87.181,91.54,And also and also and also um Well there's no this is on the abundance one night You know all the appliances will will will come along with it But I'm telling you that I'll give you I'll leave behind all the stuff like in good conditions um as however you want it to be and I'm going to take out whatever you don't want Um So all appliances you know including microwave and whatnot Official greater freezer whatnot inside right But also Washington dryer which is like of course you don't need to even spend more money on that You don't even need to spend more money on remodel even because of the But looking And also the reason that I I decided to start this house because I want to go elsewhere for just you know nicer view by the beach Well we're located in kind of in a mountain area right now and and I want to change the view a little bit Not because I don't like the house Um Hell it's just like it's been you know so long with me I've been living in this house for so long And so um it's actually kind of fat to see it goes to see you know it um to sell it But but you know my point I feel like I'm talking too much right now because because but yes and so you know keep in mind that um we we have to reach the agreement Um,sale
699,0,91.54,95.899,Yeah I guess I'll tell you right off the bat I,sale
699,1,95.899,100.258,Okay,sale
699,0,100.258,104.617,won't be buying the house for 2:40 So if you're,sale
699,1,104.617,108.976,okay,sale
699,0,108.976,113.335,not willing,sale
699,1,113.335,117.694,what,sale
699,0,117.694,122.053,to go lower,sale
699,1,122.053,126.412,would,sale
699,0,126.412,130.771,than that,sale
699,1,130.771,135.13,be,sale
699,0,135.13,139.49,then we cannot settle,sale
699,1,139.49,143.849,what would yes but then but then uh we're looking at this instruction we have to consider agreement Um,sale
699,0,143.849,148.208,Yes My target my target price for,sale
699,1,148.208,152.567,Okay,sale
699,0,152.567,156.926,my house was what,sale
699,1,156.926,161.285,I'm,sale
699,0,161.285,165.644,I don't know,sale
699,1,165.644,170.003,telling,sale
699,0,170.003,174.362,if I'm allowed,sale
699,1,174.362,178.721,you I'm,sale
699,0,178.721,183.08,to say,sale
699,1,183.08,187.439,telling,sale
699,0,187.439,191.798,that,sale
699,1,191.798,196.157,you right now I'm following you right now Okay you're not going to regret it Okay like,sale
699,0,196.157,200.516,Yeah,sale
699,1,200.516,204.875,out of everything,sale
699,0,204.875,209.234,Oh,sale
699,1,209.234,213.593,everything I have told you okay like I can't I cannot I cannot tell you anything I was more than this but I'm telling you and I'm gonna regret this I can't I cannot disclose any other information but I'm telling you right now you're not gonna regret it There's something that's how are you going to get for that price Okay,sale
699,0,213.593,217.952,all right It sounds like a good deal and all but the other houses nearby,sale
699,1,217.952,222.311,Mhm,sale
699,0,222.311,226.67,have been selling for less,sale
699,1,226.67,231.03,Okay,sale
699,0,231.03,235.389,so I'll give,sale
699,1,235.389,239.748,Okay,sale
699,0,239.748,244.107,you,sale
699,1,244.107,248.466,Okay,sale
699,0,248.466,252.825,an offer I'll give you an offer,sale
699,1,252.825,257.184,Okay,sale
699,0,257.184,261.543,right now,sale
699,1,261.543,265.902,Okay Sure,sale
699,0,265.902,270.261,"My offer right now is 230,000",sale
699,1,270.261,274.62,9 30 230 No man Wait let me do the math Hang on 230,sale
699,0,274.62,278.979,if you're doing meth and I got to lower it,sale
699,1,278.979,283.338,Okay Okay How about how about how about 200 237,sale
699,0,283.338,287.697,and do that,sale
699,1,287.697,292.056,You can't do that,sale
699,0,292.056,296.415,I can do 232,sale
699,1,296.415,300.774,Mm 236 I'm telling you you're not going to regret it I'm telling you,sale
699,0,300.774,305.133,Uh,sale
699,1,305.133,309.492,right,sale
699,0,309.492,313.851,huh,sale
699,1,313.851,318.21,now,sale
699,0,318.21,322.57,Mhm I actually can only do 232 so I,sale
699,1,322.57,326.929,Oh,sale
699,0,326.929,331.288,need you to,sale
699,1,331.288,335.647,okay But also considering all of that you know I may never would you I would take it right away Um It's just it's just a nice house Um And,sale
699,0,335.647,340.006,Okay,sale
699,1,340.006,344.365,I assume that you already visit a house,sale
699,0,344.365,348.724,Right,sale
699,1,348.724,353.083,to kind of rights and you see what it is Um and you know the garage can actually fit 2.5 cars imagining,sale
699,0,353.083,357.442,Yes it's,sale
699,1,357.442,361.801,diet,sale
699,0,361.801,366.16,it's a lovely house But you see,sale
699,1,366.16,370.519,Right,sale
699,0,370.519,374.878,I have a certain amount of money that I can spend,sale
699,1,374.878,379.237,Yeah But then you're not gonna pay all at once right You're gonna do mortgage over time So it doesn't really matter in the way,sale
699,0,379.237,383.596,Mhm,sale
699,1,383.596,387.955,in the long run five K It's not gonna it's not gonna be that much right Because in the end but over time you can actually refinance the house too and bring down the price Right,sale
699,0,387.955,392.314,Well that's TRUE but I mean the rates are pretty low right now I don't,sale
699,1,392.314,396.673,I,sale
699,0,396.673,401.032,think,sale
699,1,401.032,405.391,mean,sale
699,0,405.391,409.75,that would be much,sale
699,1,409.75,414.11,yeah,sale
699,0,414.11,418.469,chance of,sale
699,1,418.469,422.828,but,sale
699,0,422.828,427.187,that,sale
699,1,427.187,431.546,but okay considering five K Like compared to 2 40 K Right That's like nothing Okay And I'm telling you right now this is like and also considering that this is actually a provocation in L A And you the price of the house school go up from it can never go down And so let's say that if you if you end up not liking it in the end you can actually resell it in the in the future to with an even higher price Which,sale
699,0,431.546,435.905,theoretically That's usually,sale
699,1,435.905,440.264,which,sale
699,0,440.264,444.623,the case,sale
699,1,444.623,448.982,right and what which is what which which I'm doing right now technically So initially got the house 10 years ago for 119 K And and I'm living in the house you know and kind of remodel it here and there and now you know the value of that has all increased and I'm telling you it's going to increase for Youtube um in the next 10 years at least So,sale
699,0,448.982,453.341,Okay,sale
699,1,453.341,457.7,I'm telling you right now this is you're not gonna regret it Okay you have to trust me on this one,sale
699,0,457.7,462.059,Alright My final offer my final offer I'm looking down at Appendix two,sale
699,1,462.059,466.418,Okay,sale
699,0,466.418,470.777,And I see this house with 1875 sq ft which is a little bit more than what your house has,sale
699,1,470.777,475.136,Mhm,sale
699,0,475.136,479.495,And it was 2 33 600 So I will,sale
699,1,479.495,483.854,Uh huh,sale
699,0,483.854,488.213,offer you to 33 600,sale
699,1,488.213,492.572,Can you Okay Okay why don't we round it up to 235 Okay that will be my final offer please You have,sale
699,0,492.572,496.931,Mhm,sale
699,1,496.931,501.29,to trust me on 235 K It's not that much compared to not that much more compared to 33 And also they also only list the price here right They don't tell you what what comes along with the house maybe that prices without the amenities with without the garage without the fireplaces without the recreation room Don't you like karaoke But you can actually build a karaoke room in that recreation room and sing all night long And no one will will even you know call and you call the cops on you or anything That's so cool Right,sale
699,0,501.29,505.65,Very,sale
699,1,505.65,510.009,I love karaoke,sale
699,0,510.009,514.368,cool,sale
699,1,514.368,518.727,You,sale
699,0,518.727,523.086,Yeah,sale
699,1,523.086,527.445,can actually do what they like padding around your room and just you know make it sound proof and then you can be the star of your own state No one gives a fuck about it That's so cool Yeah 235 K That will be my final price,sale
699,0,527.445,531.804,330,sale
699,1,531.804,536.163,A,sale
699,0,536.163,540.522,Okay All,sale
699,1,540.522,544.881,Yes,sale
699,0,544.881,549.24,right I'll take you up on that,sale
70,0,0.0,12.502,Okay,no sale
70,1,12.502,25.005,So you have the biter Right,no sale
70,0,25.005,37.508,Right I'm the buyer So I guess I have to start with my offer Right So Oh sorry Let me just Hope information that he shared with us You're asking for 2:40 Um Oh sorry What did you,no sale
70,1,37.508,50.01,say You know what what price are you willing to my house,no sale
70,0,50.01,62.512,"So you know I was doing I did the camps in the area and um You're the square footage of yours for comparable house Like your current square feet of space 1846 And comparably put the comparisons I have Um for 1875 sq ft which would be the closest because um Is a 20 233,600 So it's slightly bigger So I was thinking more around 230,000",no sale
70,1,62.512,75.015,"430,000",no sale
70,0,75.015,87.517,Yeah Just based off of looking at the cops and everything you know comparison,no sale
70,1,87.517,100.02,Yeah Yeah I look at those data as well I think I think 200 30 like 30 I think I think that it will work,no sale
706,1,0.0,11.065,Okay I think I got it Right Yeah,no sale
706,0,11.065,22.129,are we both able to record at the same time Is that how it works,no sale
706,1,22.129,33.194,Yeah I think so,no sale
706,0,33.194,44.258,Okay,no sale
706,1,44.258,55.323,Yeah,no sale
706,0,55.323,66.387,awesome,no sale
706,1,66.387,77.452,All right Um So I hear you're looking to buy a house Yeah,no sale
706,0,77.452,88.516,I sure am Yeah So,no sale
706,1,88.516,99.581,Me Yeah,no sale
706,0,99.581,110.645,do you want to you want to tell me a little bit about,no sale
706,1,110.645,121.71,Yeah,no sale
706,0,121.71,132.775,Uh huh,no sale
706,1,132.775,143.839,Yeah So it is a lovely four bedroom one recreation room 2.5 bathroom house in a split level style Was built in 1947 and has 1846 square feet of space Nice beautiful hardwood floors two fireplaces master bedroom with an entire wall of closets in the master bath large eat in kitchen with appliances And it was just newly decorated Really beautiful landscaping fenced backyard with trees detached garage for 2.5 cars Very nice part of town,no sale
706,0,143.839,154.904,Mhm,no sale
706,1,154.904,165.968,Um And it is the only one on the kind of a kind on the market right now,no sale
706,0,165.968,177.033,Yeah,no sale
706,1,177.033,188.097,so,no sale
706,0,188.097,199.162,Yeah,no sale
706,1,199.162,210.226,yeah,no sale
706,0,210.226,221.291,Yeah,no sale
706,1,221.291,232.355,Um,no sale
706,0,232.355,243.42,yep,no sale
706,1,243.42,254.485,"yeah ideally I'm asking $240,000 but I would like to hear a little bit about where your head is at",no sale
706,0,254.485,265.549,Mhm Yeah so thank you for the reminder when I toward the house I was really impressed Um And yeah I think I think you mentioned that uh it was the only one like this on the market um right now but I did a little outside research because I'm so interested in this home and I found that uh in the neighborhood um there are good amount of houses that have Very similar characteristics to this one Um Yeah and it looks like based on the square footage they're going for a lower selling price Um And 2 40 is uh at the absolute top of where where I'm looking Um It's actually more than I would like to spend um particularly based on square footage So I'm wondering what you think of looking at looking at a lower price maybe more in the The like to 20 range Um there are some I noticed your your property is uh 1000 846 sq ft which is fantastic Um But there are neighboring houses that are more in the 215 to to 30 range,no sale
706,1,265.549,276.614,Yeah Okay well I see what you're saying with the square footage I do totally understand and I'm open to working with you but there's been a lot of history in this house I really don't think I could part with it for 220 something Um I did see that it's been several months since the last houses sold in the area that this house is located in Um So I'm not really sure if those listings are still active That's why my pricing is a little bit higher per square foot just because um with my understanding is the most recent one on the market Um But I see what your work talking about I think honestly my square footage is just 30 ft shy of the square footage of 1875 And that's going for around 233-34 Um would you be willing to work with me in a range around there,no sale
706,0,276.614,287.678,Yeah So great hearing more where you're coming from I totally feel,no sale
706,1,287.678,298.743,Yeah,no sale
706,0,298.743,309.807,you on the sentimental value This seems like the perfect house,no sale
706,1,309.807,320.872,Mhm,no sale
706,0,320.872,331.936,for,no sale
706,1,331.936,343.001,Mhm,no sale
706,0,343.001,354.065,my family It's by great schools Um I really I really think I could I could see us here Um I think I could be uh flexible and look at something that's around like 2 30 Um You're right it is a bit of a lower square footage like just shy of the one that's uh 2 33 um And Yeah I think I think I could work with 2:30 PM,no sale
706,1,354.065,365.13,Okay Do you think you could maybe do like 232 for closing costs,no sale
706,0,365.13,376.195,Um wow our closing costs included already Are they additional,no sale
706,1,376.195,387.259,Are additional that's where the extra two would be coming from,no sale
706,0,387.259,398.324,Okay I've been looking at other places um in neighborhoods that are produced similar so different than them than the houses I mentioned earlier Um But but on like the other side of the school um Or they were to,no sale
706,1,398.324,409.388,Mhm,no sale
706,0,409.388,420.453,30 with closing costs,no sale
706,1,420.453,431.517,Okay that's totally fair Um Would you tell me a little bit more about your family,no sale
706,0,431.517,442.582,Yeah Yeah of course So um well my husband and I uh met in college um at a party just you know how it goes Um And we had our first child about five years ago Um She's just about 5.5 now And and we're looking at this we're looking into different elementary schools for her to go into now she's been out of preschool and then uh kindergarten that was attached to it that she loved Um But now it's now it's elementary school time and the neighborhood where your house is has a fantastic elementary school Um And a lot of houses on the market so we have a lot of options to look into which is great Um But this one really stuck out to us Um No it's above what we What we're hoping to pay so we'd love to make 2:30 work Yeah,no sale
706,1,442.582,453.646,Do you think he could do to 31 and we can call it a deal,no sale
706,0,453.646,464.711,Yeah Um Okay,no sale
706,1,464.711,475.775,Mhm,no sale
706,0,475.775,486.84,Let me look back at my notes on the other houses really quick Okay Yeah I think we're very subtle in this neighborhood and um on these houses that we've been looking at but I feel really connected to this one so I'll do 2:31,no sale
708,1,0.0,4.783,just press my record,no sale
708,0,4.783,9.567,Okay well I think I'm just going as well Um So I guess we should start by just talking I guess about the asking price Um,no sale
708,1,9.567,14.35,Mhm,no sale
708,0,14.35,19.134,So how are you looking to sell the helps for,no sale
708,1,19.134,23.917,"So my asking price is Uh 240,000 I",no sale
708,0,23.917,28.701,Okay,no sale
708,1,28.701,33.484,think,no sale
708,0,33.484,38.268,Yeah,no sale
708,1,38.268,43.051,I think that's reasonable considering the number of bedrooms and the area and how its newly renovated,no sale
708,0,43.051,47.834,Mhm,no sale
708,1,47.834,52.618,um what is,no sale
708,0,52.618,57.401,wow,no sale
708,1,57.401,62.185,what are you comfortable with,no sale
708,0,62.185,66.968,Um I was hoping to get a little bit closer down to um like 20-20200 20,no sale
708,1,66.968,71.752,Mhm,no sale
708,0,71.752,76.535,"220,000 I guess",no sale
708,1,76.535,81.319,Mhm,no sale
708,0,81.319,86.102,"Um so the asking price is a little bit higher than expected especially with the like square footage of the space Um it's like 1800 square feet and there's fun that's Even more square footage for less than you're asking 233,000 Uh",no sale
708,1,86.102,90.886,Mhm,no sale
708,0,90.886,95.669,"So I think something a little bit maybe if you're looking at 2 40 I'm looking at 2 20 maybe something based on the square footage down in the middle like 230,000 Seems more fair to me",no sale
708,1,95.669,100.452,Okay,no sale
708,0,100.452,105.236,Mm,no sale
708,1,105.236,110.019,I think,no sale
708,0,110.019,114.803,Mhm,no sale
708,1,114.803,119.586,"considering it does have a garage and what not that does The 240,000 is um is reasonable Would you consider 232 Okay",no sale
708,0,119.586,124.37,Um Just based on the square footage though too because that would probably be included square footage of the place Um,no sale
708,1,124.37,129.153,Mhm,no sale
708,0,129.153,133.937,Filet in the middle between like what my goal was and your goal is seems a little more fair At 2 30,no sale
708,1,133.937,138.72,Okay 2 30 cents good to me,no sale
712,0,0.0,7.452,good How are you,sale
712,1,7.452,14.904,good I think I just started recording Um Yeah I think that should be good,sale
712,0,14.904,22.356,into So we can begin whenever,sale
712,1,22.356,29.808,Okay,sale
712,0,29.808,37.26,No,sale
712,1,37.26,44.712,Sweet Yeah I'm ready Um So you're the buyer Right,sale
712,0,44.712,52.164,Yes I am the buyer and the seller correct,sale
712,1,52.164,59.616,Yeah that's right Um So tell me about what you're looking for in a house,sale
712,0,59.616,67.068,Yeah So I'm looking for a property um that I can rent for a few Um and you know really looking to invest it in Centerville and you know with the neighborhood being so wonderful Um and this house um I've been impressed by it So I'd also love to hear a bit more about be and if you could talk to me specifically about you know kind of like interior condition or like when was it updated since it's a fairly old building,sale
712,1,67.068,74.52,Sure Yeah so that's great to hear You're excited about,sale
712,0,74.52,81.972,Mm,sale
712,1,81.972,89.424,Centerville It's a great,sale
712,0,89.424,96.876,Mhm,sale
712,1,96.876,104.328,area Um And um This house that I'm selling um like you said it's an old building that was built in 1947,sale
712,0,104.328,111.78,Mhm,sale
712,1,111.78,119.232,Um but it has been kind of refinished since then Um there are finished hardwood floors um in terms of inside amenities there's um the hardwood fillers,sale
712,0,119.232,126.684,mm,sale
712,1,126.684,134.136,there are two fireplaces Um There are four bedrooms 2.5 bathrooms um And a really big kitchen with newly decorated appliances and um yeah decorations Um And on the outside um there's great landscaping We have a big backyard,sale
712,0,134.136,141.588,mm,sale
712,1,141.588,149.04,Um There's also a separate garage like that's 2.5 cars Um And you know the area Centerville There is a lot within walking distance like restaurants and public transit So um there's definitely a lot to go off of Also last thing is it's um 1846 sq ft so it's pretty roomy,sale
712,0,149.04,156.492,awesome And could you tell me a little bit about how the the asking price was developed based on the evaluation of the property,sale
712,1,156.492,163.944,Say that one more time Sorry You cut,sale
712,0,163.944,171.396,Yeah,sale
712,1,171.396,178.848,out,sale
712,0,178.848,186.3,Yeah of course Uh Could you tell me a little bit more about how you came to the asking price um,sale
712,1,186.3,193.752,Well it's,sale
712,0,193.752,201.204,specifically about you know comparing it to other properties nearby and and just as a private seller you know setting that price,sale
712,1,201.204,208.656,Yeah definitely a good question Um So I have been kind of consulting with some real estate investors in the area who are really familiar with Centerville and centennial Park where this property is located And I've also looked at a lot of comparable homes that have similar characteristics Um And they range and asking price um In mind I would say is kind of on the mid range of those I think it's a very fair um asking press Um And um let's see Yeah I think it's a fair price and something that like compared to comparable homes um is a pretty good deal Um And yeah so I can tell you my asking brace if you'd like,sale
712,0,208.656,216.108,Yeah,sale
712,1,216.108,223.56,"Yeah so um the asking price is um 240,000 Um",sale
712,0,223.56,231.012,Okay,sale
712,1,231.012,238.464,Which compared to kind of comparable homes in the neighborhood uh is somewhere in the in that range,sale
712,0,238.464,245.916,awesome And so I did a little bit of research on my own looking at the prices of neighboring homes with similar characteristics Um and based on the selling price and square footage of those other films that I've seen definitely agree with you that it seems like this is very much a middle tier option Um I'm seeing specifically that your asking price is higher than the specific identified and the square footage is also on the lower end of those homes Um so I guess with that information I'm wondering how we can like make sure both of us are happy and at a price that you know feels comfortable for me especially as I'm thinking of making a longer term investment I want to make sure um that I'm you know investing wisely and um,sale
712,1,245.916,253.368,Yeah,sale
712,0,253.368,260.82,and you know Yeah,sale
712,1,260.82,268.272,of course I make a lot of sense Um I Um just reading this,sale
712,0,268.272,275.724,yeah You brunch,sale
712,1,275.724,283.176,hi Um Yeah I think it's um those are good observations and something I've noticed too in my research is it is perhaps on the lower square footage end and the higher asking price So I'm flexible and willing to negotiate Um But yeah I would say it's a favorable price Um In comparison to those comparable homes you know Centerville is kind of an older area Um But there's been a lot of updates to this space Um The huge Garage the 2.5 cars makes a big difference in terms of um space spaciousness and storage So I don't,sale
712,0,283.176,290.628,Yeah,sale
712,1,290.628,298.08,know if you're planning on having a car but I think that also um adds to the value of the home Um So yeah I would be open to negotiating and I think um yeah I would love to sell it as close to 240 as possible Um um But yeah what do you think about going down to say 2 35,sale
712,0,298.08,305.532,sure So I totally understand um you know where you're coming from and your perspective Um I think for me as a buyer and considering that the home is older and I'll probably have to make some updates Um and you know especially thinking for the long term there's gonna be a lot of costs and maintenance involved with a home like this um you know in this area especially as everyone is updating like you know updates or something that I have to think about as well as a buyer,sale
712,1,305.532,312.984,Mm,sale
712,0,312.984,320.436,"Um So personally I am looking for a home that's more dollars um which I recognize is below um your asking price But considering that um The closest comparable home um is offered at 213,000 I understand that your home is a little bit more Um it would be willing to kind of find a happy middle ground there",sale
712,1,320.436,327.888,Okay great Um This is funny but I think you cut out of the exact time you mentioned the dollar amount,sale
712,0,327.888,335.34,Oh,sale
712,1,335.34,342.792,So,sale
712,0,342.792,350.244,no,sale
712,1,350.244,357.696,here's a recap of that,sale
712,0,357.696,365.148,I'm so sorry Yes so I was saying that I'm looking for a home more around the two um And,sale
712,1,365.148,372.6,Sorry,sale
712,0,372.6,380.052,you,sale
712,1,380.052,387.504,what is it One more time There's I think it might be on my end,sale
712,0,387.504,394.956,"Oh no 220,000 I can also",sale
712,1,394.956,402.408,Okay Yeah,sale
712,0,402.408,409.86,did you hear that Okay,sale
712,1,409.86,417.312,Yeah,sale
712,0,417.312,424.764,Sorry,sale
712,1,424.764,432.216,Yeah Yeah I'm definitely open to that I think um for me um I let's see um I've had this property for a while and would rather um like I definitely respect the need to you know um factor in the additional renovations you might do in the house Um,sale
712,0,432.216,439.668,Sure,sale
712,1,439.668,447.12,I think I'd rather hold on to the house than sell um at that amount but I would be willing to go down from my 240 Um that's out of your price range Um so um let me think how much are you willing to go up,sale
712,0,447.12,454.572,Um I guess it depends I think for me I want to stick to the lower end of my budget I think there's some wiggle room definitely but um you know considering I think the biggest thing for me is just considering the comparable homes in the neighborhood it seems like even to 35 is still a lot to ask,sale
712,1,454.572,462.024,Mhm,sale
712,0,462.024,469.476,for the property Um you know especially considering that I could get a larger house for slightly cheaper Um So,sale
712,1,469.476,476.928,Right,sale
712,0,476.928,484.38,you know that's kind of where I'm not,sale
712,1,484.38,491.832,Um let's think what do you think about I'm just looking at um the comparable homes in the area,sale
712,0,491.832,499.284,Mhm,sale
712,1,499.284,506.736,and there's the home that's going for 233 that's slightly bigger Um so say that we factor in that decreased square footage because mine is 1846,sale
712,0,506.736,514.188,Mhm,sale
712,1,514.188,521.64,Um What do you think about shaving off that 3600 and just going for an even 2 30,sale
712,0,521.64,529.092,Sorry you cut out as well,sale
712,1,529.092,536.544,Yeah,sale
712,0,536.544,543.996,right when you said,sale
712,1,543.996,551.448,Why should I just say all of it again,sale
712,0,551.448,558.9,yeah do you mind,sale
712,1,558.9,566.352,"Yeah No not all Um I was just looking at the comparable prices table and um you know thinking about uh this middle range where it's the house going for um to 33 and it's a little bit bigger square footage wise Um Mine is about let's think um 30 -30 sq ft Um so what do you what do you think about shaving off that extra $3,600 and just going for an even uh 230,000",sale
712,0,566.352,573.804,Yeah I see [PERSON] saying uh [PERSON] let me give me a minute to read over the in for,sale
712,1,573.804,581.256,Yeah,sale
712,0,581.256,588.708,me,sale
712,1,588.708,596.16,No take your time I,sale
712,0,596.16,603.612,Mhm,sale
712,1,603.612,611.064,also need to do that,sale
712,0,611.064,618.516,Right See,sale
712,1,618.516,625.968,Yeah,sale
712,0,625.968,633.42,"um so I think for for me um I think that's a great offer and I'm definitely willing to look more into that the 2 30 range I think considering that like my initial budget is 2 22 120,000 still seems a little bit high for me Um And considering like the age of the home Um And you know I think for me thinking wondering if we would be able um just so that it feels more comfortable within my range and also considering that there's like taxes property tax",sale
712,1,633.42,640.872,sure,sale
712,0,640.872,648.324,build up,sale
712,1,648.324,655.776,I think you also cut out a little bit but I'm getting the sense that you'd like to see if we can uh get down a little bit lower,sale
712,0,655.776,663.228,Yeah,sale
712,1,663.228,670.68,as I read,sale
712,0,670.68,678.132,Yes,sale
712,1,678.132,685.584,Um Cool yeah so um I would be happy um For anything above 2 25 between 2 25 and 2:30,sale
712,0,685.584,693.036,Okay Okay that sounds great Um I think for me 225 would be wonderful Um I think that is within budget and you know considering everything that we've talked about is a very fair offer Um So I would be happy to do that if that's something that you're interested in,sale
712,1,693.036,700.488,Okay um So let's see Um I think that I um anything above 2 25 would be great I would rather hold on to the house than sell it at 2 25 But yeah if you are flexible to work maybe on the 227 range um that would be ideal for me,sale
712,0,700.488,707.94,Okay wonderful I've been to 27 uh feel that feels good to me as well,sale
716,1,0.0,8.666,Hi,sale
716,0,8.666,17.331,someone So I'm interested in my house um listening 94 3878 and um I see all the description and dominates So um can you tell me a business more about this house,sale
716,1,17.331,25.997,Yeah absolutely So um I've owned this house which is near centennial Park in Centerville for several years Um It has four bedrooms one recreation room 2.5 bathrooms It's,sale
716,0,25.997,34.662,Mhm,sale
716,1,34.662,43.328,oops sorry,sale
716,0,43.328,51.993,Yeah I'm listening,sale
716,1,51.993,60.659,Yeah it's split level style It was built in 1947 uh 1846 sq ft of space It's pretty big [PERSON] finished hardwood floors a bunch of other amenities that you can,sale
716,0,60.659,69.324,Mm,sale
716,1,69.324,77.99,And,sale
716,0,77.99,86.655,No,sale
716,1,86.655,95.321,it's a nice property,sale
716,0,95.321,103.986,"Yeah Yeah that's great So um yeah I say it's pretty spacious and I am also I checked around the neighborhood and it seems like there are more spacious holes with a lower price Um for example um Um there is a home that is 1920 sq ft but it's $1,000 less expensive than your house Um Could you say that um we can kind of come to an agreement with the price in these terms because the there is also one home that is um slightly larger than what we're looking at but it's even cheaper than that It's just 2003 3 $1,000",sale
716,1,103.986,112.652,"Yeah Well um I would say first of all my the asking price on my home right now is 240,000",sale
716,0,112.652,121.317,Yeah,sale
716,1,121.317,129.983,And the reason um it's that price right now is because it is one of the nicest houses in the centennial park era area Sorry Um Even compared to houses with higher square footage,sale
716,0,129.983,138.649,And,sale
716,1,138.649,147.314,generally has better amenities and it's a nicer home So that is why um it's being valued a bit higher Um We can definitely negotiate but,sale
716,0,147.314,155.98,Mhm,sale
716,1,155.98,164.645,I want to emphasize that it's a nice home and that I value um my home quite a bit so I'm we're going to have to be convinced,sale
716,0,164.645,173.311,Yeah Ok Yeah we can definitely I see all the eminent descriptions and I saved newly decorated It has,sale
716,1,173.311,181.976,Yeah,sale
716,0,181.976,190.642,kitchen with all the appliances so that's definitely a big plus Um What I'm interested in is Um since it was built a long time ago more than 60 years ago Um How do you say it got preserved because um I would expect that I'll need to do some renovation at some point um Of all the inside furnishing,sale
716,1,190.642,199.307,Yeah so um obviously like it's been updated even though it was built um a while ago It has since been updated like the hardwood floors are still in really good condition,sale
716,0,199.307,207.973,Mhm,sale
716,1,207.973,216.638,Um It's like like you said it's newly decorated so that's good the brick has been updated that was something that has been renovated more recently so it's still in very good condition It has strong bones Oh,sale
716,0,216.638,225.304,Mhm,sale
716,1,225.304,233.969,so yeah that's what I would say to that,sale
716,0,233.969,242.635,Okay Yeah So ah let me see So how about the plumbing because um my husband really,sale
716,1,242.635,251.3,what,sale
716,0,251.3,259.966,kids when the water doesn't get hot instantly in the shower So um what we is this a an issue at all or um if the plumbing renovated as well because it doesn't say in the description,sale
716,1,259.966,268.631,um I have lived there for several years and it's a very nice home so there haven't been any plumbing issues Uh,sale
716,0,268.631,277.297,Mhm,sale
716,1,277.297,285.963,It's you know like I said although it's old it's still a very well functioning home and a lot of it has been updated so it's really it's really doing well and it's about as new as it can be,sale
716,0,285.963,294.628,Mhm Yeah Okay Um So I'm actually um thinking can you describe this style of the um declaration on the interior of the house,sale
716,1,294.628,303.294,well um Again like I said it's newly decorated Um so it's more of a modern style at this point but,sale
716,0,303.294,311.959,Mhm,sale
716,1,311.959,320.625,it also has some of some nice rustic touches like the fireplaces and the hard,sale
716,0,320.625,329.29,mm,sale
716,1,329.29,337.956,floors So you know you can really make anything of it that you want to,sale
716,0,337.956,346.621,Mhm Yeah That's great So I'm actually thinking of upgrading a little bit and maybe we're renovating even more Um For example I'm thinking of making on a space in the because it says there's beautiful landscaping Some thinking maybe it would get I could do um some kind of a recreation area in the backyard Um So what I'm trying to mhm See here is if you can um Uh huh if we can decrease the price a little bit because um I actually,sale
716,1,346.621,355.287,Yeah,sale
716,0,355.287,363.952,am looking for a home,sale
716,1,363.952,372.618,Oh,sale
716,0,372.618,381.283,is not more expensive than um 2000 sorry 200,sale
716,1,381.283,389.949,200,sale
716,0,389.949,398.614,find settlement,sale
716,1,398.614,407.28,Yeah,sale
716,0,407.28,415.946,and um yeah that's kind of my body job,sale
716,1,415.946,424.611,Okay let's negotiate then So I do want to say that I'm starting,sale
716,0,424.611,433.277,Mhm,sale
716,1,433.277,441.942,at 2:40,sale
716,0,441.942,450.608,Mhm,sale
716,1,450.608,459.273,because I think this is a very good house I've lived in it for several years I think comparably to the other houses in the area It is the nicest So You know um 240s my starting offer I'd be happy,sale
716,0,459.273,467.939,Yeah,sale
716,1,467.939,476.604,your counter offer from you and we can,sale
716,0,476.604,485.27,Mhm,sale
716,1,485.27,493.935,talk it out,sale
716,0,493.935,502.601,Yeah So um I would offer um I would offer 230 two Um I'm,sale
716,1,502.601,511.266,Yeah,sale
716,0,511.266,519.932,basing this on the fact that there are more spacious schools with similar um um Eminence um nearby that are less expensive um that I would definitely also consider But what I really like about your home is the hardwood floors and all the rest of details fireplaces um and the fact that the kitchen is with all appliances and my other reason for this price would be bad I'm planning to um upgraded a little bit as well in the backyard area so this will be a source of investment in the future Um,sale
716,1,519.932,528.597,go ahead,sale
716,0,528.597,537.263,Yeah,sale
716,1,537.263,545.929,Um I don't I can't go that low I still you know my starting offer was 2 40 so I do want to kind of stand a little firm but you know um I'd be willing to go down to 2 38 maybe even,sale
716,0,545.929,554.594,Yeah,sale
716,1,554.594,563.26,though square footage wise um It's a little pricier than You know the other home that has a little bit higher square footage Um like I said the amenities are very nice We've got the floor it's newly decorated So um yeah I'm gonna counter with 2:38,sale
716,0,563.26,571.925,Mm Yeah Well the 38 is still of the too expensive for me So um I am also thinking that I'll probably change,sale
716,1,571.925,580.591,Oh,sale
716,0,580.591,589.256,up this tile it was a bit on the inside and um I'll definitely have to buy a new furniture and um or maybe renovate some of the bedrooms because I'm planning to have guests over our at the time So and also I think we need to account for the fact that um it was um built a long time ago so I know it's renovated and it's very livable but I'm sure there will still need to be um Thanks to be done Um So how about we go with 234,sale
716,1,589.256,597.922,2 34 is It's better I think it's still a little lower than what I was looking for But you know what how about we split the difference call it to 36,sale
716,0,597.922,606.587,Mhm Mhm Yes so um that doesn't sound bad Um I'm thinking Um I as I mentioned my budget is 235 so 2 36 is kind of still um above that just a little bit So um I actually have and three cars So um the garage I knew garages just between a half cars Um But I'm hoping that I can we can figure this out in the future And also um oh maybe and yeah I just I would like to expand,sale
716,1,606.587,615.253,Mhm,sale
716,0,615.253,623.918,area of the garage a little bit if it all,sale
716,1,623.918,632.584,Yeah,sale
716,0,632.584,641.249,my cars Um Uh huh,sale
716,1,641.249,649.915,You know what I appreciate how much you like my home That was one of the main things I was looking for because I do really value,sale
716,0,649.915,658.58,And then,sale
716,1,658.58,667.246,my house and I know your budget is 2 35 I I would be willing to give it to you for 235,sale
716,0,667.246,675.911,Mhm,sale
716,1,675.911,684.577,because I think you would do a good job with my house,sale
716,0,684.577,693.243,Yeah,sale
716,1,693.243,701.908,That sound to you,sale
716,0,701.908,710.574,Mhm Yeah that sounds that sounds great Um I am um yeah Um well my ideal price would of course be um 2 34 But um Um I don't know if you would be willing to go more than 35 Um Yeah,sale
716,1,710.574,719.239,I really would prefer to keep it at 2:35 just because my original asking price was,sale
716,0,719.239,727.905,and,sale
716,1,727.905,736.57,to 40 And I do,sale
716,0,736.57,745.236,mhm,sale
716,1,745.236,753.901,really believe that value,sale
716,0,753.901,762.567,mm,sale
716,1,762.567,771.232,is TRUE and that is the the actual value of the home And I was willing to lower it a bit for you because I think,sale
716,0,771.232,779.898,Mhm,sale
716,1,779.898,788.563,you would treat my home well,sale
716,0,788.563,797.229,Mhm,sale
716,1,797.229,805.894,Um So again I'm going to say to 35 how do you feel about that,sale
716,0,805.894,814.56,Yeah I think to 35 Um It would be ok Yeah,sale
718,0,0.0,6.127,that's Yeah Yes Hello I'm interested in the health you listed And however I just think if the price is too high compared to the price of the neighborhood and first that I just feel there's a few facts features I don't like that house that much but like there is very limited options on the market So I'm still interested in to see like if you can offer like a cheaper price maybe we can see like we can like reach to a middle point like that will work for us,sale
718,1,6.127,12.254,sure Hi Can you hear me All right,sale
718,0,12.254,18.381,Yes,sale
718,1,18.381,24.508,Hi my name is [PERSON] You are,sale
718,0,24.508,30.634,Oh yeah My name is heavy,sale
718,1,30.634,36.761,Eddie,sale
718,0,36.761,42.888,Yeah,sale
718,1,42.888,49.015,Nice to meet you,sale
718,0,49.015,55.142,Yeah Nice,sale
718,1,55.142,61.269,Right,sale
718,0,61.269,67.396,meeting you Nice talking to you,sale
718,1,67.396,73.523,"All right So let's see Uh asking price was 240,000 curiously What number are you thinking of",sale
718,0,73.523,79.65,are actually uh yeah I am quite like tight on budget So I'm thinking like uh 2 20 K But I know like it's maybe probably it's like too too much away from your asking price but still want to see if like we can just reach to middle point Yeah,sale
718,1,79.65,85.776,Uh huh,sale
718,0,85.776,91.903,Yeah,sale
718,1,91.903,98.03,220 Yeah that's a little low,sale
718,0,98.03,104.157,Yes So what's your expecting price Like how much you think you could this come on from the asking price,sale
718,1,104.157,110.284,Well I would not Yeah Unfortunately to 20 is a little too low for me uh I think Maybe 2 35,sale
718,0,110.284,116.411,Uh Yeah Actually the situation is like I have some challenges,sale
718,1,116.411,122.538,mistake,sale
718,0,122.538,128.665,are like financing on my side and given that I was also okay I checked some other around neighborhood It seems there's not too many people buying at this time So I just want to thinking about like if you can discount a bit more and we can just make it like a Castillo and so you don't need to like lift your house on the market for a couple of more months and just like there's like more opportunity cost like that's associated with that,sale
718,1,128.665,134.791,the cash deal I thought you were going to say we can do a cash deal so you don't have to pay taxes,sale
718,0,134.791,140.918,Uh huh Yeah,sale
718,1,140.918,147.045,Oh my,sale
718,0,147.045,153.172,that's yeah,sale
718,1,153.172,159.299,Oh,sale
718,0,159.299,165.426,Blue We have I think we have to go through,sale
718,1,165.426,171.553,Uh huh,sale
718,0,171.553,177.68,the title office and it has to it will,sale
718,1,177.68,183.807,Mhm,sale
718,0,183.807,189.933,be taxed like Yeah So Yeah but the other thing is I think you are not asking any like a real estate realtor to help you out So you I think like if we just can like do deal together and then we also save costs on the agency side,sale
718,1,189.933,196.06,Uh This is a premium house though and it's better than the houses in the area And they,sale
718,0,196.06,202.187,Yeah,sale
718,1,202.187,208.314,asked,sale
718,0,208.314,214.441,Yeah,sale
718,1,214.441,220.568,him,sale
718,0,220.568,226.695,Mhm,sale
718,1,226.695,232.822,the asking price is high because I know it's got certain amenities that others do not have well maintained,sale
718,0,232.822,238.949,Yeah I really understand I actually really like the fact that you actually have a decorated but actually like because I really like the accounts for the fact it's like a split level style But actually for the decoration I just I would spend more money to renovate it because I want to to like decorating another style So yeah I would just be thankful like if I can just like take over the decoration I don't spend more money on it But like I'm trying to save somebody to just do my decoration as well And,sale
718,1,238.949,245.075,Yeah,sale
718,0,245.075,251.202,I also understand,sale
718,1,251.202,257.329,Yeah,sale
718,0,257.329,263.456,it's like a premium like location but like seeing like the recent like sold property or in the neighborhood,sale
718,1,263.456,269.583,Mm,sale
718,0,269.583,275.71,like for like that one a little bit smaller than you They so for like 213 Grand And I think to 35 grand is still a bit higher compared to that,sale
718,1,275.71,281.837,Uh Those were the neighbors that they had a house fire and flood a math lab in the basement Of course the price is going to be lower,sale
718,0,281.837,287.964,Yeah Oh yeah but in that case is that affect your price as well In that case I think the insurance costs on the property will be even higher They have,sale
718,1,287.964,294.09,Don't,sale
718,0,294.09,300.217,taken that into,sale
718,1,300.217,306.344,worry The,sale
718,0,306.344,312.471,account,sale
718,1,312.471,318.598,neighbors are,sale
718,0,318.598,324.725,I think,sale
718,1,324.725,330.852,gone though They locked up by police,sale
718,0,330.852,336.979,Yeah Yeah Actually that that's actually imposed another concern to me Uh Actually I also just like let's compare to another similar one the other one it they don't have the flood issue and they're properly maintained as well And and it's like very comparable size of yours it's like 233 grand And so I think yours is a bit smaller than this So Yeah Just Do you like a quick calculation maybe you can run down to 2:25,sale
718,1,336.979,343.106,Mm hmm About 2:30 is the lowest price I think that's where I'm gonna bottom out,sale
718,0,343.106,349.232,Yeah Uh Yeah Yeah Yeah To 30 It's kind of like a middle point of like my 2 25 to 35 minutes,sale
718,1,349.232,355.359,Sure,sale
718,0,355.359,361.486,Okay Okay Yeah,sale
718,1,361.486,367.613,So,sale
718,0,367.613,373.74,I would agree,sale
720,0,0.0,10.415,Okay looks like I'm recording to my computer,sale
720,1,10.415,20.83,okay I should be good,sale
720,0,20.83,31.245,Okay Um,sale
720,1,31.245,41.659,Mhm,sale
720,0,41.659,52.074,can have calm recording Uh Yeah Yeah I think some of us well many says look recording as well Okay Oh so let's start So how are you today,sale
720,1,52.074,62.489,I'm doing well how are you,sale
720,0,62.489,72.904,Good Thank you Um I was checking the center Bill River review like the house on centennial Park and I really liked it I thought it was a great house Um a lot of them items on the on the house were very attractive and interesting to me So I am ready to make enough for I think that my intention here is to make a fair offer and also that we are able to get to uh a good place for both of us Okay,sale
720,1,72.904,83.319,Sounds bad,sale
720,0,83.319,93.734,Yeah I think that based on the things that I have been like checking on the house and everything I feel that um Are my first gonna be uh to 10 I feel that there um I would like to have some modifications to the house and I also check the overall market So um that is basically what I would like to do and I think it's a great price for um make sure that the house you know has all the things that I need,sale
720,1,93.734,104.148,"All right Um I think that I understand that there are modifications that you want to do and I can definitely be flexible about the asking price of 240,000 However I am not willing to go as low as 210 right now",sale
720,0,104.148,114.563,Okay I see Um May I ask why,sale
720,1,114.563,124.978,"Um Well if we just take a look at the other listings that have been going on recently like my house has More square footage than the house that went for 213,000 by over 100 ft And so I would say that and also our house has been recently renovated and is in tip top shape and I would say has even some better amenities than the other house that was sold And so I would say that um it is fair for me to be asking more than that I would propose the price of Maybe 233,000",sale
720,0,124.978,135.393,Mm I see I see Um well that is quite above my budget honestly I love the house I I really like it I know that I will have to come up with some things and I understand the house it's a nice house and I'm sure that you might have other like offers or anything but I really want to make business with you So I think that Let's let's try to to agree on something you were saying to 30 right 30,sale
720,1,135.393,145.808,2 33,sale
720,0,145.808,156.223,something got it Yeah Yeah And why would you think about that number,sale
720,1,156.223,166.637,"Um I think Uh well I haven't done to 33 is what um the a similar house with they have a little bit more square footage only by about 30 sq ft Um and we have Uh a larger garage than they did and some other benefits that I think layout that extra 30 ft And so that house got sold for 233,000 And so I think it's uh reasonable price to be asking for",sale
720,0,166.637,177.052,Right But on the other side um there are other I mean we have one example of only three houses which means that there are plenty houses there So I think that you know I mean for me it will be fairly easy to find another house Um which is Around the same price Maybe I'll be able to you know like get my to 10 goal Um but I really I would like to make business with you You know I think that We can come to an idea Let me let me think about I think about like maybe some renovations that I would like to do on the I'm a bit worried that the house was built in 1947 because that it's a long time ago and I will have to make some renovations or eventually account for things that could come up eventually So um let me see what could I potentially move here to make you another offer This is super hard Um Let's see seldom,sale
720,1,177.052,187.467,Yeah one thing,sale
720,0,187.467,197.882,Yeah,sale
720,1,197.882,208.297,that Um I would just like to point out as you're considering like Yes it was built in 1947 but in comparison that really wasn't that long of a time ago and it has been newly renovated and it has all of the current latest appliances and also just I know that you were on the market for other things but we are one of the few places in um centennial Park in Centerville that is on the market right now And so this is a really wonderful and gorgeous location And so if you're looking for this like we are one of the few options And so I really want to make this work for you because this is a really wonderful place to live,sale
720,0,208.297,218.712,if I Okay I see Um if I make you an offer of To 12 would that work for you,sale
720,1,218.712,229.126,I'm sorry now,sale
720,0,229.126,239.541,Uh huh I see I see Mm That's interesting You know because I have been making like some math on the numbers of the other houses there with you know I have to I did the numbers and then check like basically how much you're charging per square feet Which is one of the things that we have accounted for before And if you do the math um Basically you're charging over $130 pair square feet Um and if you compare that to the other the other houses the other houses are very aligned between each other and it's around like 124 So I mean if if we could make an arrangement of the square footage like price maybe we could do it like,sale
720,1,239.541,249.956,Mhm,sale
720,0,249.956,260.371,in that place range Mm,sale
720,1,260.371,270.786,Okay,sale
720,0,270.786,281.201,If you,sale
720,1,281.201,291.615,So,sale
720,0,291.615,302.03,yeah,sale
720,1,302.03,312.445,"I would be willing to talk about that and that number is actually quite close to what my number was and that would be $231,136 So that's quite close to what I originally decided to negotiate down two of 233,000",sale
720,0,312.445,322.86,got it Got it So I think that you know we are super close Well originally I thought about like 2 10 Uh Let's see Let me think about it Um I think that it would come up with like a market price point Would that change good for you,sale
720,1,322.86,333.275,"By Market Price Point are used paying 231,000",sale
720,0,333.275,343.69,I'm saying as per square footage so you can take into account 124 dollars per square feet And you want to find that by the Um the number of square feet The house has it's around 220,sale
720,1,343.69,354.105,Mhm,sale
720,0,354.105,364.519,25,sale
720,1,364.519,374.934,Sorry what it's what did you say for the square footage Sorry would you say,sale
720,0,374.934,385.349,yep,sale
720,1,385.349,395.764,for the dollar per square footage,sale
720,0,395.764,406.179,Right So I'm just taking the dollar per square foot Like the average of the other of the other listings on the market So basically making like a bunch mark,sale
720,1,406.179,416.594,What's,sale
720,0,416.594,427.008,it,sale
720,1,427.008,437.423,that number,sale
720,0,437.423,447.838,Oh it's basically the selling price of,sale
720,1,447.838,458.253,Yeah,sale
720,0,458.253,468.668,each of those,sale
720,1,468.668,479.083,Can you just give me the number again I understand how you did the math,sale
720,0,479.083,489.497,Okay 124,sale
720,1,489.497,499.912,Mhm,sale
720,0,499.912,510.327,So I understand the house has 1840 36 sq ft And my understanding that right,sale
720,1,510.327,520.742,Mhm,sale
720,0,520.742,531.157,Okay and times that a 124 I get to 28 9 almost,sale
720,1,531.157,541.572,Yeah,sale
720,0,541.572,551.986,Do you think that's a fair price You got,sale
720,1,551.986,562.401,Uh huh,sale
720,0,562.401,572.816,to three when I think they're in the middle there I think I mean,sale
720,1,572.816,583.231,Okay Well I think that because um the average of the three houses that have already gone on the market is between 124.45 to 124.8 Um,sale
720,0,583.231,593.646,Mhm,sale
720,1,593.646,604.061,"and while I know the decimals in that small number don't need that much But when you multiply it out it does Um and so when you go for the higher end if you compare that with my house that I'm currently selling that would be 230,000 Um And so I would be willing to compromise on that number because that is comparable to what is on the market right to the other houses that have already been sold and finalized How does that sound for you",sale
720,0,604.061,614.475,30,sale
720,1,614.475,624.89,Sorry what was that Your audio was cutting out,sale
720,0,624.89,635.305,Oh sorry about that I was gonna I was telling you to let's do it let's make business Yeah,sale
720,1,635.305,645.72,"230,000 Whoa",sale
722,0,0.0,7.957,Okay Okay I think I got it,sale
722,1,7.957,15.914,All right,sale
722,0,15.914,23.871,How are you doing today,sale
722,1,23.871,31.828,I'm good What about you,sale
722,0,31.828,39.785,Good good,sale
722,1,39.785,47.742,Nice,sale
722,0,47.742,55.698,All right Um So I'm looking to buy a house in this neighborhood Um However the asking price is just a little out of my range Um,sale
722,1,55.698,63.655,Mhm,sale
722,0,63.655,71.612,"So I'm looking for something more close to around uh 220,000 ish Which I think is a reasonable offer given the houses that are in the area with more and less square feet selling for around the same",sale
722,1,71.612,79.569,mm No I do understand,sale
722,0,79.569,87.526,Yeah,sale
722,1,87.526,95.483,it I just wanted to let you know that we've just renovated the house So that's also something that um I'm really thinking about especially because they spend so much time working on that and then I have to let my house go So this is something that we're also keeping in mind So that's why we're looking for a price is a little above that,sale
722,0,95.483,103.44,Um Okay Do you have a range that you would be comfortable going down to and still being able to make a profit off of,sale
722,1,103.44,111.397,Yes so the price we were originally looking for was to 50 right now we thank 40-35 is something that we could think about How does that sound to you,sale
722,0,111.397,119.354,Um I think to 40 is just a little much considering especially some of the other I know I understand that it's renovated but as far as like the overall size of it Um like some,sale
722,1,119.354,127.311,Mhm,sale
722,0,127.311,135.268,of the other houses nearby have um almost 100 more square feet and are selling for 2 40 So I do feel like something closer to 2 30 would be more appropriate,sale
722,1,135.268,143.225,mm Have you looked at other houses in the area,sale
722,0,143.225,151.182,Yes Yes I have,sale
722,1,151.182,159.138,Mhm So what's the difference between this one and the other ones you looked for So why are you giving an offer to this one What what is it about this house that um caught your attention just so,sale
722,0,159.138,167.095,Um,sale
722,1,167.095,175.052,that I have an idea of what makes it special for you,sale
722,0,175.052,183.009,um Yeah so I really I really like how it's close to parks and there's a lot of things within um within walking distance and I like you know the amenities like the I like the fence and backyard and all the trees around it Um And you know I really I really do like this house I just I think 2:40 is just a little out of,sale
722,1,183.009,190.966,mm,sale
722,0,190.966,198.923,my price range and especially given houses that are similar around it Um,sale
722,1,198.923,206.88,Mhm,sale
722,0,206.88,214.837,Like I I think like around 2:30 would be more of a better offer,sale
722,1,214.837,222.794,Yes no I do understand that Just something else to keep in mind and that's something that actually mainly choose this house a few years ago is the fact that as you mentioned most things are within walking distance from the house and considering it's a big house I suppose it's for your family So it's good if you have kids it's really close to the schools it's close to the supermarket to the parks in the area And also this is a neighborhood that attracts people because of before of its green spaces so um different than some of the other houses I think the walking distance for it is also something that is really interesting and if you're thinking about uh money so I think it's also important to think about gas prices and how you're not going to spend a lot with that and how the kids are going to have much more freedom to walk around and go from the house not only to school but to other places by themselves to uh so this is why we're looking for a price a little higher Do you think Um we could maybe meet halfway How do you feel about um Uh 2 35,sale
722,0,222.794,230.751,um I like I like to 35 but I do think you know this one is A little bit smaller than a house that recently sold in the area for 2:33 Um And you know that was,sale
722,1,230.751,238.708,Yeah,sale
722,0,238.708,246.665,Very very similar styles of houses Um just the one that was 233 was a little bigger so You know I would like to go closer to maybe 2:32 Uh if possible,sale
722,1,246.665,254.622,Okay No I completely understand it How do you feel about 2:32.5 then,sale
722,0,254.622,262.578,Um,sale
722,1,262.578,270.535,Because as you said this one is a little smaller but also we have access to some other humanities and we have the walking distance factor and the fact that it has based uh 42.5 cars which is also great in this neighborhood,sale
722,0,270.535,278.492,um Okay yeah I I do like the area and I think uh I think to 32.5,sale
722,1,278.492,286.449,Mm,sale
722,0,286.449,294.406,fits right in my price range,sale
722,1,294.406,302.363,Yeah,sale
722,0,302.363,310.32,so I will buy it for that,sale
724,1,0.0,14.855,Hi Can you hear me,no sale
724,0,14.855,29.71,Yes can you hear me,no sale
724,1,29.71,44.565,Yes I can How are you,no sale
724,0,44.565,59.42,I'm good how are you,no sale
724,1,59.42,74.275,Good My name is [PERSON] by the way,no sale
724,0,74.275,89.131,I'm sure he's nice to meet you,no sale
724,1,89.131,103.986,Yeah You too,no sale
724,0,103.986,118.841,So,no sale
724,1,118.841,133.696,Sounds like you're interested in this house here,no sale
724,0,133.696,148.551,I am It's a lovely property Um I think it's gonna be great for me and my family to move into,no sale
724,1,148.551,163.406,Asylum,no sale
724,0,163.406,178.261,You know we've been really interested in santa rio and um it would be really great to find a home We've been specifically looking for four bedroom room which is great The rec room will be wonderful for our kids and love,no sale
724,1,178.261,193.116,All right,no sale
724,0,193.116,207.971,all the amenities with the landscaping and the brick and the 2.5 car garage It sounds wonderful and we're a really big fan of eating out so the restaurants and transportation is absolutely wonderful,no sale
724,1,207.971,222.826,Yeah Glad to hear It's a good spot Um I've been here for a while Great location Great home Um I've put a lot of money into making the house very livable updated appliances in the kitchen Um all that fun stuff So,no sale
724,0,222.826,237.682,Mm,no sale
724,1,237.682,252.537,uh Yeah hopefully we can reach a deal here You know the asking price is 2:40 Let me know You know kind of what you guys are thinking If you can you can make that,no sale
724,0,252.537,267.392,So I was I just had a few questions How did you get to the price of 240,no sale
724,1,267.392,282.247,sure So I think what we did was,no sale
724,0,282.247,297.102,Yeah,no sale
724,1,297.102,311.957,we started to look kind of on a square footage or price per square foot basis or some of the cops around the house just to kind of see where the market was at Um And I think you have that data as well Then from there I uh kind of factors or a few you know unique features to the house which is where it's located which is really a prime location within centennial park relative to some of those other listings that you saw Um Also kind of took into account some of the recent upgrades like you know you upgraded kitchen and things like that and um you know just really how kind of move in ready the houses Um So it's priced at a slight premium on a square footage basis to those other homes But less than 5% So you really I can assure you getting the nicest house on the block here Um And I know your family would be really happy enough,no sale
724,0,311.957,326.812,"Yeah I was I was hoping we could actually negotiate the price a little bit because I was also looking to some of the other houses that have been on the block and especially since you were telling me that your main basis was going up for the square footage I was wondering if we could have an earth like some of the square footage for some of the other houses Like Even lowering it down to right now it's about $130 per square foot If we could even decrease it to like $123 per square foot which would still be um 123 per square foot would be Around 228 1000 Even 200 and 30,000 would be nice in order to reflect a little bit I just think it's a little bit high because there's another house in the neighborhood same thing really close to the park I checked it out had lots of similar characteristics with landscaping and the um perfect size for family since it's in",no sale
724,1,326.812,341.667,Yeah,no sale
724,0,341.667,356.522,the same neighborhood of the same sensibility and it has a larger square footage for a cheaper price And so I was wondering since that one is also updated and new I understand you put all this time into it but there's clearly a better deal at a different property And so I was wondering if we could lower the price in order to reflect um that house is uh price per square footage,no sale
724,1,356.522,371.377,Yeah You know they're all pretty close Um you know a couple a couple of bucks per square There is um I don't think a reason to buy or not to buy a home necessarily Um You know the house has been on the market for about a month now and uh that isn't all that long and no I were really pretty firm on this price here just because we're still kind of in the early stages of testing the market and having met you once before it's really nice to get to know you and your family ends again I,no sale
724,0,371.377,386.232,Yeah,no sale
724,1,386.232,401.088,think this would be a great property for you fully understanding that there's more than one house in the market So yes it kind of depends on your timing Um I think too you 2 30 is still you mentioned that number still a little low Um Let me see let me do one,no sale
724,0,401.088,415.943,Yeah,no sale
724,1,415.943,430.798,calculation,no sale
724,0,430.798,445.653,Okay Yes because I really think the price should be lowered especially since I know you've been doing um renovation to the house in order to modernize it which we really loved me And um my family are really looking for a new more modernized place But considering about this property two was built a couple of decades ago precisely like 75 years ago It's a little older a little pricey and not like old enough to the point where it's like one of those like antique victorian like vintage like old houses like that,no sale
724,1,445.653,460.508,Right,no sale
724,0,460.508,475.363,if you know what I mean,no sale
724,1,475.363,490.218,Well how about this Um,no sale
724,0,490.218,505.073,No,no sale
724,1,505.073,519.928,"since we're still since I'm still pretty early on you know I understand your point and I know you know for both of us kind every Every $1,000 doesn't make a difference Um I could go I could meet you in the middle at kind of 235 and you know anything anything lower than that respectfully I think we'll just kind of hold and continue Um that puts us at about 1,27 square foot which you know is a couple of basis points off from percentage points rather off from you know your other cops here Um This is as good location as you're going to get and yeah just kind of a great home kind of a turnkey solution for you Um So I kind of leave you with that 2 35 again just you know it below that it probably doesn't make sense for me to kind of fire sale it from my perspective I rather just kind of wait and see so let me know what you think",no sale
724,0,519.928,534.783,Mhm No Oh um ah I don't know 2:35 was near the top of our range and optimally you know as removing in you know the economy isn't that good right now and I know that affects you as well Um Can't we dropped the price just slightly even if it were to go down to like 2 33 which would be $126 per square footage so even just $1 less per square foot,no sale
724,1,534.783,549.638,I'll meet you in the middle of 2:34,no sale
724,0,549.638,564.494,Yeah Yeah Right Yeah puts what we think about this Mhm Mhm Are you sure you're not willing to drop it down to 2 33 Because the reason why I'm just asking is you know there's another house on the market that's relatively good price I'm sure you've seen it that's slightly bigger 18 75 square footage And,no sale
724,1,564.494,579.349,Yeah,no sale
724,0,579.349,594.204,the selling price is 33 600 so,no sale
724,1,594.204,609.059,Yeah I mean if you're in love with that,no sale
724,0,609.059,623.914,yeah,no sale
724,1,623.914,638.769,house I I get it Um I think they're pretty comparable the prices Functionally the same between the two Um So you know I'd I'd encourage you to go with that one if you really like it But the prices is 2:30 for four months,no sale
724,0,638.769,653.624,Give me a few minutes to think,no sale
724,1,653.624,668.479,Okay,no sale
724,0,668.479,683.334,Yeah Oh Mhm Mhm No Right Mhm Right Yeah Yeah Okay Um I'm running to the dentist office I'll be back Okay Um hmm When were you still safe I appreciate you negotiate me But I think I'm gonna have to walk away from this one I think I will look into the other house on the block,no sale
724,1,683.334,698.189,Uh He didn't care Huh,no sale
724,0,698.189,713.045,Yeah,no sale
724,1,713.045,727.9,All right,no sale
724,0,727.9,742.755,Oh,no sale
724,1,742.755,757.61,All,no sale
724,0,757.61,772.465,yeah,no sale
724,1,772.465,787.32,right I'll get I'll do 233,no sale
729,1,0.0,5.228,Yeah,no sale
729,0,5.228,10.456,are you recording,no sale
729,1,10.456,15.684,Yes I am,no sale
729,0,15.684,20.911,"Yeah Okay So we should probably start Um So I think I'm going to bid $2,217,000 for the house",no sale
729,1,20.911,26.139,Oh wow Um That's really not what I had in mind in selling my house for I'm really glad that you like it It seems like you are really interested when you came by Um So that's kind of low especially looking at the camps in my neighborhood,no sale
729,0,26.139,31.367,Um Yeah well I am interested but I am looking at the price this is of neighboring homes and they're all a way below the asking price And specifically in relationship to the square feet Uh It's a lot lower than then what the asking price is at right now,no sale
729,1,31.367,36.595,really I'm wondering if we're looking at the same information But on my camps it ranges from 213 to about 2:40 which is where my house is priced at Is that the same information you have,no sale
729,0,36.595,41.823,"Yeah but you know this house is 1,846 square feet So looking it should be below you know Some 2 30,000",no sale
729,1,41.823,47.051,I think I mean the Middle House there the square foot feed is 1875 which is pretty comparable to my house And I think when you really take into account all the landscaping you're going to save so much money with not having to do that on these other houses,no sale
729,0,47.051,52.279,Mhm Yeah I'm still looking for something um a little bit on the cheaper side So what you know what what price would you be looking to accept,no sale
729,1,52.279,57.506,How would you feel about 2 35 right around that middle house comparable price,no sale
729,0,57.506,62.734,"No that's that's a bit more than I'm willing to spend right now I think something around uh we we can go to to 22,000 especially",no sale
729,1,62.734,67.962,Uh huh,no sale
729,0,67.962,73.19,since this house is so old and I think that it's something that seems um Okay,no sale
729,1,73.19,78.418,Yeah I really want to see at least three And there the house was built in 1947 but it is newly decorated so it really fits the modern style right now,no sale
729,0,78.418,83.646,Yeah but the foundations are old and it's going to require a lot of money to be put in over the years And that's something that I have to take into account as well,no sale
729,1,83.646,88.874,Well,no sale
729,0,88.874,94.101,So,no sale
729,1,94.101,99.329,it's actually something if you look at the amenity is we have all new updated brick on the house What would you say to to 30 even It's right around that middle comp a little bit less Because like you said my house is about 30 square feet lists,no sale
729,0,99.329,104.557,um what were you saying about Oh the upgrade the outside amenities Yeah But I'm talking about the so one thing is to fix the superficial aspects of the house and then another thing is to fix the actual you know foundations that,no sale
729,1,104.557,109.785,Yeah And I,no sale
729,0,109.785,115.013,were,no sale
729,1,115.013,120.241,said there's updated brick so that's part of the foundation,no sale
729,0,120.241,125.469,"okay I don't know how much that would affect But So you offered to 30,000 Um How does to 27,000 sound",no sale
729,1,125.469,130.696,I think that's really low I mean my house is only 30 square feet less than the one price at 2336,no sale
729,0,130.696,135.924,Yeah but I think there's something to say for um,no sale
729,1,135.924,141.152,Okay,no sale
729,0,141.152,146.38,I mean housing values have clearly risen very fast and I'm willing to buy it now and give you the money quick and if you really need to sell this house I think that you should be looking to accept and my bed,no sale
729,1,146.38,151.608,well I know you really want to make a deal to and honestly that's the same square footage price that I'm offering as these camps I think that's a pretty fair price given the location given how nice the home is it's really turnkey,no sale
729,0,151.608,156.836,"Okay So I'm offering to 27,000 You're offering to 30,000 What",no sale
729,1,156.836,162.064,Mhm,no sale
729,0,162.064,167.291,about something in between How does that sound,no sale
729,1,167.291,172.519,How much between are you thinking,no sale
729,0,172.519,177.747,2 28 55 to go to 28 1005 100,no sale
729,1,177.747,182.975,How about 29 5,no sale
729,0,182.975,188.203,I really do think we should split evenly here between what we're what we're offering I think,no sale
729,1,188.203,193.431,I,no sale
729,0,193.431,198.659,that sounds pretty fair,no sale
729,1,198.659,203.886,I,no sale
729,0,203.886,209.114,between,no sale
729,1,209.114,214.342,mean you've,no sale
729,0,214.342,219.57,what,no sale
729,1,219.57,224.798,got a lot of options You can buy a different house if you'd like But you know I'm coming down a lot off my price here,no sale
729,0,224.798,230.026,you know I really like this house and I think that from what I gather you really want to sell And,no sale
729,1,230.026,235.254,Yeah,no sale
729,0,235.254,240.481,I think 2 28 is right between what we're looking at between what I said and what you said I think that that's very fair A very fair bed,no sale
729,1,240.481,245.709,It's really not though because that's less price per square foot than all these other comparable homes,no sale
729,0,245.709,250.937,Yeah but I've gone around and seeing these homes and even though they do have some characteristics they were built a bit later And so I think that that really would increase what what I'll be having to pay over the years and so I want to make that that money like spend less now that I'll be spending anyway,no sale
729,1,250.937,256.165,I'm kind of confused why you say that though Because we have the updated break It's completely newly decorated Yeah,no sale
729,0,256.165,261.393,Yeah,no sale
729,1,261.393,266.621,there's,no sale
729,0,266.621,271.849,Uh huh,no sale
729,1,271.849,277.076,mature trees It's right,no sale
729,0,277.076,282.304,Yeah,no sale
729,1,282.304,287.532,near the park And you're asking me to go beneath the comparable homes in my neighborhood,no sale
729,0,287.532,292.76,Well I'm asking you to go between The,no sale
729,1,292.76,297.988,Mhm,no sale
729,0,297.988,303.216,two,no sale
729,1,303.216,308.444,Oh,no sale
729,0,308.444,313.671,square feet that this home is between,no sale
729,1,313.671,318.899,do you,no sale
729,0,318.899,324.127,and,no sale
729,1,324.127,329.355,understand,no sale
729,0,329.355,334.583,it's it's,no sale
729,1,334.583,339.811,price per square foot,no sale
729,0,339.811,345.039,it's even closer to It's much closer to the 89 047-5 house Its way closer It's pretty comparable And with all the fees that it'll be paying after buying,no sale
729,1,345.039,350.266,I actually I don't know if we have different things because I don't have any conflicts Is 89 07-04,no sale
729,0,350.266,355.494,Oh you don't see that house,no sale
729,1,355.494,360.722,My three houses are 6898047 to 5 and 8614,no sale
729,0,360.722,365.95,Oh yeah I will talk about that 2nd 1,no sale
729,1,365.95,371.178,Okay So that second one is priced at 233 6 Which,no sale
729,0,371.178,376.406,Right,no sale
729,1,376.406,381.634,is the square footage,no sale
729,0,381.634,386.861,so,no sale
729,1,386.861,392.089,price of 124.58 So if you want to pay that per square foot we can do that Yeah,no sale
729,0,392.089,397.317,where are you looking at these numbers,no sale
729,1,397.317,402.545,House,no sale
729,0,402.545,407.773,So,no sale
729,1,407.773,413.001,"of 47 to 5 cost $233,600 for 1875 square feet Right let's do the same Come",no sale
729,0,413.001,418.229,Mhm,no sale
729,1,418.229,423.456,So that equates to $124.58 per square foot So I'm willing to also charge that amount 124.58 per square foot on my house Mhm,no sale
729,0,423.456,428.684,"Okay I see So I mean you'd only be giving me $900 less of the exact price it's worth You know I'm offering here this week The $1,400 plus",no sale
729,1,428.684,433.912,Yes Yeah,no sale
729,0,433.912,439.14,Are you still there,no sale
729,1,439.14,444.368,Yeah I really don't want to I really think my house is worse Two 29 5 I think that's very fair given the square feet,no sale
729,0,444.368,449.596,So now so now you've gone up,no sale
729,1,449.596,454.824,No that was,no sale
729,0,454.824,460.051,yes,no sale
729,1,460.051,465.279,the same place I said before,no sale
729,0,465.279,470.507,"You said to 29,000",no sale
729,1,470.507,475.735,I,no sale
729,0,475.735,480.963,I,no sale
729,1,480.963,486.191,said,no sale
729,0,486.191,491.419,said,no sale
729,1,491.419,496.646,29 5,no sale
729,0,496.646,501.874,"No you said 2:30 then I I said to 27 I said to 28 500 And you said why don't we go up to 2 29,000",no sale
729,1,501.874,507.102,Yeah I used to to 28 5 and I said to 29 5,no sale
729,0,507.102,512.33,"You're right Must have been confused then Okay Well I'm willing to go to to 29,000 Does that sound reasonable I think you're not willing to go you know That's a midpoint between our two",no sale
729,1,512.33,517.558,that's still less per square foot My house should be to 29 986 given the square feet So I'm giving you almost $500 off at 2 29 5,no sale
729,0,517.558,522.786,Okay Well then if the selling price of this 8 18 75 square foot house starts at 2 33 600 Probably going to be willing to go no way below what I'm going with you,no sale
729,1,522.786,528.014,I don't understand your logic there,no sale
729,0,528.014,533.241,This is the selling price You know it's the asking price,no sale
729,1,533.241,538.469,Yeah,no sale
729,0,538.469,543.697,Yeah,no sale
729,1,543.697,548.925,And I'm talking about the price per square foot,no sale
729,0,548.925,554.153,Yeah but this is the asking in price,no sale
729,1,554.153,559.381,I know and I'm giving,no sale
729,0,559.381,564.609,So it's,no sale
729,1,564.609,569.836,you a,no sale
729,0,569.836,575.064,it's,no sale
729,1,575.064,580.292,cheaper,no sale
729,0,580.292,585.52,what,no sale
729,1,585.52,590.748,price,no sale
729,0,590.748,595.976,it's what,no sale
729,1,595.976,601.204,based,no sale
729,0,601.204,606.431,a how's,no sale
729,1,606.431,611.659,on that,no sale
729,0,611.659,616.887,the,no sale
729,1,616.887,622.115,price,no sale
729,0,622.115,627.343,how's,no sale
729,1,627.343,632.571,With,no sale
729,0,632.571,637.799,the price of the house starts at you know so you you negotiate and usually end up somewhere that,no sale
729,1,637.799,643.026,"Yeah I've already come down $11,000 How much have you gone up Maybe 4000 I think I've gone down a lot more If that's the math",no sale
729,0,643.026,648.254,No,no sale
729,1,648.254,653.482,you're going,no sale
729,0,653.482,658.71,I,no sale
729,1,658.71,663.938,back,no sale
729,0,663.938,669.166,"started out at 2 17,000 So I've gone up 11,000 as well actually 12,000 Now if you go to to 29,000",no sale
729,1,669.166,674.394,I thought you started at 2:27,no sale
729,0,674.394,679.621,No,no sale
729,1,679.621,684.849,You said,no sale
729,0,684.849,690.077,"I started at 2 17,000 And then we went up to 223,000",no sale
729,1,690.077,695.305,I mean to 17 was so low That's kind of laughable,no sale
729,0,695.305,700.533,That's how you negotiate and bid You started,no sale
729,1,700.533,705.761,Yeah So what do you say I'm giving you a discount on the price per square foot for this house at,no sale
729,0,705.761,710.989,You're giving,no sale
729,1,710.989,716.216,29,no sale
729,0,716.216,721.444,me a you're,no sale
729,1,721.444,726.672,5,no sale
729,0,726.672,731.9,not that's not how you're giving me off the asking price It doesn't mean that you know like they're not giving us the price per square foot They're giving us the asking,no sale
729,1,731.9,737.128,I,no sale
729,0,737.128,742.356,prices,no sale
729,1,742.356,747.584,know,no sale
729,0,747.584,752.811,of,no sale
729,1,752.811,758.039,but,no sale
729,0,758.039,763.267,each,no sale
729,1,763.267,768.495,you,no sale
729,0,768.495,773.723,house,no sale
729,1,773.723,778.951,can do that math It's called division,no sale
729,0,778.951,784.179,Okay you don't have to get rid about these things,no sale
729,1,784.179,789.406,And so I,no sale
729,0,789.406,794.634,Um,no sale
729,1,794.634,799.862,know that there's only three columns but the price per square foot but it's just division,no sale
729,0,799.862,805.09,That's not what I mean I mean that you're going down from the asking price,no sale
729,1,805.09,810.318,Yeah And I have,no sale
729,0,810.318,815.546,I've gone up from my bidding price,no sale
729,1,815.546,820.774,Okay,no sale
729,0,820.774,826.001,So I think,no sale
729,1,826.001,831.229,how,no sale
729,0,831.229,836.457,that,no sale
729,1,836.457,841.685,can we do to 29 5 And I think it could be a great deal for you in the house,no sale
729,0,841.685,846.913,"And I think we should do toward 29,000 and you're honestly you're getting quite rude about this and I don't see any other buyers here So if you're not willing to sell it to 29,000 we can just accept it Don't help To me and I'll go and ask for the 1875 house",no sale
729,1,846.913,852.141,Okay Good luck Then,no sale
729,0,852.141,857.369,Okay Should we just,no sale
729,1,857.369,862.596,they,no sale
729,0,862.596,867.824,stop,no sale
729,1,867.824,873.052,stopped,no sale
729,0,873.052,878.28,recording,no sale
733,1,0.0,15.499,All right How do you Can you hear me okay,no sale
733,0,15.499,30.999,yep,no sale
733,1,30.999,46.498,"Well okay Yeah Let's start So um I'm a super the house Um It's a very nice location with nice feature as you saw I'm asking for 20 240,000 hours Um Which I think is a very fair price and um considering the area and um the condition",no sale
733,0,46.498,61.997,Mhm,no sale
733,1,61.997,77.497,of the house,no sale
733,0,77.497,92.996,Oh yes I definitely saw that It looks like a very nice house I'm just a little bit worried because it says that it was built in 1947 Um It's not just worried that since it's like so old and there might be issues and I might need to renovate it at some point Um Can you speak a little just about like what um like what condition the houses in in terms of like electronics um floors Um You see the light system and stuff,no sale
733,1,92.996,108.495,Yeah of course Um So the house was just renovated renovated um few years ago Um I I will say since that renovation um we rewire um all the electric system and the heating and the and we also read it the floor and ceiling and as you see,no sale
733,0,108.495,123.995,Yeah,no sale
733,1,123.995,139.494,the paint is still very new Um So I wouldn't worry about the condition of the house because of um the year it was built Um I would just say because of it's pretty old It's um it's a heritage and it's considering like a reserve property in the area because it was built 1947 Um so that's why that's like the unique feature of the house and um that's what a lot of people who are looking for vintage style but a little on the outside but a little a more modern um decorations and um condition inside the house interior to Um So I would say that's just actually what's I really love about house,no sale
733,0,139.494,154.994,Thank you Um And I also saw that there are some neighboring homes with similar characteristics,no sale
733,1,154.994,170.493,Mhm,no sale
733,0,170.493,185.992,Um And there's one of actually two of them that have a lower listing price Um Do those are those both older homes or do you know if those are newer homes,no sale
733,1,185.992,201.492,Um,no sale
733,0,201.492,216.991,Mm I know I know,no sale
733,1,216.991,232.49,If you're talking about The house down the street um 614 I I believe that they had renovation a while ago I would say like at least 6 7 years So I I think it would be up to for renovation um sooner than than this house But as far as like other house I'm not sure um if they have renovated recently or interior or exterior but I will say um this house is one of the recently um renovated one in the area,no sale
733,0,232.49,247.99,I see Um do you know if the other ones were like bill earlier or after or you're not sure,no sale
733,1,247.99,263.489,I think they would be around the same time on this whole neighborhood,no sale
733,0,263.489,278.988,"That makes sense Yes I must check the square feet Mm Yeah I was just thinking because um The listing 89047 - five has like a square footage of 1,875",no sale
733,1,278.988,294.488,Mhm,no sale
733,0,294.488,309.987,Um Well this one has a square footage,no sale
733,1,309.987,325.486,Yeah,no sale
733,0,325.486,340.986,that's a little bit smaller,no sale
733,1,340.986,356.485,Mhm,no sale
733,0,356.485,371.985,"It seems to be priced like a lot more Um So I was wondering like just because of that um I could take down the asking price too To 27,200,000",no sale
733,1,371.985,387.484,"Yeah Um For I think yeah I know that houses is a little bit bigger but I'm not sure if the listing is I'm still there Um As far as I know I I think it would need a lot of work um inside the house because it has not because no one has been living there for oh well and it yeah I just don't know what's going on with that property but I I just assume that the asking price is on the lower end because of that Um What I can give you is um 2 30 235 $1,000 Um And it's well you know for me it's I I could give this price just because I'm doing this myself instead of going through the agents and um And that is and to 35 is what's um possible for me Yeah at this point Mhm",no sale
733,0,387.484,402.983,Mm Um Let me consider that for a second It's just the one thing I'm worried about is whether this home is right for me just because like I personally don't mind we're decorating a little bit,no sale
733,1,402.983,418.483,Mhm,no sale
733,0,418.483,433.982,Um So having a home that would need like renovation and um last number of years but it would be a little bit cheaper Wouldn't necessarily be bad for me because then it could have made it in the way I want and like the price for the home so like the money would balance out Um,no sale
733,1,433.982,449.481,It's,no sale
733,0,449.481,464.981,"So like just considering that is there any way you could even just be able to make it to 33,000",no sale
733,1,464.981,480.48,"ah um let me just let me see Yeah I I truly understand um You're from us point of view Yeah I I can give you 2 33,000",no sale
741,0,0.0,8.098,just let me know I've started pressing recording and just wanted to check if you have as well,sale
741,1,8.098,16.196,Yeah Okay great I see it Um,sale
741,0,16.196,24.293,All right,sale
741,1,24.293,32.391,Yes,sale
741,0,32.391,40.489,perfect So I think he said that the buyer is supposed to go first which is myself,sale
741,1,40.489,48.587,Court,sale
741,0,48.587,56.684,So um nice to meet you I am really excited about the house that you have put up for sale Um,sale
741,1,56.684,64.782,This is,sale
741,0,64.782,72.88,I have been looking for a property um near centennial Park and found that your house uh met a lot of the criteria that I was looking for However one keep uh point that I wanted to discuss with you today was price Would you be open to having a negotiation on that,sale
741,1,72.88,80.978,yeah For sure,sale
741,0,80.978,89.076,Okay great So,sale
741,1,89.076,97.173,Yeah,sale
741,0,97.173,105.271,Um based on my understanding of the current,sale
741,1,105.271,113.369,Mhm,sale
741,0,113.369,121.467,"market as well as the different aspects of the home that I'm valuing I would like to propose a price of $210,000 for your home Um it is price is of utmost important for me So I wanted to make sure that I started the conversation with the critical issue at hand",sale
741,1,121.467,129.564,All right Yeah I agree That price would be very important Um But I'm unwilling to sell at that low of a price I,sale
741,0,129.564,137.662,Okay,sale
741,1,137.662,145.76,"believe that this house is very great and I've been living in here for many years now and I served me well It's in one of the nicest place is in the neighborhood and it also has many um amenities that you could probably tell And so I believe based on similar homes yeah House should be around $240,000",sale
741,0,145.76,153.858,"And so um just to understand your price a little bit better So you're suggesting $240,000 and you said this is because of the amenities and square footage is that right",sale
741,1,153.858,161.956,Yeah correct,sale
741,0,161.956,170.053,Okay Great Well thank you for sharing your perspective I guess for me what I would love to discuss a little bit further is which part of the amenities are um of value for me and which are not and that's kind of how I'm coming to this price point,sale
741,1,170.053,178.151,Oh,sale
741,0,178.151,186.249,So um while I do agree that the house has many amenities I do think that there are certain things that I um will be compromising on with this home,sale
741,1,186.249,194.347,yeah,sale
741,0,194.347,202.444,for example um I am concerned about the fact that there is a detached garage and obviously that's not something that you can change but it is a compromise that I'm making on because that's not something that I prefer in the homes that I purchase Um And the other thing is that I actually don't prefer to have a fenced backyard which I know that you're home does have So funnily enough with some of the amenities that we're talking about they actually decreased value for me in this home,sale
741,1,202.444,210.542,All right Yeah that's okay if this house does not have the particular things that you would like but I still do not believe that that would change the inherent value of the house itself As I believe that there's many people who would be able to be willing to get to this um This this house based on what it has inherently and so I would say I'm willing to lower down the price But I'm looking at the similar characteristics houses with similar characteristics,sale
741,0,210.542,218.64,Mhm,sale
741,1,218.64,226.738,And I think like based on square footage it should at least be around like in the in the middle range Like it's between,sale
741,0,226.738,234.836,Right,sale
741,1,234.836,242.933,"This house is 1,846 Yeah",sale
741,0,242.933,251.031,Uh huh,sale
741,1,251.031,259.129,It's like in the middle of the the similar houses we have right now So I think something in that range would be okay Right,sale
741,0,259.129,267.227,"Okay So you're willing to go somewhere between where we started So um I am also willing to go up primarily because I think the location of your home is something that's really appealing to me Um The I certainly don't only value square footage and so while I do understand that you need to be able to um You would like for your home to be at a price similar with you know since there are other homes with similar characteristics I still would say that given the fact that you're home doesn't reach the square footage of some of the other homes um I would be comfortable with moving up to 220,000 and you know I just want to reiterate I really do want to reach a point of agreement with you because I do think that it is Of both of our vested interests So how are you feeling about the $220,000 price point",sale
741,1,267.227,275.324,Yeah At that point I'd rather not So,sale
741,0,275.324,283.422,Okay Um so I guess you know I knew you said something in the middle so what were you thinking about,sale
741,1,283.422,291.52,"I say 233,000 It would be fine",sale
741,0,291.52,299.618,233 So with,sale
741,1,299.618,307.716,Yeah,sale
741,0,307.716,315.813,"233,000 I think my concern is that the price uh price point is getting very close to a home that is a little bit bigger And I think that that's what you're kind of basing your point on is that assumption correct",sale
741,1,315.813,323.911,Well it's yeah because we only have these square footage for these similar kinds of houses Um and since this house is just a little bit smaller than the Middle one Then I think just like $600 less than what is listed for that would be reasonable,sale
741,0,323.911,332.009,Got it Got it Okay,sale
741,1,332.009,340.107,Yeah,sale
741,0,340.107,348.204,"so that's that's helpful context I appreciate that So um for me I think what's really important is obviously the like we said I think for both of us it sounds like price is the key factor here that we're looking at And so um for me I would rather not buy at that high of a price I am willing to make a concession and move up to 225,000 But you know I you know understand that if you're getting offers that are way better than that then it might not be something that's reasonable for you",sale
741,1,348.204,356.302,"Mm Yeah 225,000 Still no go",sale
741,0,356.302,364.4,Okay,sale
741,1,364.4,372.498,Could you go up like a little bit Yeah,sale
741,0,372.498,380.596,Yeah Um,sale
741,1,380.596,388.693,Where's that also noble for you,sale
741,0,388.693,396.791,Yeah that that's that's the you know that's my concern is I don't want it to become a no go for either one of us,sale
741,1,396.791,404.889,Uh huh,sale
741,0,404.889,412.987,Oh,sale
741,1,412.987,421.084,Mhm,sale
741,0,421.084,429.182,So what are your thoughts on if we go to 2:30,sale
741,1,429.182,437.28,Yeah that's fine with me,sale
745,1,0.0,9.927,I am also recording,sale
745,0,9.927,19.854,he said the buyer starts right,sale
745,1,19.854,29.781,Yes,sale
745,0,29.781,39.709,Whoa You know and,sale
745,1,39.709,49.636,Hi,sale
745,0,49.636,59.563,let's talk about other than just the offers but you have the appendix unlike what the house looks like Right can you tell me a bit about the house that you're selling,sale
745,1,59.563,69.49,Yeah civilians We both have that page in common but just in case So I'm selling this single house So we have four bedrooms one recreation room And a 2 1/2 bathroom It's a split level style It's built in 1947 and it's,sale
745,0,69.49,79.417,Bit of an old house Yeah,sale
745,1,79.417,89.344,"oh depending on the area It seems like most of the houses here are potentially older or as old as this So I think it's pretty expected for this area but it's Decently sized with 1,846 sq ft of space So let's see We have some finished hardwood floors which are very nice There are two fireplaces the master bedroom has the entire wall of closets so plenty of storage space for whatever you need And there's also a master bath attached to this room",sale
745,0,89.344,99.271,Right,sale
745,1,99.271,109.199,The kitchen is very large and there's all the appliances that you should need there and everything has been nearly decorated And now if we look outside the house it's pretty comfortable We have this updated brick area beautiful landscaping We have a fenced in backyard so you don't have to worry about anyone coming onto your property or if you have any Children or any pets you don't have to worry about them wandering off as well We have some very nice trees here as well and we have this detached garage so there should be enough parking space for you and whoever you will be living with And there's a bunch of different restaurants and transportation all within walking distance So you don't have to drive if you prefer not to And we're very close to two Very wonderful and beautiful parks Hastings and centennial Park's,sale
745,0,109.199,119.126,"Yeah It sounds like a nice place Um I'm Really not liking that Almost quarter million dollars That's such a such a high amount Like I was kind of hoping for something closer to 200,000 Um but maybe this isn't the area for me",sale
745,1,119.126,129.053,"200,000 is definitely low especially if you look at the houses in this area that have been recently sold None of them have been that love price and it's very rare",sale
745,0,129.053,138.98,Oh,sale
745,1,138.98,148.907,to have a house open up in this area Um You can see that past few years we've only sold Maybe about three in the area and they we're also pretty small in size compared to Well for the asking price If you have not even the 1700 1 was that will over cost,sale
745,0,148.907,158.834,maybe I could I could start looking for a house that's only 700 sq ft I don't really need all of this space Um but I could see I could understand going closer to like 2 15 because this is a nice big area or a big house,sale
745,1,158.834,168.761,2 15 It's still a little bit low especially since we have all of these renovations and all of these newly decorative things Um since that won't add to your future costs since we've already covered that I think it would be more reasonable to go higher maybe At least 225,sale
745,0,168.761,178.689,225 is a pretty big jump Like we don't know that the other houses weren't renovated and I appreciate that the inside is Newly decorated but that 1947 that's that's almost that's coming up on 80 years old But by the time the myself I'm almost surely going to fix something up Um So like,sale
745,1,178.689,188.616,without,sale
745,0,188.616,198.543,I don't know,sale
745,1,198.543,208.47,the pentagon,sale
745,0,208.47,218.397,he was like like to 18 I can understand that Like yeah you want to get something out of it,sale
745,1,218.397,228.324,"The depending on when you sell it If you look at the neighboring properties that have been sold in the past a few years um the prices have increased rather large Just looking at this trend It wouldn't be surprising if I it's going to ask you for maybe 230,000 or even a little bit higher than that And so I feel like I'm cutting you a little bit of a deal by giving you a few 1000 less than that",sale
745,0,228.324,238.251,"I do appreciate that Like this this it sounds super nice Um To 20-25 is still it's like that's 25,000 more than I was hoping for But I get that this is a really nice area I can get pretty close have it just to to to across the way",sale
745,1,238.251,248.179,That's still a little bit too low for me Especially given all the work that I've done on this house I'm really looking to get a little bit more out of it,sale
745,0,248.179,258.106,Yeah,sale
745,1,258.106,268.033,And especially,sale
745,0,268.033,277.96,I wish,sale
745,1,277.96,287.887,since,sale
745,0,287.887,297.814,whether,sale
745,1,297.814,307.741,this is,sale
745,0,307.741,317.669,we,sale
745,1,317.669,327.596,a,sale
745,0,327.596,337.523,could,sale
745,1,337.523,347.45,really good area to you don't have to worry about I guess depending on what you're looking for if you have a family there is a lot of space for family but also there's a lot of space If you were to want to go out with friends there's a lot of good restaurants here There's a park here If you're wanting to go up there Deregulation as well,sale
745,0,347.45,357.377,You really can't do any better than 225,sale
745,1,357.377,367.304,for the work that I've had done I'm afraid not,sale
745,0,367.304,377.231,There's something else that we could sort of negotiate in It's like bus passes or something because 25 is just really not feeling too great But that's the only thing that we can discuss in this uh LTD negotiation,sale
745,1,377.231,387.159,Yeah,sale
745,0,387.159,397.086,Okay to 25 I you're you're holding your ground Yes,sale
745,1,397.086,407.013,Yeah appreciate If we could settle on 2:25,sale
745,0,407.013,416.94,I think we can make that work,sale
748,0,0.0,6.915,Mhm Hey there Can you hear me,sale
748,1,6.915,13.83,Yes can you hear me,sale
748,0,13.83,20.745,I can Great So I am in the role of buyer I am assuming that you're a seller,sale
748,1,20.745,27.66,Yes,sale
748,0,27.66,34.575,Okay cool Um All right well let's do this So thanks for taking the time to meet with me I have been looking at houses in your area and think that yours is is great It really looks like it fits all of the features that I want And so it comes down to price I'm looking at some of the houses in your area that are comparable and Trying to trying to figure out what kind of an offer to make But right now I'm looking at a price of about 2 10 to make a deal on your house that you have on the market right now So curious about your thoughts,sale
748,1,34.575,41.49,Yeah thank you for coming to see the house Um I appreciate that and I appreciate that You think it's great Um I was wondering what aspects of the house you liked what you're looking for,sale
748,0,41.49,48.405,Yeah So I think the things that are important to me are really just the location is um is great I'm looking for a house that's going to really be suitable for a single family Um And so let's see Uh Uh huh I guess what specific how specific do you want me to go with,sale
748,1,48.405,55.32,Yeah,sale
748,0,55.32,62.235,the description,sale
748,1,62.235,69.15,"it's good to hear To 10 is definitely a starting place We cannot go that low but there may be some room for negotiation as you know it's listed at 240,000 Um We know that there haven't been a lot of houses available in Centerville for years so it's kind of a prized crown jewel right now",sale
748,0,69.15,76.065,Mhm,sale
748,1,76.065,82.98,Um We know that other houses in the area that sold years ago were selling at comparable prices even before Um You know the values increased and we think that all of our amenities just offer such a great package of a house especially you know you're starting a family you are looking for a great home you can grow in Um We just think we offered a lot of fantastic features for you to so from 2 40 we're definitely willing to negotiate a little bit but you'd have to come up from 2 10,sale
748,0,82.98,89.895,Sure I'm curious to hear what's your if you're saying that you are able to negotiate down from 240 kind of where where is your mind space at For a second offering,sale
748,1,89.895,96.81,Make me an offer and we'll see,sale
748,0,96.81,103.725,Well my offer is still standing at 210 so um you know if if we'd like to bargain a little bit um I just want to know how far you're willing to move down Um And I am able to probably move up a little bit as well but I just like to hear what your your mindset,sale
748,1,103.725,110.64,Well I can tell you that there is another offer on the house and it is higher than 2 10 I can't tell you exactly what it is,sale
748,0,110.64,117.555,Sure,sale
748,1,117.555,124.47,uh for their privacy but there you're not the only buyer,sale
748,0,124.47,131.385,Okay Yeah and I also just as we're throwing out our baton is here um I do know that there's another house that's on the market right now that's listed around to 10 that's why we were going with that number But I do like your house So Here's the first concession that I'll be willing to make and that's to bump up the price from 210 to 20 Um Given that uh that is higher than the other listing that we're looking at So um yeah would be willing to see where your next concession would go from that price,sale
748,1,131.385,138.3,Sure Does the other house have four bedrooms,sale
748,0,138.3,145.215,Uh Yes,sale
748,1,145.215,152.13,Oh it that was interesting,sale
748,0,152.13,159.045,Well,sale
748,1,159.045,165.96,Um,sale
748,0,165.96,172.875,it has similar characteristics,sale
748,1,172.875,179.79,okay Similar characteristics How many cars do you guys have,sale
748,0,179.79,186.705,Uh We have I know that this house right now has to a two car garage 2 1/2 car garage So good for my,sale
748,1,186.705,193.62,Yeah,sale
748,0,193.62,200.535,motorcycle,sale
748,1,200.535,207.45,Yeah,sale
748,0,207.45,214.365,Um But you know the size of the garages is not it huge point for us although obviously more space is always better So mm let's say we,sale
748,1,214.365,221.28,Yeah,sale
748,0,221.28,228.195,have two cars Let's just,sale
748,1,228.195,235.11,Okay Um yeah so we're still under the other person's offer price but I would love to hear what kind of terms you're willing to agree to How quick of a close and are you paying in alone or cash,sale
748,0,235.11,242.025,Mhm Um All right So in terms of payment payment options um I know what would probably be best for you and please correct me if this is the assumption is incorrect is that you would prefer more,sale
748,1,242.025,248.94,you,sale
748,0,248.94,255.855,money,sale
748,1,255.855,262.77,are,sale
748,0,262.77,269.685,up front um in cash rather than loan is that correct,sale
748,1,269.685,276.6,Um if that works for you,sale
748,0,276.6,283.515,Okay Yeah we would be willing to go cash if you are willing to get us you know slightly under that other offer I know that being able to be paid in full is probably you know a rare thing in this market but I think we could we could go cash and try to get you as much money as with that first down payment as possible,sale
748,1,283.515,290.43,"Okay Um if you're paying in cash then I'm willing to drop the price a couple $1,000 to go to 236,000",sale
748,0,290.43,297.345,"Mm Yeah I was hoping for a much bigger concession than that given that we've already gone 10,000 over um our initial",sale
748,1,297.345,304.26,Absolutely,sale
748,0,304.26,311.175,offering,sale
748,1,311.175,318.09,And I appreciate that too,sale
748,0,318.09,325.005,Yeah So,sale
748,1,325.005,331.92,Just the other offer is um higher,sale
748,0,331.92,338.835,sure Um,sale
748,1,338.835,345.75,because you're paying in cash I'm willing to be a little flexible because they do have a split payment,sale
748,0,345.75,352.665,mhm,sale
748,1,352.665,359.58,the notion,sale
748,0,359.58,366.495,Yeah What other what other considerations are on your docket in terms of levers for us to pull for this deal,sale
748,1,366.495,373.41,you can do a quick close no inspection Um Those types of closing agreements could definitely lend themselves to being favorable to your offer,sale
748,0,373.41,380.325,Mhm Yeah Okay Um Let's see,sale
748,1,380.325,387.24,And I do just want to emphasize that our hardwood floors are original They,sale
748,0,387.24,394.155,Uh,sale
748,1,394.155,401.07,were just,sale
748,0,401.07,407.985,huh,sale
748,1,407.985,414.9,published We um you know that 1947 quality is not what they make these days It's not like it used to be,sale
748,0,414.9,421.815,Sure Sure Of course,sale
748,1,421.815,428.73,And in the other house I saw they had some laminate floors So,sale
748,0,428.73,435.645,Yeah Like I said we also do like a lot of those features so we're definitely very interested in making a deal happen today Um,sale
748,1,435.645,442.56,yeah,sale
748,0,442.56,449.475,Would love to hear you know if we were to obviously inspections are key Um Well we prefer having a full um state inspection by certified inspector and all those things but um I do know that it sounds like time is of the essence for you all to get to that close Um So we would be willing to f the inspection costs if you give us a little bit more time to close and give us a little bit more concession from the price,sale
748,1,449.475,456.39,how many days would you need,sale
748,0,456.39,463.305,mm Let's say an extra an extra week,sale
748,1,463.305,470.22,So how many days total you a one week close,sale
748,0,470.22,477.135,Yeah,sale
748,1,477.135,484.05,"If you could close in one week and withhold inspection I would go to 234,000 and take off 2000 from where I was at",sale
748,0,484.05,490.965,Okay,sale
748,1,490.965,497.88,And I,sale
748,0,497.88,504.795,What,sale
748,1,504.795,511.71,think that is a great deal for this house,sale
748,0,511.71,518.625,Uh huh What is more important to you actually I'm curious is that is it cash is it getting to a close faster or is it getting to the inspection I'm just curious what's your what's your ordering of of importance there,sale
748,1,518.625,525.54,I would be willing to allow the inspection and a couple more days close if you met that cash price point,sale
748,0,525.54,532.455,Okay Yeah let's disregard price for now because I think that's probably both of our our most important you know levers here But,sale
748,1,532.455,539.37,Right,sale
748,0,539.37,546.285,going with the other three What's what's the most important for you,sale
748,1,546.285,553.2,I'm willing to allow the inspection so I'm a little flexible in the amount of closed time I would say so Um I guess I didn't answer your question Um,sale
748,0,553.2,560.115,Uh huh,sale
748,1,560.115,567.03,I,sale
748,0,567.03,573.945,It sounds like cash is king right Cash is going,sale
748,1,573.945,580.86,yeah,sale
748,0,580.86,587.775,to be a big,sale
748,1,587.775,594.69,for,sale
748,0,594.69,601.605,one,sale
748,1,601.605,608.52,store,sale
748,0,608.52,615.435,for you,sale
748,1,615.435,622.35,we have another endeavor We're moving on to This is a family property and we definitely would love a cash deal,sale
748,0,622.35,629.265,Okay Um and then in terms of closing like speed to closure if we can come to a deal today but I would still ask for you to do the inspections at a later time Would you prefer that or would you prefer that We take on the inspections but you give us that extra week to close,sale
748,1,629.265,636.18,"Um How about this You will handle the inspection And you can have an extra week so we can do two weeks with an inspection for the 234,000 price point",sale
748,0,636.18,643.095,Okay What if we what if we came to a deal today So say we give you all three right,sale
748,1,643.095,650.01,Uh huh,sale
748,0,650.01,656.925,We gave you cash full painful We took on the inspection and we um came to a close today Um I'd love to get that price down to like 2 30 and that's another that's a 10-K Concession on mind as well,sale
748,1,656.925,663.84,For sure Um I appreciate that and I appreciate this offer Um It's definitely something to consider 234 was pretty much the lowest in my mind but um I do appreciate that our family home is going to another caring family and I know that you guys would take good care of it I think so Um I would be willing to meet you in the middle at 2:32,sale
748,0,663.84,670.755,2 30 Come on You can do it You can do,sale
748,1,670.755,677.67,It's,sale
748,0,677.67,684.585,it,sale
748,1,684.585,691.5,a big drop for me It's a big drop,sale
748,0,691.5,698.415,I've already come up from 210,sale
748,1,698.415,705.33,you have but I do have another offer I could go with if I wanted to settle for their loan deal,sale
748,0,705.33,712.245,Yeah but loan,sale
748,1,712.245,719.16,I think 2:32 is a fantastic deal It's a a great compromise You get a great house get the cash and we will do the two weeks and the inspection for you,sale
748,0,719.16,726.075,I'm sorry,sale
748,1,726.075,732.99,covered,sale
748,0,732.99,739.905,repeat,sale
748,1,739.905,746.82,with boston,sale
748,0,746.82,753.735,that again Sorry repeat that again,sale
748,1,753.735,760.65,I was just saying that it's a great deal We'll do the two week close we'll cover the inspection which would be a huge nightmare for anyone to do So we will take care of that You don't have to deal with it you'll get the certified report and um we'll close it to 32 cash today,sale
748,0,760.65,767.565,Yeah So the okay,sale
748,1,767.565,774.48,We're saving you a big headache by taking on the inspection I know the local inspectors are quite hard to deal with and I will make sure you get a great report,sale
748,0,774.48,781.395,If you can go to 31 we'll have a deal,sale
748,1,781.395,788.31,Oh my my wife and kids aren't gonna be too happy Um I don't think I can go below 232-34 was my lowest And if you come up to to 32 we will also throw in a month of landscaping fees,sale
748,0,788.31,795.225,Yeah Uh I'd rather you save that money and just give give us a slight concession on the price today and you're getting a closed deal right now which I think is a huge huge plus over your competitive offer with that split bone So 2 31 It's,sale
748,1,795.225,802.14,You know,sale
748,0,802.14,809.055,the number,sale
748,1,809.055,815.97,you seem you seem like a nice person Um The best best best I can do I will come down to 2315,sale
748,0,815.97,822.885,Uh huh,sale
748,1,822.885,829.8,We can meet right in the middle You'll have a house today It'll be done in two weeks with inspection and you will enjoy the four bedrooms the two fireplaces the hardwood floor everything to 31 5 bam We got a deal right,sale
748,0,829.8,836.715,231 was the number though Just need that extra 500,sale
748,1,836.715,843.63,2315,sale
748,0,843.63,850.545,Okay Uh huh,sale
748,1,850.545,857.46,You're gonna love this house Have to accept the other offer in 10 seconds,sale
748,0,857.46,864.375,10 seconds Nice ultimatum I'm gonna go with 2 31 You can't get,sale
748,1,864.375,871.29,The,sale
748,0,871.29,878.205,it to 31,sale
748,1,878.205,885.12,yes,sale
757,0,0.0,18.184,Hello,sale
757,1,18.184,36.367,Hello,sale
757,0,36.367,54.551,Hi how are you,sale
757,1,54.551,72.735,Hi I'm good how are you,sale
757,0,72.735,90.919,I'm doing really well thanks,sale
757,1,90.919,109.102,So um welcome to my house Would you like me to give you a quick tour,sale
757,0,109.102,127.286,Yeah that would be great,sale
757,1,127.286,145.47,"Okay so As you've probably seen in the description uh it's a beautiful four bedroom 2.5 bathroom house with a separate recreation room It's split level style 1947 It's quite spacious with 1,846 sq ft of space It was recently renovated and newly decorated We have two beautiful fireplaces that create an amazing cozy atmosphere um in the evenings for you to enjoy with your family We have freshly polished hardwood floors and the master bedroom with an entire wall of closet plus a master bath Um If you enjoy spending time outside Um The the we have beautiful landscaping fenced backyard and mature trees Um Near near the house Near our house there is the Hastings and centennial parks and if you enjoy going out there is restaurants and transportation within walking distance And also at the if you drive that wouldn't be a problem We have Detached garage for two cars and all this beauty um Is being sold for 240,000 Uh huh $240,000",sale
757,0,145.47,163.654,Okay awesome So this house has a lot of the things that I'm looking for and a lot of a lot of good amenities I'm just concerned about the price I am I'm thinking more of a price around $220 for this house given given the neighborhood and the the age of the house and the square feet of the house What do you think about that,sale
757,1,163.654,181.838,"Yeah totally Um So let's discuss this As I mentioned The age of the house should definitely not be a problem since it's been newly decorated Um We have made sure To replace all amenities with new ones So you don't have to worry about that for at least another 60 70 years Um And I don't understand your concern about the space and the available area Um Yes um I would say we could discuss lowering the price a little bit because of the available area What do you think About 235,000 I think I could go down by $5,000",sale
757,0,181.838,200.021,"Thanks for Thanks for letting me know about that stuff Um I think I need to go lower than $235,000 primarily because um looking at neighboring houses that have similar characteristics Uh there's a house with 18 or 1,875 sq ft And that's listed at $233,600 So I wouldn't feel comfortable Purchasing a house above that price one has fewer square feet but very similar characteristics What would you be able to do About 228,000",sale
757,1,200.021,218.205,Um Just give me one second I have to go this because this with my wife Can I get back to you in a minute,sale
757,0,218.205,236.389,Yeah No problem,sale
757,1,236.389,254.572,I'm sorry Could you please repeat your offer again,sale
757,0,254.572,272.756,"Yes 228,000",sale
757,1,272.756,290.94,"Um I Yeah I think we could do 228,000 That sounds good Yeah",sale
762,1,0.0,23.347,I've got the recorded started under my anyhow Do you have yours,sale
762,0,23.347,46.693,Yes just started,sale
762,1,46.693,70.04,All right infections are to buy or she started conversation So,sale
762,0,70.04,93.387,okay Um so this house is really great it's really amazing and it's I believe that it's what I'm looking for Um So I'm really interested in reaching the negotiation I want to buy,sale
762,1,93.387,116.733,yeah,sale
762,0,116.733,140.08,a house is an investment property And so I'm trying to just find a great house like this one that I would be able to um you know to use according to what I want to do with it And I was also looking around looking at the neighborhood because it's I like this neighborhood and I like what we're uh you know I like the houses in this neighborhood Um So you know the other houses in the neighborhood have are different sizes and different prices And I know that you're asking for um you know I saw that your listing is or what did you say you're asking for this house,sale
762,1,140.08,163.427,"240,000",sale
762,0,163.427,186.773,"turned it Yeah I mean I love the house and everything but I just I'm not going to be able to do 40,000 So you know I just wanted to you know ask if there could be some sort of agreement because you know I really like it and you know I was looking at other other listings in in this neighborhood You know they're not as good as this one but they were asking for good and looking at the square feet there's houses that are that are bigger in this neighborhood I mean this house just fits in with what I want but But you know the other houses are bigger and they're asking for less money Um so I just wanted to you know ask because I can do to 10 Uh 210,000 Um you know as a buyer But you know how how does that sound for you",sale
762,1,186.773,210.12,Well you have to know that you are looking in a rather high end area Santonio park is very nice It's very competitive But not that many houses go on sale that often The last house that was sold was over three months ago So this is rather a rare opportunity and this is a bit of opinion But I have been to other places in this area and I would have to brag that this house is one of the nicer um pieces of real estate that you can get because although the other places have um a higher square feet The square footage on this house is not bad at all 1846 is pretty in the middle of these other listings and square foot is not the entire story The amenities on this house the new decorations the new refurbishing is unique to this location and in addition To 10 is simply too low If you look at the lowest selling price on the other houses That house has 1715 and that was to 13 K I'm asking for 2 40K Which we could have a little flex room but that's an entire 130 Extra sq ft,sale
762,0,210.12,233.467,Mhm Yeah Yeah I hear you I hear you Um So yeah maybe to 10 was a little low because,sale
762,1,233.467,256.813,Cool,sale
762,0,256.813,280.16,"you're right that that house is 17,000 17 15 Um But you know it's still not as as big as the other two houses which are you know for example there's a house that's selling for 18 75 and that houses selling for two 133,600 and 33,600 And I hear you I hear you with um with You know square footage isn't everything but you know it's still very important you know to 40 is just you know it's so much you know that's just something I can't do and I don't think you're going to find anybody who is you know is going to be able to pay that amount because we're going to see the others and they're going to see that So I hear you I understand you and you are the owner but Um How about 215,000 How does that sound",sale
762,1,280.16,303.507,"I think you're a little low balling over here You see I do think this house has only been listed for a month And so waiting definitely is not a problem for other buyers And houses are only going to go up in price So as long as you get a good deal you're going to get more than enough return on your house in the future And Really that 1875 house like at least if you want to offer something around the price of that I can do it I can match the square foot price for the 23,000 235 is preferable but I'll go lower in that hour Match price with that house because this one really is a lot better And it just really has such like a modern design like it's four bedrooms what a recreation room like There's so much space to do with that You can convert the different bedrooms into office space and it's homey it's roomy you can raise the family or you could just do a lot of entertaining like this house is great",sale
762,0,303.507,326.853,Yeah,sale
762,1,326.853,350.2,Uh huh,sale
762,0,350.2,373.547,"Yeah I really really appreciate appreciate that a lot But it's just you know I'm buying this property because I'm you know it's an investment property Like you said Centerville is such a you know it's such a great place and I really really have been looking forward to buying a house here Um and I appreciate you matching it to that But I'm still the reason they're the whole reason why I'm buying this is to make a profit So unfortunately it's just really hard for me to buy a that to be able to do that If I'm You know I got to make a big profit in order for it to be worth my time and my money and all that and I appreciate that But uh would you be able to do 220,000 That's just so much closer to my price ridge And it would just Like I would be able to make profit with that It's just so much harder to make profit with uh with anything over 230,000",sale
762,1,373.547,396.893,"You can definitely make profit with this house Like you can take this house and you can immediately live in it It's already landscape it's ready furnished its already newly renovated Like there is nothing that you need to do when you move in And so if you honestly wanted to like salad in just a few years you can do that There's no work that you need to put into this piece of property And so I cannot go that low How about 227,000",sale
762,0,396.893,420.24,"okay 227,000 would allow me to Get a good a good profit all that I really really appreciate that I would love to take you up on that offer on 227,000",sale
767,1,0.0,11.383,Hello,no sale
767,0,11.383,22.766,Hi how are you,no sale
767,1,22.766,34.15,Good how are you,no sale
767,0,34.15,45.533,Okay,no sale
767,1,45.533,56.916,Um I think the buyer is too close to start,no sale
767,0,56.916,68.299,Sure Mhm Um So basically my ideal price for this would be probably about mm like 200 K,no sale
767,1,68.299,79.682,"right I guess Um That's a little pretty Low number Um I was hoping for $240,000 That's what the house was listed Um So I just wanted to hear like more about where you were coming from why you thought the house was valued at that and then we can kind of go from there",no sale
767,0,79.682,91.066,Sure Well I do really like the amenities but um,no sale
767,1,91.066,102.449,Mhm,no sale
767,0,102.449,113.832,I think it's important to realize that like most houses of this size do not sell for that much money just in terms of like even just square feet Um Also just in terms of the age of the house to like it's a 1947 split level So um obviously there's like a bit of a drawback there in terms of like the amount of work that it's going to need on the property etcetera,no sale
767,1,113.832,125.215,"Yeah I'm I for sure see where you're coming from I guess given the square foot um An average lighthouse listed under 1700 and 15th graffiti is about 213,000 That's 13,000 above what you're asking for And then our house is more more than that So that's I think where my apprehensions are coming from Um Yeah I also think that you know obviously this is my house I put it so much into it so there is that coming in from it but it's very much like newly decorated It's super comfortable it's updated um And I know for a fact that the value of the home is only going to go up",no sale
767,0,125.215,136.598,Sure,no sale
767,1,136.598,147.982,and the future fighting would be a great investment,no sale
767,0,147.982,159.365,"So I think with that in mind I guess I would be willing to go as high as maybe like 220,000 just given like the square footage It kind of falls in between those two listings that we have here And so obviously I think it belongs in that range And I think that's a decent asking price in terms of like I understand that like there's been a lot put into it but it's also like um I think it should probably match what some of these other properties are selling for in terms of the market",no sale
767,1,159.365,170.748,Yeah I I obviously appreciate you going up and I think that's like very considerate and like definitely thank you for going up But also I think for me just knowing how much I put into the house how much Um like it's expected to value in the next 5-10 years That's still a little low Would you be willing to do something like 2:40,no sale
767,0,170.748,182.131,Um Probably not I think it would have to be lower than that Um Maybe I could go with like 225,no sale
767,1,182.131,193.514,You think you'd be able to do like maybe a little bit higher than that,no sale
767,0,193.514,204.898,Um I'd be willing to go up to like 227 I suppose just in terms of like that's on the that still fits in that range for the square footage and I think respects the fact that there are still a lot of amenities,no sale
767,1,204.898,216.281,Um,no sale
767,0,216.281,227.664,Uh huh,no sale
767,1,227.664,239.047,Yeah I mean obviously I was hoping for like something around 2:30 Um,no sale
767,0,239.047,250.43,Mhm,no sale
767,1,250.43,261.814,So if you're willing to go to 2 30 I'm definitely willing to have a deal right here and then um,no sale
767,0,261.814,273.197,Could we compromise on say like 228,no sale
767,1,273.197,284.58,yeah you know that works,no sale
773,1,0.0,5.4,afternoon Good afternoon,no sale
773,0,5.4,10.8,Good afternoon,no sale
773,1,10.8,16.2,or is it,no sale
773,0,16.2,21.6,I am doing well How about you,no sale
773,1,21.6,27.0,Excellent thank you very much,no sale
773,0,27.0,32.4,Glad to hear Glad to hear,no sale
773,1,32.4,37.8,I understand you're going to buy my house,no sale
773,0,37.8,43.2,Yes that is the case,no sale
773,1,43.2,48.6,Well hopefully we can come Just a good agreement for both of us Mutual agreement and then our in our bonus money,no sale
773,0,48.6,54.0,Of course of course Let's see I have never done anything like this So how,no sale
773,1,54.0,59.4,I,no sale
773,0,59.4,64.8,does,no sale
773,1,64.8,70.2,just,no sale
773,0,70.2,75.6,it,no sale
773,1,75.6,81.0,didn't,no sale
773,0,81.0,86.4,usually,no sale
773,1,86.4,91.8,want,no sale
773,0,91.8,97.2,go,no sale
773,1,97.2,102.6,to I've done it,no sale
773,0,102.6,108.0,Mhm,no sale
773,1,108.0,113.4,"once before Um Kellogg Um but my asking price is 240,000 Um",no sale
773,0,113.4,118.8,Yes,no sale
773,1,118.8,124.2,"It since my little park It's a great name Perfect neighborhood Couldn't have a better neighborhood anywhere in the U S Or even the world for that matter I think that's a very fair price 2400 240,000 Um What do you think to have a deal",no sale
773,0,124.2,129.6,"Well I I do like the house very much but I see that there are there is a there is a house in the in the in a similar neighborhood for about 213,000 And I was wondering if you could go a little lower",no sale
773,1,129.6,135.0,"Um Of course I go a little lower Um How about um $239,000",no sale
773,0,135.0,140.4,Mm That is still on the on the on the high range for housing in the neighborhood How,no sale
773,1,140.4,145.8,It's,no sale
773,0,145.8,151.2,about,no sale
773,1,151.2,156.6,a great,no sale
773,0,156.6,162.0,let's How about how about 200 and How about 225,no sale
773,1,162.0,167.4,"um Well I like that's pretty low for me Um I would like to go um to um but 200 30,000 please",no sale
773,0,167.4,172.8,the neighborhood house were in with about 8 18 75 square feet Goes for 233 and your has a little smaller than that So maybe let's go shoot mm 2 28,no sale
773,1,172.8,178.2,We have a deal,no sale
778,0,0.0,5.176,back,sale
778,1,5.176,10.351,Hey There we,sale
778,0,10.351,15.527,Alright,sale
778,1,15.527,20.702,go,sale
778,0,20.702,25.878,There we go there [PERSON] recording now,sale
778,1,25.878,31.053,All right Should be should be dug into this thing then,sale
778,0,31.053,36.229,Yeah that sounds good Um,sale
778,1,36.229,41.404,Cool Um Well thank you for coming to the housing thing again Was really excited that you were into the place hoping that we can reach a closed agreement right now So you know I just to you know try to like we've only got a little bit of time here Um,sale
778,0,41.404,46.58,Mhm,sale
778,1,46.58,51.755,I was hoping that we could go for like 2:45,sale
778,0,51.755,56.931,2:45 Okay so I was thinking a little lower than that So definitely it was really happy to see the house um,sale
778,1,56.931,62.106,Mhm,sale
778,0,62.106,67.282,when we came by and it's really beautiful You know we also have the factory that gives us some sort of overview of recent transactions etc,sale
778,1,67.282,72.458,Yeah,sale
778,0,72.458,77.633,Um I am thinking more in the range of around 220 so um especially when I was thinking about some recent houses that have sold in the neighborhood Um if you look at the 1875-5-foot one which,sale
778,1,77.633,82.809,Mhm,sale
778,0,82.809,87.984,is quite a bit larger than the current house that also sold for much lower than our current off price Um so with that lessons in mind if you can settle somewhere around around 20-25 that would usually appreciate it because I really love the place Um and I want to live in the area but I kind of have a budget constraint here as we all do,sale
778,1,87.984,93.16,Okay so hold on So I want to make sure that we're on the same page,sale
778,0,93.16,98.335,Mhm,sale
778,1,98.335,103.511,"Um So Just so that I heard you so I'm you know I'm asking to 45 you're asking to 20 which leads that there's really a $25,000 difference here",sale
778,0,103.511,108.686,Mhm,sale
778,1,108.686,113.862,"Um You mentioned that the counterpoint was the place that was selling for 1875 Um at 2:33 and you were trying to undercut that by 13,000 is that correct",sale
778,0,113.862,119.037,Right because our space is about what is that like 30 40 square feet less than that Um,sale
778,1,119.037,124.213,Uh,sale
778,0,124.213,129.388,So I would be okay with the same ballpark um but logically I would think it should go less than 2 33 done,sale
778,1,129.388,134.564,Okay fair enough Um,sale
778,0,134.564,139.74,[PERSON],sale
778,1,139.74,144.915,Let me ask you this what is your like family situation here What what are you trying to optimize for outside of price,sale
778,0,144.915,150.091,so basically trying to optimize for you know the location I'm the style of the house Um there were a couple of things that we saw in other houses that you know fit better but I feel like this place has kind of around the same amount of area we're looking for we're not looking for a super huge place um and the split level style you know it really works for us to give like privacy when you're working etcetera So,sale
778,1,150.091,155.266,Mhm,sale
778,0,155.266,160.442,there are a couple of places we were looking at which like had some advocates and didn't have the others Um But really right now I think that what's really important is within the parameters that we're looking for prices is quite important at the moment because we're a young family we're looking for something early on um which is why that is the case,sale
778,1,160.442,165.617,Roger So just so just to be clear you're you're looking to close quickly Um You are you have a young families you might have asked how big the family is,sale
778,0,165.617,170.793,Ah yeah sure It's a three person family,sale
778,1,170.793,175.968,three person Are you thinking about expanding the family at all or is it you know it's uh you your spouse and I assume your kid and that's that's gonna be it,sale
778,0,175.968,181.144,Yeah we might expand um one of our admire my spouse's parents might um come live with us in the future we're undecided,sale
778,1,181.144,186.319,Right,sale
778,0,186.319,191.495,on that Um,sale
778,1,191.495,196.671,So,sale
778,0,196.671,201.846,But that was definitely on the table,sale
778,1,201.846,207.022,God It's what I'm hearing is four beds would be valuable,sale
778,0,207.022,212.197,Exactly,sale
778,1,212.197,217.373,Got it Okay Um I also heard that you're looking for that style is important correct Maybe not as important as price but still quite important,sale
778,0,217.373,222.548,Um Yeah I think that's about right It's it's less important It's like it's good to have we would be okay,sale
778,1,222.548,227.724,Okay,sale
778,0,227.724,232.899,with house that's all in on the ground floor for example Um,sale
778,1,232.899,238.075,Yeah,sale
778,0,238.075,243.25,But it's also just look straight here in my opinion,sale
778,1,243.25,248.426,for sure Um And is it reasonable to say that your um that that is like this second consideration set,sale
778,0,248.426,253.601,Mhm,sale
778,1,253.601,258.777,Okay So its price is number one Um like style of the house is # two Um you said that the neighborhood is # three Did I hear that correctly,sale
778,0,258.777,263.953,Um I think neighborhood will be number two and then,sale
778,1,263.953,269.128,Okay,sale
778,0,269.128,274.304,the side of the house is really number three because we're pretty flexible um in terms of like figuring out room you know allocation etcetera So we could,sale
778,1,274.304,279.479,Mhm,sale
778,0,279.479,284.655,potentially do it like a three bedroom and three were available Um,sale
778,1,284.655,289.83,Gotcha,sale
778,0,289.83,295.006,And there are some options there but neighborhood is potentially more important than that,sale
778,1,295.006,300.181,Okay that's that's fair Um Are there any other uh consideration sets Outside of those 3,sale
778,0,300.181,305.357,Um I think those three are the most important,sale
778,1,305.357,310.532,But So here's the thing I can't close it to 20 that just that the economics just don't make sense,sale
778,0,310.532,315.708,Uh,sale
778,1,315.708,320.883,based,sale
778,0,320.883,326.059,huh,sale
778,1,326.059,331.235,on that consideration set If you are willing to move on price what I can tell you is that if your search is only located in centennial Park this is the nicest house in the area which justifies the higher price If prices you're considering is your sole consideration like depending on weights you should go with one of the other offers,sale
778,0,331.235,336.41,Okay Um just to understand,sale
778,1,336.41,341.586,Uh huh,sale
778,0,341.586,346.761,how you would be comparing this house to the other houses how,sale
778,1,346.761,351.937,Yeah,sale
778,0,351.937,357.112,do you think this house is nicer or better than maybe the comparable ones in the neighborhood,sale
778,1,357.112,362.288,Um That is a great question Um The information I have tells me that it is because of the way that it is,sale
778,0,362.288,367.463,Okay,sale
778,1,367.463,372.639,Mhm I don't have anything else to tell you other than like my sheet says this house is dope,sale
778,0,372.639,377.814,Okay Because to be very honest you know a lot of the amenities that I'm seeing for this house are pretty you know within the bounds of what we're expecting for a few of the other houses as well,sale
778,1,377.814,382.99,Okay,sale
778,0,382.99,388.165,Um And hence is coming down to maybe you know looking at a poor square feet thing I didn't I haven't done my math out here I could open Excel and do that um if we want,sale
778,1,388.165,393.341,what,sale
778,0,393.341,398.517,but,sale
778,1,398.517,403.692,I did and the other ones are all in the rain like this one is this one is higher price You're absolutely right,sale
778,0,403.692,408.868,Mhm,sale
778,1,408.868,414.043,The other ones are per square foot about a Buck 24 Like somewhere between the low end is about 24 37 The high end is about 24 79,sale
778,0,414.043,419.219,Mhm,sale
778,1,419.219,424.394,Um Okay Let me just do some math at the 245 offer at 1876 It's we're looking at Um six we're looking at $8 a square foot more for this one Now with that premium again what you're getting is a premium product if that's not valuable to you go with one of the other options if that is valuable to you But we're still talking about you know we're still talking you know relative levels of price here you know and we can figure out a way that works out economically for both of us Like that sounds great,sale
778,0,424.394,429.57,Mhm Sure,sale
778,1,429.57,434.745,but,sale
778,0,434.745,439.921,So,sale
778,1,439.921,445.096,prices,sale
778,0,445.096,450.272,yeah,sale
778,1,450.272,455.447,of ultimate consideration it's you know I just I can't afford to 20,sale
778,0,455.447,460.623,Got it So I understand if you can't afford to play Um and you know some of the I don't know if some of these um other offers what timeline that we made on etc So how about we do this um you're thinking to 45 and think 20 the middle ground and that is let's say we have that's a 25 different so that puts us like 232 So and and this 18 75 square feet house And I'm looking at um which seems to be the most compatible with 2 33 600 like let's say 2 30 for So if we can do something around 2 32 to 32 That would be great if you can do that,sale
778,1,460.623,465.799,Um I can do to 35,sale
778,0,465.799,470.974,2 35 Can you do even a couple of 1000 Yes,sale
778,1,470.974,476.15,now that's honestly it's I'm telling you right now that is my that is my that is my four,sale
778,0,476.15,481.325,I see Okay um Let's see a couple of other things so I see that there is a detached garage,sale
778,1,481.325,486.501,Mhm,sale
778,0,486.501,491.676,Um Are there any other things on the table for you that you weren't potentially planning on on bringing into the deal or,sale
778,1,491.676,496.852,Yeah,sale
778,0,496.852,502.027,selling things like furniture um that we can bring in here,sale
778,1,502.027,507.203,Yeah Fantastic fantastic idea Number one very good integrative negotiation tactic they're very impressed Um I can give you the furniture that is in there I can also be flexible on moving dates,sale
778,0,507.203,512.378,Okay,sale
778,1,512.378,517.554,Uh you know like whatever you know more than happy to uh to work in whatever whatever makes the most sense,sale
778,0,517.554,522.729,Okay Um What were the moving date you were thinking about right now What,sale
778,1,522.729,527.905,Uh,sale
778,0,527.905,533.081,is,sale
778,1,533.081,538.256,huh,sale
778,0,538.256,543.432,what is the most desirable for you,sale
778,1,543.432,548.607,Yeah I can get out now I can also get up into I think up to a year from now so it's honestly whatever grows the pie on your end like let's,sale
778,0,548.607,553.783,Mhm,sale
778,1,553.783,558.958,do that because let's say that you're working with me on price so I'm more than happy to work with you somewhere else,sale
778,0,558.958,564.134,Okay I'm just looking at the information we have your okay and you also mentioned um you will be able to you will be happy to to sell the furniture potentially,sale
778,1,564.134,569.309,Sure,sale
778,0,569.309,574.485,Okay And do you have any preference on that in terms of whether you would prefer to move on it move with it um to your new place or what kind of price you'll be able to do on the furniture because you know if I can take that off your hands and reduce the houses and um then I,sale
778,1,574.485,579.66,Yeah,sale
778,0,579.66,584.836,"would love to gain some ground and even you know a few $1,000 on the price if you can do that",sale
778,1,584.836,590.012,Um Yeah let's do it I mean it's it's nice furniture Um you know it's a it's a beautiful house filled with beautiful things Um,sale
778,0,590.012,595.187,Mhm,sale
778,1,595.187,600.363,I can probably part with it for five grand,sale
778,0,600.363,605.538,Okay um so if you're doing five plan outside of the house price,sale
778,1,605.538,610.714,Mhm,sale
778,0,610.714,615.889,um just thinking about what value the springs here you know what what kind of moving expenses where you would just save you essentially,sale
778,1,615.889,621.065,Almost,sale
778,0,621.065,626.24,Oh,sale
778,1,626.24,631.416,none,sale
778,0,631.416,636.591,okay Um Well that's okay so were you planning to move yourself Is that why it's so so much easier,sale
778,1,636.591,641.767,Right and I'm you know retired and have lots of time so you know that it's really not a consideration,sale
778,0,641.767,646.942,Okay,sale
778,1,646.942,652.118,Yeah like if it's if it's doing you a solid like let's do it,sale
778,0,652.118,657.294,Yeah I mean I would be happy to do that if you could give me some more room on the price,sale
778,1,657.294,662.469,I can't I'm sorry I,sale
778,0,662.469,667.645,Uh,sale
778,1,667.645,672.82,have,sale
778,0,672.82,677.996,huh,sale
778,1,677.996,683.171,you know like debt considerations to take,sale
778,0,683.171,688.347,mm,sale
778,1,688.347,693.522,care of,sale
778,0,693.522,698.698,I understand Okay um so you're saying that the The most you can do is still 35 Can't even go a little lower than that,sale
778,1,698.698,703.873,The lowest I can do is to 35 That's correct,sale
778,0,703.873,709.049,Okay Um Okay to 35 is is pretty much pushing my range essentially I can't go higher than 205,sale
778,1,709.049,714.224,Terrific,sale
778,0,714.224,719.4,Um So I think we'll have to settle on that but you know would have really appreciated a bigger gun little lower but I guess we can we can settle to that now,sale
780,0,0.0,8.614,Okay,sale
780,1,8.614,17.228,Yeah,sale
780,0,17.228,25.842,thank you All right Um Yeah so I guess I can kind of start because I guess I like saw the listing for the house first,sale
780,1,25.842,34.456,okay,sale
780,0,34.456,43.071,"Um so I saw that the price that it was asking for was 20 240,000 Um But after like looking into like the details like I'd love I think that 20 that price is a little bit too steep given the actual value of the home Um So I'd love to hear what your idea of like a lower price could be",sale
780,1,43.071,51.685,just before talking about the price can you tell me more about what you're looking for in the house,sale
780,0,51.685,60.299,Yeah so I'm looking for a single family home Um But like I was ideally like the location and everything is great Um So that's a big selling point for me but in terms of the actual condition of the house and things inside the amenities appliances things like that things are a little bit more run down And so like I'm not looking for a huge decrease in the price but just a little bit more to kind of compensate for like the wear and tear you know,sale
780,1,60.299,68.913,Um So my house was actually nearly decorated Can you tell me more about the parts that were not satisfactory to your liking,sale
780,0,68.913,77.527,Yeah so I guess like there just weren't as many renovations like I'm looking for a newer house and yes it's like nice but it's just not up to par with what the asking price is asking for So I would love to hear um what ballpark you can think of of like what you'd be willing to um negotiate with,sale
780,1,77.527,86.141,I think I'd be interested in hearing what price you would be comfortable with My house has only been on the market for a month,sale
780,0,86.141,94.755,Yeah,sale
780,1,94.755,103.369,So we've had a few people come by so far um,sale
780,0,103.369,111.984,mm,sale
780,1,111.984,120.598,particularly houses take a few months to sell here and you know the pandemic and everything like I can hold on to my house and wait for someone else,sale
780,0,120.598,129.212,Mhm,sale
780,1,129.212,137.826,I mean I really do enjoy the area and I agree with you that the centennial Park area is really nice It's really safe like it's like some are now like the trees and are going to be nice and enjoying the park,sale
780,0,137.826,146.44,Yeah,sale
780,1,146.44,155.054,I can hear more about what would be acceptable range to you That might help us come up with something in the next 10 15,sale
780,0,155.054,163.668,"All right Yeah so um I guess I'd start like maybe like okay 220,000 might be a good place to start",sale
780,1,163.668,172.282,Oh so that is a bit low for me Uh,sale
780,0,172.282,180.896,Mhm,sale
780,1,180.896,189.511,But they said the house has only been on the market for a month and Yeah the house is built in the 1900s but it's been nearly decorated We have really nice landscaping,sale
780,0,189.511,198.125,Mhm,sale
780,1,198.125,206.739,100 lots of places within walking distance,sale
780,0,206.739,215.353,Yeah,sale
780,1,215.353,223.967,So what would you think About 200 35,sale
780,0,223.967,232.581,still higher than I would like definitely Um I totally understand that this is like a new house but I feel like also with that like with my offer that I'm giving you like if you can obviously you don't want a house to be on the market for very long So I feel like my value proposition is pretty good in terms of like you're selling the house pretty quickly um so I could go up like maybe like 220 for even,sale
780,1,232.581,241.195,I would do to 30 if you would do that,sale
780,0,241.195,249.809,2 30 Um How about like 2 25,sale
780,1,249.809,258.424,I'm not going to go below the 2:30 but we can talk about other things um in the negotiations Like would you like any of the appliances in there We have like really nice hardwood floors I can bring in a cleaner just like that extra polish or,sale
780,0,258.424,267.038,Mhm,sale
780,1,267.038,275.652,move in I'm not sure like what parts of the house brought you to Besides the location like he said,sale
780,0,275.652,284.266,Yeah,sale
780,1,284.266,292.88,um when you visited before that you showed a keen interest in buying this house and I'm just not sure like what parts really appeal to you,sale
780,0,292.88,301.494,Yeah it's more of like the finer details that like I would love to change spaces like great you know location obviously great Um Yeah so like honestly there are lots of parts that appeal to me it's just like you know just like smaller things that you know once I move into a house I like ideally would not want to like you know do renovations of like smaller things have to like bring in new appliances and things like that Um So that those are just like the smaller things that I would want to change um Two And you said 20 230 How about like 2 27,sale
780,1,301.494,310.108,"Mm So that's 13,000 below the asking price So",sale
780,0,310.108,318.722,Mhm,sale
780,1,318.722,327.336,I,sale
780,0,327.336,335.951,I,sale
780,1,335.951,344.565,well,sale
780,0,344.565,353.179,mean but also like as a person that you're as a seller to I know you want to make as much profit as possible so like I understand that but you know like I'm also I also need this to be feasible for me financially to um and I think I'm giving you a pretty good offer based on like what I've been seeing in the market,sale
780,1,353.179,361.793,so what are the other houses that you visited And like what are those price ranges That,sale
780,0,361.793,370.407,Um Yeah I've seen lower prices for other houses in this in in like this area Um What just really drew me to this was kind of like the spaces like great for like what I'm looking for for my family and so just things are more conducive towards that So that's why I was drawn to this house Um Yeah Um I don't know if you consider that offer that I just put on the table of like 227 like that would be awesome,sale
780,1,370.407,379.021,What about 2 29 Uh I think something else to consider is that it's been a few months since the last house was sold in the area and when those houses are sold Those went for 2:39 - 33,sale
780,0,379.021,387.635,Mm,sale
780,1,387.635,396.249,Yeah what you're asking is below the 230 that Well I originally asked her to 40 which is due to like the rising housing prices and just like the general of peace that we've been doing since we've been saying at the time home in the last few months,sale
780,0,396.249,404.864,Yeah,sale
780,1,404.864,413.478,Um Yeah So would you consider it to 29,sale
780,0,413.478,422.092,Where can we meet in the middle Maybe at like 228 then How about that,sale
780,1,422.092,430.706,Well you can go,sale
780,0,430.706,439.32,Yeah Okay awesome I'd be good with that,sale
786,1,0.0,9.863,Hello,no sale
786,0,9.863,19.725,Hello,no sale
786,1,19.725,29.588,are you,no sale
786,0,29.588,39.451,Um,no sale
786,1,39.451,49.314,recording,no sale
786,0,49.314,59.176,Yeah are you recording,no sale
786,1,59.176,69.039,yep All good Okay,no sale
786,0,69.039,78.902,Okay Sounds good,no sale
786,1,78.902,88.764,so,no sale
786,0,88.764,98.627,Oh,no sale
786,1,98.627,108.49,I am supposed to start right The seller,no sale
786,0,108.49,118.352,Oh no I I thought the buyer was supposed to start,no sale
786,1,118.352,128.215,Okay go ahead,no sale
786,0,128.215,138.078,Okay well um I don't know Maybe I'm wrong but hopefully it's,no sale
786,1,138.078,147.941,Yeah,no sale
786,0,147.941,157.803,well yeah I'm really interested in your property It looks like a really good property Um I was looking at asking price The thing is that it's just like kind of an old house since it was built around 70 years ago So I think um something around like to 10 would be a good price for me,no sale
786,1,157.803,167.666,"I see The thing is I know it's an older house but it has been renovated a lot You know we have a lot of very nice um updated parts of the house such as like the outdoors area Um You know we fix that pretty recently I moved in and updated the house um And I'm looking to sell it For about 240,000 at the asking price Like I think it's pretty fair As you said a pretty nice house has a lot of rooms and yeah it's quite a bit of space to",no sale
786,0,167.666,177.529,Yeah To be honest I think the asking price is a little bit high considering that it is about seven years old And even though you have renovated it there are aspects of the home that can't be fixed or like haven't been fixed Like it still has an old roof and still has potential for problems like leakage um That I am worried about that I'll probably have to renovate myself So the reason that I would want to pay less is because I would need to put more money into it What is like uh kind of like the lowest price you're willing to go,no sale
786,1,177.529,187.391,"lowest price I'm willing to go about 200 30,000",no sale
786,0,187.391,197.254,230,no sale
786,1,197.254,207.117,Yeah you,no sale
786,0,207.117,216.979,Uh,no sale
786,1,216.979,226.842,"know that's already 10,000 less than I when I'm originally asking for Um Plus my purchasing price like I it has like you know the value property value has increased over the years I have put in my own money to like work on updating the amenities Um And even with the roof problem I do think that That is easily fixed I don't think it'll cost like you know since you asked for 210,000 I feel like $40,000 it's not necessary for fixing the roof you know",no sale
786,0,226.842,236.705,"Yeah actually fixing a roof usually cost $10-$20,000 And then plus I'm sure I'll have",no sale
786,1,236.705,246.568,Yeah,no sale
786,0,246.568,256.43,other fixes in the house And it's not just like these problems of the dating It's also kind of a small house Like I've done the camps on houses nearby and a house that's like a similar Size sold for around 2 33 Another one was to 13 Um so I think like 2:30 is a generous price for this type of house considering another one sold for 213,no sale
786,1,256.43,266.293,that's TRUE But how recently was it sold is also another question because like I I don't know how recently has been for that Um You've been looking into it of course Um But I think it's reasonable compared to comparable homes in Centerville it's been at least several months I think since the last house was sold Um And since a lot of the houses seem to be getting bought up anyway I don't think anyone's gonna move out any time soon in the area Um We have a lot of you know very I think my house is one of the nicest house in the area is what I'm trying to say Um And also just really close to a lot of I'm uh amenities nearby as well which,no sale
786,0,266.293,276.156,Mm hmm,no sale
786,1,276.156,286.018,is what pricing it as such,no sale
786,0,286.018,295.881,Yeah it is a nice house Just the 2:30 is a little bit high for you know what it does offer It is four bedrooms There are other houses I think there are five bedrooms in the area Similar price What about something like um 225,no sale
786,1,295.881,305.744,"I I don't know if I want to compromise quite that much I mean to me personally I like I said I put a lot of work into keeping this house updated and keeping the living areas pretty good and I think houses in the area don't compare in that aspect in that they haven't been as well taken care of or is updated Um Yeah I understand your problem with the roof but you know you know I still think that my house is worth At least 230,000",no sale
786,0,305.744,315.606,Mhm,no sale
786,1,315.606,325.469,just from all the work and love I put into it,no sale
786,0,325.469,335.332,Yeah I just sold my house to I think everyone always thinks their house is worth a lot Um Not saying that yours isn't worth a lot It is a nice house but I think the truth is it's old It's not as big as the other houses It also has kind of a weird style because it's split level Um Not as common as the other homes which are colonial That's like the most popular style So I do think that there will be some trouble selling it long term if you don't budge that much from the price So if you know 2:30 is like your lowest and best price I wouldn't be willing to meet you at 2:30 PM,no sale
786,1,335.332,345.195,"Yeah I see My thing is just that I You know my asking price was 240 so already loaded lowered it uh 10,000 for you at this moment So like you know I I guess you asked 2 25 I asked to 40 to 30 What if we just meet in the middle What do you think",no sale
786,0,345.195,355.057,Yeah I think that's a great idea How about like 2:27 5,no sale
786,1,355.057,364.92,I think that's fair,no sale
788,0,0.0,2.071,Yeah yo,no sale
788,1,2.071,4.141,Hey how are,no sale
788,0,4.141,6.212,what's,no sale
788,1,6.212,8.283,you,no sale
788,0,8.283,10.354,good,no sale
788,1,10.354,12.424,Mhm,no sale
788,0,12.424,14.495,I'm pretty good Sorry my apartment's,no sale
788,1,14.495,16.566,Come on,no sale
788,0,16.566,18.637,really bad right now Um Yeah anyways um,no sale
788,1,18.637,20.707,mm,no sale
788,0,20.707,22.778,looks like I'm supposed to make an offer Um If I don't know we'll,no sale
788,1,22.778,24.849,Yeah,no sale
788,0,24.849,26.919,start the bidding at uh Uh we'll start the bidding at like,no sale
788,1,26.919,28.99,mm,no sale
788,0,28.99,31.061,221-20,no sale
788,1,31.061,33.132,you know this house is in a really really good location there's like a lot of amenities that are there You know you got two fireplaces I'm thinking to 20,no sale
788,0,33.132,35.202,Yeah,no sale
788,1,35.202,37.273,might just be a little too low for what I have to offer here and what Mhm,no sale
788,0,37.273,39.344,see I really,no sale
788,1,39.344,41.414,Yes,no sale
788,0,41.414,43.485,need it so on on uh see what I'm thinking here is that they give me,no sale
788,1,43.485,45.556,Mhm,no sale
788,0,45.556,47.627,a description of all these amenities Uh huh But I have no idea what all these,no sale
788,1,47.627,49.697,mm,no sale
788,0,49.697,51.768,other houses have in terms of amenities and you No I'm going to guess so I don't know you saying you have such cool amenities is really like a nice selling point here,no sale
788,1,51.768,53.839,Mhm,no sale
788,0,53.839,55.91,Um,no sale
788,1,55.91,57.98,So you're talking about the other Okay I see what you're talking about I see what you're talking about however as you no this is like one of the few houses on,no sale
788,0,57.98,60.051,Mhm,no sale
788,1,60.051,62.122,the market here right,no sale
788,0,62.122,64.192,If,no sale
788,1,64.192,66.263,and like there hasn't been another household here in a minute so this would really be the best thing for your book with the location and everything So what do you think about maybe 2 35 Oh,no sale
788,0,66.263,68.334,uh no uh,no sale
788,1,68.334,70.405,uh No,no sale
788,0,70.405,72.475,um Maya um my my I'm going to encounter your claim that houses having,no sale
788,1,72.475,74.546,Yes,no sale
788,0,74.546,76.617,sold in a minute,no sale
788,1,76.617,78.688,quote,no sale
788,0,78.688,80.758,um by saying,no sale
788,1,80.758,82.829,Yeah,no sale
788,0,82.829,84.9,yeah housing values,no sale
788,1,84.9,86.97,mm,no sale
788,0,86.97,89.041,have risen rapidly brazil for the last few years which means um,no sale
788,1,89.041,91.112,value,no sale
788,0,91.112,93.183,they are selling,no sale
788,1,93.183,95.253,has,no sale
788,0,95.253,97.324,quite rapidly Yeah,no sale
788,1,97.324,99.395,mm,no sale
788,0,99.395,101.466,because yeah mm You know to 35 is not gonna,no sale
788,1,101.466,103.536,mm,no sale
788,0,103.536,105.607,not gonna do it for me Um Okay Okay Uh mm,no sale
788,1,105.607,107.678,that's a lot,no sale
788,0,107.678,109.748,And they only,no sale
788,1,109.748,111.819,of time,no sale
788,0,111.819,113.89,give us 15 minutes as,no sale
788,1,113.89,115.961,but,no sale
788,0,115.961,118.031,a lot,no sale
788,1,118.031,120.102,like,no sale
788,0,120.102,122.173,of time,no sale
788,1,122.173,124.243,it definitely has been,no sale
788,0,124.243,126.314,Yeah,no sale
788,1,126.314,128.385,several months since the last house was sold in this area,no sale
788,0,128.385,130.456,Did they give you that Because they didn't give me that,no sale
788,1,130.456,132.526,Well yeah it's definitely been several months Um,no sale
788,0,132.526,134.597,Yeah,no sale
788,1,134.597,136.668,Uh huh the values,no sale
788,0,136.668,138.739,Mhm,no sale
788,1,138.739,140.809,have risen because the area is just such a beautiful area,no sale
788,0,140.809,142.88,Then,no sale
788,1,142.88,144.951,and you know you want to live,no sale
788,0,144.951,147.021,several months ago So the house I don't know if,no sale
788,1,147.021,149.092,not,no sale
788,0,149.092,151.163,you're,no sale
788,1,151.163,153.234,since,no sale
788,0,153.234,155.304,in a position,no sale
788,1,155.304,157.375,I've,no sale
788,0,157.375,159.446,to be asking,no sale
788,1,159.446,161.517,sold a,no sale
788,0,161.517,163.587,for,no sale
788,1,163.587,165.658,house,no sale
788,0,165.658,167.729,such a high,no sale
788,1,167.729,169.799,since,no sale
788,0,169.799,171.87,price,no sale
788,1,171.87,173.941,the last house was sold in this area,no sale
788,0,173.941,176.012,Mhm,no sale
788,1,176.012,178.082,so like this location is really a prime spot and it's not like a lot of people are trying to sell in this location Yeah,no sale
788,0,178.082,180.153,Well if nobody there hasn't been a household in a,no sale
788,1,180.153,182.224,that's,no sale
788,0,182.224,184.294,long,no sale
788,1,184.294,186.365,because,no sale
788,0,186.365,188.436,time,no sale
788,1,188.436,190.507,people really,no sale
788,0,190.507,192.577,then,no sale
788,1,192.577,194.648,love the area They're not selling like that in this area just because it's so beautiful,no sale
788,0,194.648,196.719,mm the number he wants to,no sale
788,1,196.719,198.79,Mm,no sale
788,0,198.79,200.86,move in if nobody's buying houses,no sale
788,1,200.86,202.931,but,no sale
788,0,202.931,205.002,question,no sale
788,1,205.002,207.072,like,no sale
788,0,207.072,209.143,that,no sale
788,1,209.143,211.214,there's a large eat in kitchen,no sale
788,0,211.214,213.285,surrendered,no sale
788,1,213.285,215.355,though,no sale
788,0,215.355,217.426,in your,no sale
788,1,217.426,219.497,with all appliances,no sale
788,0,219.497,221.568,ah,no sale
788,1,221.568,223.638,Mhm,no sale
788,0,223.638,225.709,you got me there Okay fine Um let's see let's do some uh appendix two,no sale
788,1,225.709,227.78,mm,no sale
788,0,227.78,229.85,available to both,no sale
788,1,229.85,231.921,I,no sale
788,0,231.921,233.992,buyer,no sale
788,1,233.992,236.063,see what,no sale
788,0,236.063,238.133,and,no sale
788,1,238.133,240.204,you're looking,no sale
788,0,240.204,242.275,seller,no sale
788,1,242.275,244.346,at here,no sale
788,0,244.346,246.416,Okay yeah look at that real quick Mhm Uh,no sale
788,1,246.416,248.487,Not quick,no sale
788,0,248.487,250.558,And,no sale
788,1,250.558,252.628,miles,no sale
788,0,252.628,254.699,do some quick math on this Right sorry,no sale
788,1,254.699,256.77,Yeah,no sale
788,0,256.77,258.841,I'm any company greater and everything in the numbers um,no sale
788,1,258.841,260.911,Uh,no sale
788,0,260.911,262.982,Average price per square,no sale
788,1,262.982,265.053,huh,no sale
788,0,265.053,267.123,"foot you know Mhm Mhm Um 22 2 23,300 17 Trust me Right Mm Yeah This is looking closer to",no sale
788,1,267.123,269.194,Mm,no sale
788,0,269.194,271.265,2:30 range Not gonna,no sale
788,1,271.265,273.336,I,no sale
788,0,273.336,275.406,lie,no sale
788,1,275.406,277.477,think I have some information on that I just have to find it again hold on,no sale
788,0,277.477,279.548,Oh,no sale
788,1,279.548,281.619,No it was in here I lost it or no I forgot it's okay Um,no sale
788,0,281.619,283.689,Oh,no sale
788,1,283.689,285.76,Oh,no sale
788,0,285.76,287.831,yeah,no sale
788,1,287.831,289.901,yeah it's because so since as you said the values of these homes have been going up recently we just want to make sure that we're getting the best bang for our buck here you know and valuing ourselves where we deserve to be You know that's why it's a little bit higher And that square foot,no sale
788,0,289.901,291.972,Yeah,no sale
788,1,291.972,294.043,is that and the fact,no sale
788,0,294.043,296.114,Mhm,no sale
788,1,296.114,298.184,that you know it's a prime area,no sale
788,0,298.184,300.255,I,no sale
788,1,300.255,302.326,people,no sale
788,0,302.326,304.397,don't,no sale
788,1,304.397,306.467,want,no sale
788,0,306.467,308.538,know,no sale
788,1,308.538,310.609,to live here How do you,no sale
788,0,310.609,312.679,But,no sale
788,1,312.679,314.75,know,no sale
788,0,314.75,316.821,nobody wants to live there because nobody is playing,no sale
788,1,316.821,318.892,Okay,no sale
788,0,318.892,320.962,out,no sale
788,1,320.962,323.033,Yeah,no sale
788,0,323.033,325.104,Nobody wants to live,no sale
788,1,325.104,327.174,No,no sale
788,0,327.174,329.245,there Do,no sale
788,1,329.245,331.316,no no,no sale
788,0,331.316,333.387,he's,no sale
788,1,333.387,335.457,I,no sale
788,0,335.457,337.528,buying,no sale
788,1,337.528,339.599,didn't say,no sale
788,0,339.599,341.67,houses,no sale
788,1,341.67,343.74,nobody,no sale
788,0,343.74,345.811,You said,no sale
788,1,345.811,347.882,was buying,no sale
788,0,347.882,349.952,that,no sale
788,1,349.952,352.023,houses,no sale
788,0,352.023,354.094,one,no sale
788,1,354.094,356.165,I'm saying,no sale
788,0,356.165,358.235,time,no sale
788,1,358.235,360.306,people don't want to sell their,no sale
788,0,360.306,362.377,Yeah,no sale
788,1,362.377,364.448,houses because they love these homes so much like they live here and they're just like wow I never want,no sale
788,0,364.448,366.518,Mhm,no sale
788,1,366.518,368.589,to leave So people aren't really selling the houses in the area just because it's so beautiful and they just feel like it's the perfect spot for them,no sale
788,0,368.589,370.66,I don't know Sounds like,no sale
788,1,370.66,372.73,I don't know if,no sale
788,0,372.73,374.801,sounds,no sale
788,1,374.801,376.872,I can,no sale
788,0,376.872,378.943,like,no sale
788,1,378.943,381.013,do to 20,no sale
788,0,381.013,383.084,nobody's,no sale
788,1,383.084,385.155,What if we said 2 30 would you be to do too dirty,no sale
788,0,385.155,387.226,to third Yeah Just me Hmm I mean considering well that's what the square footage would suggest is to 30 based on all of them But um no no,no sale
788,1,387.226,389.296,Mm hmm,no sale
788,0,389.296,391.367,Trying to make an investment here Things would go a little bit lower,no sale
788,1,391.367,393.438,mm,no sale
788,0,393.438,395.508,Go,no sale
788,1,395.508,397.579,hmm,no sale
788,0,397.579,399.65,a little bit lower Um Yeah Mhm Yeah,no sale
788,1,399.65,401.721,What are you thinking,no sale
788,0,401.721,403.791,Mhm I'm thinking to 27,no sale
788,1,403.791,405.862,Mm,no sale
788,0,405.862,407.933,Yeah,no sale
788,1,407.933,410.003,Through 27 Would you be willing to do,no sale
788,0,410.003,412.074,Mhm,no sale
788,1,412.074,414.145,to 28 Okay I can,no sale
788,0,414.145,416.216,Yeah,no sale
788,1,416.216,418.286,do to,no sale
788,0,418.286,420.357,I'll,no sale
788,1,420.357,422.428,28,no sale
788,0,422.428,424.499,do 2,no sale
788,1,424.499,426.569,with you,no sale
788,0,426.569,428.64,28,no sale
792,0,0.0,9.96,Hello Are you ready to begin,sale
792,1,9.96,19.92,Hi,sale
792,0,19.92,29.88,Okay,sale
792,1,29.88,39.84,I am,sale
792,0,39.84,49.8,Just pull this up Yeah Um So I'm interested in buying the house and after looking at some,sale
792,1,49.8,59.76,What,sale
792,0,59.76,69.72,"comparable listings Um I'm just wondering how flexible you are on the price After looking at comparable listings and my budget I'm thinking that a fair price would be around 220,000",sale
792,1,69.72,79.68,So I'm looking for Probably a little more than that Um I know that this house is more expensive than other houses in the neighborhood but I really do think it is worth that value Um I do have some wiggle room and how low I'm willing to go but I do think that to 20 is probably going to be a little too low for me,sale
792,0,79.68,89.64,mm How much lower do you think you can go than the asking price,sale
792,1,89.64,99.6,I don't know that I would want to go Really much lower than 2:30,sale
792,0,99.6,109.56,Okay That seems fair I'm just looking at the Uh date in which it was built in 1947 That seems a bit old for that area Do you think Um we could kind of split the difference and go somewhere between 2 22 30,sale
792,1,109.56,119.52,Mm I'm not really sure how how how much are you willing To,sale
792,0,119.52,129.48,Yes,sale
792,1,129.48,139.44,go higher than 220,sale
792,0,139.44,149.4,Mm How would to 25 ft Would that still would that be okay for you just looking at the camps and the age of the house,sale
792,1,149.4,159.36,See I would maybe want to go a little above to 25 simply looking at the size of the house over 1800 square feet That puts in a comparable neighborhood that puts us firmly in the two thirties um with that size So I'm already cutting a pretty significant loss by going below 2 30 to begin with So I would like it closer to 2 30 than 2 to 20 If that's how low that we're going to be able to go,sale
792,0,159.36,169.32,Okay So if you want it closer to 30 than to 20 how about uh um 2 28 Would that be okay,sale
792,1,169.32,179.28,I can do to 28 Yeah,sale
799,1,0.0,5.094,Hi,no sale
799,0,5.094,10.187,Hi how are you,no sale
799,1,10.187,15.281,I'm good how are you Happy friday,no sale
799,0,15.281,20.374,Happy friday Are,no sale
799,1,20.374,25.468,I'm,no sale
799,0,25.468,30.561,you good with the recording,no sale
799,1,30.561,35.655,yeah I think I'm on Are you,no sale
799,0,35.655,40.748,I think so it says recording,no sale
799,1,40.748,45.842,all right,no sale
799,0,45.842,50.935,All,no sale
799,1,50.935,56.029,wow,no sale
799,0,56.029,61.122,right,no sale
799,1,61.122,66.216,this is kind of fun Um,no sale
799,0,66.216,71.309,Uh huh,no sale
799,1,71.309,76.403,Okay so yeah like I'm selling this house I'm really excited about it I poured my total heart and soul into renovating it and it's been a really good home for a while I just have to move because of my job So yeah I heard you're interested Tell me what you're thinking,no sale
799,0,76.403,81.496,Yeah I'm definitely interested Um And it looks like a nice house I definitely um would be interested in Uh Thinking more about it and I'm not sure when the most recent expections in the house was but I think that is definitely something that I'd be interested in doing Um And then thinking more about the price after that But I was also I was looking more um at similar prices in the area similar houses in the area and this this house seems to be priced a little differently Um,no sale
799,1,81.496,86.59,Yeah,no sale
799,0,86.59,91.683,So I think that you know I'm hoping I was hoping to come in a little lower with the with the final offer,no sale
799,1,91.683,96.777,Yeah,no sale
799,0,96.777,101.87,um is based on the houses in the area and the similarities,no sale
799,1,101.87,106.964,Yeah definitely So I can definitely be a little bit flexible but I do want to point out just a couple of things because I I agree with you I think when you look at like um some of the neighboring houses that can be a little confusing So,no sale
799,0,106.964,112.057,Mhm,no sale
799,1,112.057,117.151,the two main reasons why I'm pricing a little bit higher per square foot is one it's been a while since we've sold a house in this area it's gone up a law in property value so people aren't really leaving as often now and since the last house was sold which I think is probably what you're referencing like what your reference point is Those values have just increased quite a bit So this reflects just what the you know like current market price would be And then to um yeah so I know you asked about inspections I recently renovated the house It's all newly decorated Um It's like hardwood floor is very well maintained even the outside is updated landscaped Um So that's also part of the reason why I um am pricing it a little bit higher when I first bought it I really went in and took care of the house maintained it redid it and it really is like a new house which for this price I feel like I am um honestly going a little bit lower than I think I even could That being said definitely like I'm willing to work out you know some sort of bargain You seem like a good person who will take care of it and like I've poured my heart and soul into this house so I wanted to have a good owner,no sale
799,0,117.151,122.244,Okay Um awesome Well I see I mean I see that the house was built in 1947 so,no sale
799,1,122.244,127.338,Mhm,no sale
799,0,127.338,132.431,if you're saying that it looks like a new home um I think that that is that that's an interesting um That's pretty impressive I,no sale
799,1,132.431,137.525,Yeah,no sale
799,0,137.525,142.618,guess I I think the I thought the listings were based on current Homes that were for sale um,no sale
799,1,142.618,147.712,Mhm,no sale
799,0,147.712,152.805,like other listings that are current So the pricing still seems a little off but I you know I was hoping to come in closer to like 2:25,no sale
799,1,152.805,157.899,Um Yeah I mean that's a little bit lower than I feel comfortable with Especially even just looking at again these are outdated pricings but um even looking at like on a per square foot basis you know the one that's around the same size as mine is at 2 33 almost 2 40 And again mine has been really updated and again so these are like a couple of months out of date um like several,no sale
799,0,157.899,162.992,Well,no sale
799,1,162.992,168.086,months I think almost close,no sale
799,0,168.086,173.179,The one that,no sale
799,1,173.179,178.273,to,no sale
799,0,178.273,183.366,is,no sale
799,1,183.366,188.46,here,no sale
799,0,188.46,193.554,to 40 is is almost 1000 square feet bigger than,no sale
799,1,193.554,198.647,We're,no sale
799,0,198.647,203.741,your,no sale
799,1,203.741,208.834,sorry,no sale
799,0,208.834,213.928,house,no sale
799,1,213.928,219.021,sorry sorry not to 40 the 234 it's almost 2:34,no sale
799,0,219.021,224.115,Right Yeah I guess I was not I was not aware that the market changed that quickly and in such a short time,no sale
799,1,224.115,229.208,Yeah,no sale
799,0,229.208,234.302,if these posters are,no sale
799,1,234.302,239.395,I,no sale
799,0,239.395,244.489,really,no sale
799,1,244.489,249.582,mean,no sale
799,0,249.582,254.676,point,no sale
799,1,254.676,259.769,that's,no sale
799,0,259.769,264.863,out,no sale
799,1,264.863,269.956,the information I have here I've been you know consulting with um real estate investors even though I am selling by myself I'm trying to you know give a price That's what I would get with a broker Um,no sale
799,0,269.956,275.05,Right,no sale
799,1,275.05,280.143,Because,no sale
799,0,280.143,285.237,So,no sale
799,1,285.237,290.33,again I've really,no sale
799,0,290.33,295.424,you and,no sale
799,1,295.424,300.517,invested,no sale
799,0,300.517,305.611,I will yeah I guess you know when you're looking at this I'm seeing that you're you're in between this price of this house the sizes in between the first two,no sale
799,1,305.611,310.704,Yeah but I mean you know it's like like 20ft less than the second one,no sale
799,0,310.704,315.798,right,no sale
799,1,315.798,320.891,Um 20 ft smaller,no sale
799,0,320.891,325.985,But you're asking,no sale
799,1,325.985,331.078,which is,no sale
799,0,331.078,336.172,to,no sale
799,1,336.172,341.265,not a lot,no sale
799,0,341.265,346.359,40 and this one is 2:34,no sale
799,1,346.359,351.452,So how about this How about I dropped the price down 2-35 I think that's a happy medium because again remember that prices have gone up and also again like this doesn't really give information about the maintenance of that house You're more than welcome to go take a look at that one if you want to see a comparison of what the quality and condition of mine is And at the end of the day I think it's worth paying a little bit more so you're not going up to your knees and repairs you know,no sale
799,0,351.452,356.546,Yeah I think I think My I mean my asking was was to 25 So I think I'd be a little more comfortable coming into like maybe 2 28,no sale
799,1,356.546,361.639,Yeah man I just like look,no sale
799,0,361.639,366.733,or 2 30,no sale
799,1,366.733,371.826,Yeah I mean I'm starting at 2:40 and again I think that is still on the lower side for what I could be doing um Given the condition of the house and I just I'm not sure it makes a ton of sense for me to sell lower than like I think the lowest I would go to is like 233 so like right below that second house,no sale
799,0,371.826,376.92,Okay I would I'm good with 2:33,no sale
801,0,0.0,3.957,So I'm planning to buy in the house,sale
801,1,3.957,7.914,Mhm Okay I'm selling my house in Centerville,sale
801,0,7.914,11.871,Right And um can you give me a little bit information on the house please,sale
801,1,11.871,15.827,Yeah so it's,sale
801,0,15.827,19.784,Mhm,sale
801,1,19.784,23.741,four bedrooms It is a split level about 1846 sq ft of space And it has 2.5 bathrooms Sorry,sale
801,0,23.741,27.698,Okay And for what price are you selling it,sale
801,1,27.698,31.655,"I'd like to sell it for 240,000",sale
801,0,31.655,35.612,Yeah Uh That's a bit too much for me because This house was built in 1947 Right,sale
801,1,35.612,39.568,It's,sale
801,0,39.568,43.525,Yeah,sale
801,1,43.525,47.482,built in 1947 But it has finished Hardwood floors two fireplaces And we've kept it up really well,sale
801,0,47.482,51.439,Ah What if I want to have um what if I want to have like a check on the house and if I find any leaks and cracks you still need to bring it down,sale
801,1,51.439,55.396,"Well we had it checked and um it's in good condition so we'd really like to keep it for as close to 240,000 as possible It's also located in",sale
801,0,55.396,59.353,Yeah,sale
801,1,59.353,63.309,a really good location It's close to restaurants and parks,sale
801,0,63.309,67.266,Right But if I have a home inspection and if I have problems with the heating or the ventilation or the A C And stuff like that I can actually get a concession,sale
801,1,67.266,71.223,"The most I'd be willing to go down is to 230,000",sale
801,0,71.223,75.18,Yeah 430,sale
801,1,75.18,79.137,"Yeah so that's 10,000 less than what it's listed at",sale
801,0,79.137,83.094,Yeah,sale
801,1,83.094,87.051,Which would cover any I think because it's in a good condition I don't,sale
801,0,87.051,91.007,Mhm,sale
801,1,91.007,94.964,"think that there would be anything you have to renovate or change and be more than the 10,000 difference",sale
801,0,94.964,98.921,See you're planning to send it to me at 2.3 Right,sale
801,1,98.921,102.878,"That's the lowest I would do from from what I want is 240,000",sale
801,0,102.878,106.835,Why are you selling this house please,sale
801,1,106.835,110.792,I'm selling it because I had I've kept it up really well But it's four bedrooms and I don't need all the space anymore,sale
801,0,110.792,114.748,Yeah See you selling the house and moving because you don't want the house anymore,sale
801,1,114.748,118.705,Yeah it's four bedrooms and I just don't need all the space,sale
801,0,118.705,122.662,Okay Is it any is that has any personal to you Does it everything personal value,sale
801,1,122.662,126.619,Well I've lived in it for a long time I renovated it recently so I really love the house It's just too much,sale
801,0,126.619,130.576,But you,sale
801,1,130.576,134.533,No,sale
801,0,134.533,138.489,don't have a problem if I if I change it,sale
801,1,138.489,142.446,no,sale
801,0,142.446,146.403,like you,sale
801,1,146.403,150.36,no,sale
801,0,150.36,154.317,don't have any any any personal attachment to it,sale
801,1,154.317,158.274,no But I like the condition that it's in but I'm ready to move on and I whatever the next fire does I'm happy for them,sale
801,0,158.274,162.231,Mhm,sale
801,1,162.231,166.187,to change whatever they want,sale
801,0,166.187,170.144,Okay Um Okay so 2:30 that's what you said Right,sale
801,1,170.144,174.101,Yeah,sale
801,0,174.101,178.058,That's a bit too much for me actually,sale
801,1,178.058,182.015,What so what,sale
801,0,182.015,185.972,Right,sale
801,1,185.972,189.928,is it,sale
801,0,189.928,193.885,now,sale
801,1,193.885,197.842,what are you looking for in a house,sale
801,0,197.842,201.799,I'm looking for something around the reign of training,sale
801,1,201.799,205.756,Okay And how many bedrooms,sale
801,0,205.756,209.713,Uh,sale
801,1,209.713,213.669,were you looking for,sale
801,0,213.669,217.626,So if I'm taking this I'm planning to have it with roommates,sale
801,1,217.626,221.583,Okay,sale
801,0,221.583,225.54,so that we could share the price among ourselves,sale
801,1,225.54,229.497,Okay,sale
801,0,229.497,233.454,because I'm a I'm a student and I'm not able to pay that much,sale
801,1,233.454,237.411,Well,sale
801,0,237.411,241.367,So,sale
801,1,241.367,245.324,business,sale
801,0,245.324,249.281,that's what I've been looking for A four bedroom place,sale
801,1,249.281,253.238,This is four bedrooms but there's also an additional recreation room so it could be five bedrooms and the master bedroom is really large,sale
801,0,253.238,257.195,Right But then we do not have that many people coming in to rent it,sale
801,1,257.195,261.152,But,sale
801,0,261.152,265.108,And there's,sale
801,1,265.108,269.065,again,sale
801,0,269.065,273.022,a lot of because if it's for students there's a lot of maintenance that we need to do because there's a lot of other space and it's just not the rooms Right So you have fireplaces and you have like a large kitchen with all appliances and stuff So fireplaces and recreation room those are like extra things that we have to actually take care of,sale
801,1,273.022,276.979,it's in,sale
801,0,276.979,280.936,And,sale
801,1,280.936,284.893,good,sale
801,0,284.893,288.849,if,sale
801,1,288.849,292.806,condition,sale
801,0,292.806,296.763,you're shooting,sale
801,1,296.763,300.72,I wouldn't have to change anything,sale
801,0,300.72,304.677,cheap,sale
801,1,304.677,308.634,when you move in Yeah,sale
801,0,308.634,312.591,Mhm Ah It's not the changing it's about maintaining them,sale
801,1,312.591,316.547,Okay,sale
801,0,316.547,320.504,and there's a there's a big garage tool so and there's like a fence back here and stuff So if students are moving in it will be very hard for us to actually do take care of maintain all of that because you wanted that Myspace was for four of us to move in together,sale
801,1,320.504,324.461,Right,sale
801,0,324.461,328.418,So is it possible to lower it more,sale
801,1,328.418,332.375,The lowest I can do is 230 We put a lot of work into the house and it's pretty large for the area So we'd like to try and sell it for 230,sale
801,0,332.375,336.332,Can you go up to 2:25,sale
801,1,336.332,340.288,No we We would really like to stay closer to 230 because we wanted that list We listed it for,sale
801,0,340.288,344.245,Yeah,sale
801,1,344.245,348.202,"240 so we're already down further than we want to be So For the condition that the house is in and the location and um the amenities we really think 230,000 is a fair price Mhm",sale
801,0,348.202,352.159,Um Yeah Yeah,sale
801,1,352.159,356.116,mm,sale
801,0,356.116,360.073,it's a bit too much for all of us to go in It is basically,sale
801,1,360.073,364.029,Well the neighboring homes the one that is closest to the size of my house,sale
801,0,364.029,367.986,okay,sale
801,1,367.986,371.943,"listed and sold for over 230,000 So we think for the area it is a fair price",sale
801,0,371.943,375.9,But you have only 1846 sq ft Right,sale
801,1,375.9,379.857,Yeah that's,sale
801,0,379.857,383.814,1846,sale
801,1,383.814,387.771,correct,sale
801,0,387.771,391.727,It should be it should be lower for the square feet that you as you're selling,sale
801,1,391.727,395.684,"We think that given the amenities and the location that For 1840 for 1,846 sq ft that",sale
801,0,395.684,399.641,Yeah,sale
801,1,399.641,403.598,"230,000 is a good price And because",sale
801,0,403.598,407.555,Because the amenities anywhere comes with the bad I mean it's a four bedroom it's a big house and it's it's pretty old Even if you have renovated it's pretty old actually Even if it's renovated and stuff there's always going to be problems when the winter kicks it,sale
801,1,407.555,411.512,well we've lived in it for a long time and we just renovated it and we really love the house We're not leaving because it's,sale
801,0,411.512,415.468,Mhm,sale
801,1,415.468,419.425,in poor condition We're just leaving because we've lived here for so long and we don't have anyone to live in The other three bedrooms,sale
801,0,419.425,423.382,Yeah Yeah But it's still pretty well Can you go up to 27,sale
801,1,423.382,427.339,I could do to 29,sale
801,0,427.339,431.296,2 29,sale
801,1,431.296,435.253,Yeah,sale
801,0,435.253,439.209,We can go up to 27,sale
801,1,439.209,443.166,"We're already past where we wanted to be So we would be able to do an additional $1,000 to help out with a roommates rent because you said that you're looking for roommates to move in but we really don't want to go any lower given it's a really good condition house And it's this is the first house that's been listed in Centerville in multiple months So",sale
801,0,443.166,447.123,Okay to 29,sale
801,1,447.123,451.08,Yeah we'd be willing to do to 29,sale
806,1,0.0,4.92,recording,sale
806,0,4.92,9.84,Okay,sale
806,1,9.84,14.76,will start to go through,sale
806,0,14.76,19.68,can you see the recording thing on your side or your,sale
806,1,19.68,24.6,I saw it when you clicked on it and,sale
806,0,24.6,29.52,okay,sale
806,1,29.52,34.44,then I,sale
806,0,34.44,39.36,Okay you got to go,sale
806,1,39.36,44.28,Mhm Yes we're good,sale
806,0,44.28,49.2,Okay Um well,sale
806,1,49.2,54.12,Yeah,sale
806,0,54.12,59.04,we cannot minimize zoom while recording,sale
806,1,59.04,63.96,I,sale
806,0,63.96,68.88,interesting,sale
806,1,68.88,73.8,just saw that Okay,sale
806,0,73.8,78.72,"Okay so I guess for context um as a buyer um I'm like looking for a single family home because my end goal is like trying to resell the house So I'm like looking for a house on the market that's below like the market price compared to other houses So like I guess to start off the negotiation I feel like 240,000 is like way too high when you compare it to like other houses on the market And like because my goal is eventually resell the house in a few years It's like not possible as like a buyer to like pay 2,040,000 So like um how does I think like the first one was like 200 200 Something 200,000 So like how do you think about starting using",sale
806,1,78.72,83.64,Mhm,sale
806,0,83.64,88.56,"like 210,000",sale
806,1,88.56,93.48,"I think 210,000 is pretty low Um for what I'm asking Just because you know the price is a little bit higher than the neighboring houses in the area But if you consider the amenities that we're offering um you know it's fully you know you've got all of the appliance fully furnished Um It's got a lot of my space and you know you're not just paying for the house itself paying for the area",sale
806,0,93.48,98.4,Mhm,sale
806,1,98.4,103.32,I mean centennial Park it's a beautiful place You know the resale value in this house You know obviously you said you want to be able to resell it you know it was just newly decorated,sale
806,0,103.32,108.24,Yeah,sale
806,1,108.24,113.16,You know So even when you do want to resell it will,sale
806,0,113.16,118.08,Mhm,sale
806,1,118.08,123.0,"still be in very nice condition Two and 10,000 is still pretty low",sale
806,0,123.0,127.92,Mhm,sale
806,1,127.92,132.84,You know for all that we're offering really with this house,sale
806,0,132.84,137.76,Um Yeah I guess the dish besides that you know that that page was like both the buyer and seller have this information Do you have any other information about the house,sale
806,1,137.76,142.68,Besides like the appendix that we both had you as,sale
806,0,142.68,147.6,Yeah,sale
806,1,147.6,152.52,you said yes isn't with the area it just really is how nice it is You know comparing it's in the best part of centennial park really,sale
806,0,152.52,157.44,"Okay Because I think like really well hope So 210,000 is too low which makes sense I think my concern is because the house is like a little bit like the 1940s and like it has less square footage than the other houses Like I think there's another listing that was like Almost 2000 m2 and that was still cheaper than the asking price of the house So like what about 215,000",sale
806,1,157.44,162.36,Well it was built in the 40s Um but it's been you know it's been refurnished and since very nice and the layout is very spacious on the inside You know the square footage might not look like as much as the other ones but the layout's been designs that it's very spacious very open and you can really do a lot with the inside you know however you want to you know um decorate set it up like there's really a lot of options there so,sale
806,0,162.36,167.28,trip,sale
806,1,167.28,172.2,yeah,sale
806,0,172.2,177.12,Yeah,sale
806,1,177.12,182.04,"What I'm willing to you know willing to go down on the 250,000 Um how do we feel about 2:25 Shit Okay",sale
806,0,182.04,186.96,Mm to 25,sale
806,1,186.96,191.88,Yeah,sale
806,0,191.88,196.8,I think that sounds good,sale
807,0,0.0,10.133,court Okay,no sale
807,1,10.133,20.267,mhm,no sale
807,0,20.267,30.4,got it,no sale
807,1,30.4,40.533,mm hmm Yeah Okay Um so I'm hoping to sell a house uh nears a national park in Centerville Um Yeah so just give me a second It's pretty much the house has to has four bedrooms and one recreation room We also have 2.5 bathrooms Um The Price I'm hoping to get for the house is uh 200 three Yeah but just give me a sec,no sale
807,0,40.533,50.667,No worry,no sale
807,1,50.667,60.8,The president trying to get for the houses around um $235K,no sale
807,0,60.8,70.933,"Okay well I really like the house but I think that The price of $235,000 is a bit excessive especially considering um the prices of some homes that are nearby The house I'm interested in that are selling for a lot less than that Um So I would definitely want to negotiate the price Um",no sale
807,1,70.933,81.067,Yeah,no sale
807,0,81.067,91.2,How much how much Where the app was asking price again I believe it was 2:40,no sale
807,1,91.2,101.333,Yeah,no sale
807,0,101.333,111.467,"Okay I think that a fair price would be around 2 218,000 Just considering other houses in the area",no sale
807,1,111.467,121.6,"Um But like we also have like houses newly decorated we have like two fireplaces We also have a large eat in kitchen with all the appliances And uh comparing we all the house has uh 1,846 sq ft of space and which is more than the other first listing in appendix two",no sale
807,0,121.6,131.733,Yeah definitely Yeah it's a bit bigger but I still think it's significantly um smaller than other houses That are priced near that Um asking prices to 40,no sale
807,1,131.733,141.867,Mhm Um Yeah The lowest price I'm willing to settle for would be 230K That's like the lowest I can go,no sale
807,0,141.867,152.0,Okay Um I get a,no sale
807,1,152.0,162.133,Or like what's the highest I mean I don't know,no sale
807,0,162.133,172.267,I know it's hard,no sale
807,1,172.267,182.4,Um We also have like a fence backyard and like we have uh we have like a detached garage and um I feel like our this thing is pretty similar to a second list in terms of square feet and like uh like volume manatees are pretty new compared to a lot of houses in the surrounding area,no sale
807,0,182.4,192.533,"mm I guess a counter offer to your 230 I believe um would be how do you feel about 22 Um 2000 20 200 Oh I didn't even say that right sorry it's early Um $222,000",no sale
807,1,192.533,202.667,Mm hmm I cannot be event Yeah Like I cannot sell the house in that christ Uh huh Uh 200 29 work for you,no sale
807,0,202.667,212.8,"I would feel a lot a lot more comfortable if we can baby get it closer to uh 200 200,000 I know it's hard Um She Um $225,000 would make me a lot more comfortable Um",no sale
807,1,212.8,222.933,Mhm I can lower it to 228 and I cannot lower And your lower than that,no sale
807,0,222.933,233.067,Sorry I'm just reading the direction,no sale
807,1,233.067,243.2,noise Yeah,no sale
807,0,243.2,253.333,Um,no sale
807,1,253.333,263.467,238,no sale
807,0,263.467,273.6,Two,no sale
807,1,273.6,283.733,is like my final offer Like I cannot go any lower than that,no sale
807,0,283.733,293.867,are we okay this is Not related are we supposed to take up the full 15 minutes,no sale
807,1,293.867,304.0,I think we don't have to if we end earlier than that,no sale
807,0,304.0,314.133,Okay because I'm like I don't think it will take that long for us Um Okay um Okay so 2 28 I guess how how comfortable would you feel bringing that Down to like 226,no sale
807,1,314.133,324.267,Sorry We're also reading um I would still prefer to hold on to um 200 ft,no sale
807,0,324.267,334.4,Okay,no sale
807,1,334.4,344.533,That's an,no sale
807,0,344.533,354.667,so that's your,no sale
807,1,354.667,364.8,Oh,no sale
807,0,364.8,374.933,last,no sale
807,1,374.933,385.067,yeah,no sale
807,0,385.067,395.2,Okay Yeah Okay,no sale
807,1,395.2,405.333,I do,no sale
807,0,405.333,415.467,What,no sale
807,1,415.467,425.6,Um Yeah like so Are you okay with 228,no sale
807,0,425.6,435.733,Yes 228 would be,no sale
807,1,435.733,445.867,Thank,no sale
807,0,445.867,456.0,fine,no sale
813,0,0.0,4.279,Hello,no sale
813,1,4.279,8.558,Hello,no sale
813,0,8.558,12.837,there This is,no sale
813,1,12.837,17.117,this,no sale
813,0,17.117,21.396,the buyer,no sale
813,1,21.396,25.675,is the seller,no sale
813,0,25.675,29.954,"Oh great So I'm in the market for a house and I like the one that I'm looking at here And I'd like to make an offer of like this Suggested about 220,000",no sale
813,1,29.954,34.233,"Okay well I do know you're able to see my asking price It is $240,000 So uh you're you're lowballing me a little bit but uh",no sale
813,0,34.233,38.512,I know I know but I'm making some comparisons to other homes in the neighborhood that I could go with Um,no sale
813,1,38.512,42.791,yeah definitely,no sale
813,0,42.791,47.071,Would,no sale
813,1,47.071,51.35,Uh,no sale
813,0,51.35,55.629,you like to begin there,no sale
813,1,55.629,59.908,so I can definitely understand your concerns about the,no sale
813,0,59.908,64.187,Okay,no sale
813,1,64.187,68.466,different selling prices Uh I will bring up the point that My house was actually built in 1947 So although the square foot space is a little bit less than you know some of the other houses on the market here uh You are also paying for you know the upkeep of this house You know all the new furniture uh finished Hardwood floors that you know the house that definitely not start with in 1947,no sale
813,0,68.466,72.746,Okay Well the actually the square the square footage is actually of more concern to me and one of the reasons I may consider one of these other homes Um let's see Do we have do,no sale
813,1,72.746,77.025,Uh Yeah,no sale
813,0,77.025,81.304,we have some,no sale
813,1,81.304,85.583,definitely,no sale
813,0,85.583,89.862,room to,no sale
813,1,89.862,94.141,Can,no sale
813,0,94.141,98.42,negotiate,no sale
813,1,98.42,102.7,you,no sale
813,0,102.7,106.979,on that,no sale
813,1,106.979,111.258,further explain your concerns I know uh it is you know for bedroom 2.5 bathrooms so it is a lot of space plus the recreation and that you can do you know whatever you like with but please uh you know explain your concerns I'd like to address those if possible,no sale
813,0,111.258,115.537,Um Mostly it's budgetary concerns So you know,no sale
813,1,115.537,119.816,Okay,no sale
813,0,119.816,124.095,I don't have quite that much to work with So I'm I'm hoping to get something close to this or maybe consider one of the other ones in the neighborhood But,no sale
813,1,124.095,128.374,Okay,no sale
813,0,128.374,132.654,you know my budget is kind of,no sale
813,1,132.654,136.933,Yeah,no sale
813,0,136.933,141.212,limited,no sale
813,1,141.212,145.491,I totally understand You know we're both trying to get the best deal here Bye Okay I'm willing,no sale
813,0,145.491,149.77,Of course,no sale
813,1,149.77,154.049,"to drop to 230,000 How are we feeling this way You would have you",no sale
813,0,154.049,158.329,I'm,no sale
813,1,158.329,162.608,know,no sale
813,0,162.608,166.887,here,no sale
813,1,166.887,171.166,"$10,000 to do whatever you like with the home you know versus actually just paying for the house itself You get new furniture you know update a room trying to give you some wiggle room here",no sale
813,0,171.166,175.445,Yeah okay 230 Let me think about that Looking at the amenities You're dutch garage All right Um Is there any chance I could get you to come to Maybe 2.22,no sale
813,1,175.445,179.724,Uh huh,no sale
813,0,179.724,184.003,28,no sale
813,1,184.003,188.283,But I'd really like to help with this But,no sale
813,0,188.283,192.562,Yeah,no sale
813,1,192.562,196.841,"I you know I also need to I'm selling my house I need money to buy a different house Uh I really cannot go lower than the 230,000",no sale
813,0,196.841,201.12,Yeah Okay All right then 230,no sale
833,1,0.0,7.071,Yes Yeah,no sale
833,0,7.071,14.142,Okay Um I am the buyer I think Yes I love your house,no sale
833,1,14.142,21.213,Okay,no sale
833,0,21.213,28.284,Yeah Um,no sale
833,1,28.284,35.355,It's,no sale
833,0,35.355,42.426,I Oh go ahead,no sale
833,1,42.426,49.497,yeah,no sale
833,0,49.497,56.568,Yeah,no sale
833,1,56.568,63.639,I was gonna say it's a four bedroom one recreation room And 2.5 Bathroom House,no sale
833,0,63.639,70.71,"Yeah That's that's wild That's uh it's very lovely I love it very much However I think that I've been looking at other houses in the area and um I would I would like to make an offer for $225 $225,000",no sale
833,1,70.71,77.781,"Oh I'm afraid that's way too low for me I'm willing to go 200 37 $237,000",no sale
833,0,77.781,84.852,I feel that that's too high Um If you look at the listing,no sale
833,1,84.852,91.923,This,no sale
833,0,91.923,98.994,um nearby your home that's I think it's a second on the list I don't know if we have the same list or not,no sale
833,1,98.994,106.065,Mhm,no sale
833,0,106.065,113.136,Uh But it has more square feet and they're going for 2:33,no sale
833,1,113.136,120.207,Yeah but do you think they have the nice amenities that I can provide We have finished hardwood floors two fireplaces in the master bedroom You know how hard it is to find hardwood floors in houses these days Most of them are carpeted and carpets are disgusting,no sale
833,0,120.207,127.278,That's a very accurate statement However it would still cost me less to buy their house and put in a hardwood floors What if I upped my offer to 2:30,no sale
833,1,127.278,134.349,Mm That's still a bit too little Unfortunately I I'm willing to go forward 2 35,no sale
833,0,134.349,141.42,Alright It's a deal,no sale
836,0,0.0,5.826,Hi,sale
836,1,5.826,11.652,Uh huh,sale
836,0,11.652,17.479,Oh,sale
836,1,17.479,23.305,Okay,sale
836,0,23.305,29.131,um okay I guess I would start I just wanna make,sale
836,1,29.131,34.957,Yeah,sale
836,0,34.957,40.784,sure thing is reporting Okay,sale
836,1,40.784,46.61,Yeah,sale
836,0,46.61,52.436,Um Hi so I guess I'm interested in purchasing this home um That was brought up I'm just wondering I guess what was your asking price And I'm hoping to be able to to sell her to buy it around to 30K or around that range And I was wondering if that was it's going to work with you,sale
836,1,52.436,58.262,Yeah you're totally fine Um yeah I asked asking price was 240 k And,sale
836,0,58.262,64.089,Uh,sale
836,1,64.089,69.915,I'd,sale
836,0,69.915,75.741,Huh,sale
836,1,75.741,81.567,be willing to go down five K And I if need be I prefer to go only five cable if need be I could go down 10-K 2 to 35 or 2 30 K,sale
836,0,81.567,87.394,Okay,sale
836,1,87.394,93.22,Um,sale
836,0,93.22,99.046,Um,sale
836,1,99.046,104.872,Yeah,sale
836,0,104.872,110.698,Yeah I mean ultimately I would like to be able to stay around 2 30 I was actually doing some research around the neighborhood and I found some similar um listings with a few of the same characters This is this home that I really,sale
836,1,110.698,116.525,Mhm,sale
836,0,116.525,122.351,like Um But their asking prices were a lot lower around like 2 to 15 to 2 30 So I think to 30 seems like a reasonable price for um comparably to the other homes and that works,sale
836,1,122.351,128.177,I,sale
836,0,128.177,134.003,with you,sale
836,1,134.003,139.83,um,sale
836,0,139.83,145.656,Yeah Yeah,sale
836,1,145.656,151.482,I think if you were to compare solely on square feet I can see where um your argument lives But I think also considering the amenities this house has um it's,sale
836,0,151.482,157.308,Yeah,sale
836,1,157.308,163.135,like it's location,sale
836,0,163.135,168.961,Yeah,sale
836,1,168.961,174.787,is incredibly ideal in relation to like the city and restaurants and transportation It also has like um very nice landscaping So I feel like if you consider um not only square feet of the house but also what the house has itself with its inside amenities and outside amenities I think to 35 K would seem about right,sale
836,0,174.787,180.613,Um I guess let's see Let me read a little bit more about,sale
836,1,180.613,186.439,you're,sale
836,0,186.439,192.266,this,sale
836,1,192.266,198.092,fine,sale
836,0,198.092,203.918,isn't sorry,sale
836,1,203.918,209.744,you're old,sale
836,0,209.744,215.571,Um,sale
836,1,215.571,221.397,Mhm,sale
836,0,221.397,227.223,mm Yeah Mm Okay So is your yes the the lowest that you're willing to to negotiate for a maximum of he said and 2 - 35 he said,sale
836,1,227.223,233.049,Yeah I'd be fine with 2 35 But if you want to meet in between like two you said you wanted to 30 I think and,sale
836,0,233.049,238.876,Yeah Because I think yeah similarly like some of the similar listings I know you mentioned like there were there were different amenities that um this home specifically has but I was looking for a kind of a range between that was similar to the location around it So yeah too to 30 K,sale
836,1,238.876,244.702,mm I'm like I am at 2:35 I'm willing to meet in the middle maybe at like 2:32 If you are,sale
836,0,244.702,250.528,Um Okay Sage,sale
836,1,250.528,256.354,I,sale
836,0,256.354,262.181,Mm,sale
836,1,262.181,268.007,would,sale
836,0,268.007,273.833,hmm,sale
836,1,273.833,279.659,not be willing to go to 2:30 though,sale
836,0,279.659,285.485,2 30 one reasonable with you,sale
836,1,285.485,291.312,Is that so different from 2:32,sale
836,0,291.312,297.138,Yeah I mean you're asking you're saying that you're not going to go down to 2.3 So I mean I,sale
836,1,297.138,302.964,Yes,sale
836,0,302.964,308.79,just want to,sale
836,1,308.79,314.617,but,sale
836,0,314.617,320.443,make,sale
836,1,320.443,326.269,I'm already,sale
836,0,326.269,332.095,it,sale
836,1,332.095,337.922,going down from 235 to 232,sale
836,0,337.922,343.748,right,sale
836,1,343.748,349.574,compensate,sale
836,0,349.574,355.4,but my my budget was around the same I was kind of facing off of what was similar to listens around the neighborhood The price,sale
836,1,355.4,361.226,Oh,sale
836,0,361.226,367.053,ranges between 2 22 - three,sale
836,1,367.053,372.879,well I if you consider like the inside amenities like the house itself is a very well furnished and it's very up to date So in that aspect you probably won't have to spend additional money to touch up the house and for the other promises that have similar listing,sale
836,0,372.879,378.705,Mhm,sale
836,1,378.705,384.531,prices You you really never know how the conditions truly are So I think if you consider everything not just some the selling price based off the square feet I think it's still quite a good deal,sale
836,0,384.531,390.358,I mean for me I think I know that it's not going to be a place that I will most likely stay for a very long time So I'm fine with choosing a place that may not be as optimally furnished if,sale
836,1,390.358,396.184,Mhm,sale
836,0,396.184,402.01,I'm going to be relocating at some point So I think I still want to keep within my budget and the price ranged I was looking at So whatever I think is I think my maximum will the max I'm willing to pay for this specific listing would be 2 30 That would be I guess Yeah Oh,sale
836,1,402.01,407.836,Well I'm willing to do to 32,sale
836,0,407.836,413.663,um is there a reason why you specifically well limited to 2 32 versus 2 30,sale
836,1,413.663,419.489,Well considering I'm really going down a K Whereas I feel like you haven't adjusted to match my price I feel like I'm already being very um like what's the word hopeful about it Like I'm willing to drop the price a decent amount for your needs So I think if I keep going it be a bit unfair,sale
836,0,419.489,425.315,Okay I think I can agree with you on that,sale
836,1,425.315,431.141,Mhm,sale
836,0,431.141,436.968,sense So I think to 30 cheese seems like a reasonable reasonable price for this home,sale
836,1,436.968,442.794,Mhm No Yeah I'd be on 5-32,sale
836,0,442.794,448.62,Yeah Okay Sounds good,sale
90,1,0.0,26.285,Hi Hello can you hear me,sale
90,0,26.285,52.57,Yes I can can you hear me,sale
90,1,52.57,78.855,Yes I can hear you brilliant,sale
90,0,78.855,105.14,perfect,sale
90,1,105.14,131.425,So uh what do you what brings you to be interested in this house,sale
90,0,131.425,157.71,Has it has it started yet,sale
90,1,157.71,183.995,I believe we got the message from from [PERSON],sale
90,0,183.995,210.28,Oh did we Okay perfect Alright um I've been interested in buying the house Um What what was your asking price again,sale
90,1,210.28,236.565,"My asking price is 240,000",sale
90,0,236.565,262.85,"240,000 Okay Um I'm a bit short on that Um I like to ask if you would accept 200,000",sale
90,1,262.85,289.135,"Unfortunately 200,000 would be quite a bit lower A lot of the neighboring homes that have recently been sold sold for a lot higher than that just with the similar similar um area of land and space And I think this house is also quite a bit nicer than some of them as well Um so really really looking for 240,000 but um if you again if you can't have that I'd still love to sell the house to you So even something like 2000 and uh 39 or 38,000 even maybe um you know I would be perfectly happy with that as well",sale
90,0,289.135,315.42,"and there stood and there stood um look I really like the house it really caught my attention but the asking price is still I mean it's still a little bit too high I don't think I can't afford all that at the moment because um there are more expenses after buying the house and I probably need some extra money to uh huh Use that as the expenses Um I don't know if he'd be willing but I could I could try 219,000 How's how's that sound",sale
90,1,315.42,341.705,"Mm 219,000 is probably still um quite a bit lower Just as a just um you know I understand that uh it might be a little bit more money However I do think that you would be getting your money's worth Um This is also you know the most recent house that's been put on the market here for quite a while So you might not you know you might not get that opportunity again for a little while sir Um I would really really um think that this house is probably worth a little bit more than that Um And so again 2000 238,000 would be what I would say is is a good good starting price Um And you know if there are if there are ways that you can potentially find ways to save on money um Yeah I mean I I think you would really find that you would appreciate this this house and the sort of different amenities that it has",sale
90,0,341.705,367.99,understood Um as I said before I just can't that that price is way way too high for me It's not it won't be possible for me to pay that amount of money Um I can maybe I can go a little bit higher but um as high as you're asking I don't know if we're gonna get into an agreement it's too high for me I can go a little bit more maybe about 220 G 21,sale
90,1,367.99,394.275,mm hmm Um Are you possibly able to pay any more than that I do understand that it is more than you were hoping for But I really do think that the value that you would get out of this house would be worth more than that,sale
90,0,394.275,420.56,understood And they say well I'm trying um to to see if we can get the middle term but um your price is still way too close to the to the asking price and it's just not in my budget,sale
90,1,420.56,446.845,So what I was hoping you,sale
90,0,446.845,473.13,could negate should be a little bit lower,sale
90,1,473.13,499.415,"Of course Of course yes Well just as a just as a comparison so the most the closest in terms of the square feet um in this area that has been sold recently Is about 200 and 39,000 almost So you know I am trying to bring it down for you but I also want to keep in mind the similar values of the neighboring houses but what I can propose to you would be 2000 200 and Uh 234,000 which is very very close to some of the houses that aren't quite as nice but do have maybe a similar square feet in this area",sale
90,0,499.415,525.7,"understood Okay Okay I mean sounding a little bit better what as I said I mean there's still our expenses I need to take care of and maybe repairing maybe modifying parts of the house I understand it's a rich neighborhood I understand its value might go up during the years but I don't I don't think I will be able to afford 234,000 I had I had a little bit of um out of other plans in mind and yeah it's not it's not much money I have to go over Um Maybe maybe I can give you I can try um 224,000",sale
90,1,525.7,551.985,"Yeah well um that's definitely closer to what I would say is probably definitely in the in the ballpark of this area I would say it's still is quite a bit lower than very similar houses around So but what I what I can do because I I understand that you know it is difficult and um you know I do think that you know you might be a really great fit for this house so I will try and push it down Um I think maybe even you know if I can push it down to 200 28,000 if that that would be Um about 5000 less than what I was just offering Um You know what would that be something that you would be able to afford",sale
90,0,551.985,578.27,"That's that's just a lot closer than before its way closer Um I had a value in mind and I would still need some of the money How does 226,000 sounds",sale
90,1,578.27,604.555,"226,000 That would be um would be about 7,000 6000 less than the sort of comparable houses in the area So that would be be quite a bit less than the other houses Um However you know if you are willing to go a little bit higher than that just a little bit higher than that You know 200 27,000 seems to be a good compromise between what I was offering earlier and between what you're offering However yeah I really don't see it getting any lower than that",sale
90,0,604.555,630.84,"understood Um It was I was at my limit now that was that was really my limit I don't think I could go a couple of thousands higher I'm really short Can't it's really close But yes $1,000 is a lot of one",sale
90,1,630.84,657.125,"Yeah I do understand that However you are getting quite a large house with a lot of amenities It is definitely one of the nicest houses in this area Um You know the location is going to only going to appreciate Um And you know I think I really do think uh you know 227,000 is more than a fair price considering You know the asking price originally was 240,000 So you know I understand that it is difficult but I hope that you can find some ways to save um and hopefully make it back in the future through this through this house",sale
90,0,657.125,683.41,Understood I'm thinking a little bit I mean I'm not sure I'm not really sure I will I have to I think I have too many expenses Yeah Look um World I guess we'll when you let me see um Are you really sure you can do 226 That would help me so much,sale
90,1,683.41,709.695,"Uh You know I would I really would love you to be able to buy this house Um Yeah I understand that It is difficult It is also difficult for me Um uh So I do I do want to be able to um make back some of some of the expenses that I have cancer um I do think that transit in 26,000 is a um is a is a you know it's a good price But I think transition 27,000 is um more of a fair price in terms of just comparing to other houses on the market",sale
90,0,709.695,735.98,I did take a look at uh at some neighborhood houses and there is one with approximately the same square feet Um There's one even lower for a little bit less of square feet but it's way lower than the asking price for this house Um 100ft lower and it's way cheaper and the asking price,sale
90,1,735.98,762.265,"right Um I understand that However it also has been quite a while since there have been any houses on the market in this area and so you know in that time the value would have gone up It's also a little bit difficult to tell if there will be any other houses on the market in this area for a while And so I do think that you know if you look at some of the other houses that have very similar square feet space um 227,000 is actually quite a fair bit lower than that",sale
90,0,762.265,788.55,Okay Okay Mhm Yeah I'm still a little bit bothered at all I don't know I'm not sure I can make this decision right now because I'm coming from let's say uh maybe cheaper neighborhood maybe my house wasn't worth as much and you have a limited amount of money So I'm not I'm not really sure as I told you before I'm I'm at my limit I'm really at my limit,sale
90,1,788.55,814.835,"right I understand that So is so is it possible to go a little bit higher than 226,000 other ways that you can save money on particular expenses just until you make that back or um is there any other any other way that you could save a little bit more Uh and get a little bit you know get you to that 227,000 Mhm",sale
90,0,814.835,841.12,"mm Maybe maybe No I was at my lemon that's that's the problem I don't know if I can afford $1,000 more",sale
90,1,841.12,867.405,"I do understand that Um And I you know I really do want you to be able to have this house um Because you know I think it would it would be a really good fit and it would be really nice for you to be able to have this house Um So you know if there really isn't any way then no way at all that you could you could possibly move move it up to 227,000 I do think it's more than fair just because of you know the other houses",sale
90,0,867.405,893.69,Right I'm looking at the price is right now at the neighborhood houses Mhm I mean it really I really needed 226 I don't I don't think I can go I can go a little bit more up really trying,sale
90,1,893.69,919.975,mm Yeah I mean it would be really hard for me to do that Yeah I think because I've already I've already have lowered the price quite a lot,sale
90,0,919.975,946.26,understood Um,sale
